price,pred
326,767.13226
326,780.2404
327,920.35223
334,706.98627
335,575.1308
336,663.4031
336,776.6275
337,664.91345
337,829.606
338,718.14435
339,604.29266
340,617.3242
342,731.6057
344,593.75226
345,710.8018
345,860.61096
348,633.2354
351,604.29266
351,604.29266
351,610.745
351,613.37744
352,866.15295
353,718.14435
353,624.2606
353,624.2606
354,840.69714
355,680.564
357,655.9093
357,944.14996
357,853.33044
402,853.33044
402,853.33044
402,930.1737
402,930.1737
402,1013.9291
402,844.3191
402,920.35223
402,733.9633
403,1008.1887
403,676.2081
403,676.2081
403,666.19434
403,997.54443
403,1071.2656
403,698.55414
403,852.6984
403,706.0113
403,698.55414
404,904.8931
404,661.1474
404,756.2627
404,799.6286
404,710.48627
404,856.45294
404,933.5771
405,633.2354
405,574.75867
405,665.7688
405,665.7688
405,658.7361
552,875.0081
552,1035.5851
552,1046.6349
552,1046.6349
552,814.70355
553,958.00037
553,945.03326
553,808.6097
553,817.24
553,1108.1653
553,1195.1787
554,725.742
554,733.48895
554,733.48895
554,718.0764
554,978.56335
554,1066.6708
554,1162.7035
554,1162.7035
554,1145.4954
554,1145.4954
554,1248.6182
554,1089.5549
554,754.3967
554,1133.4028
554,932.655
554,855.6066
554,855.6066
554,796.713
554,702.98193
2757,2302.7124
2757,2915.907
2757,2081.3484
2759,2474.391
2759,2104.7083
2759,2395.3386
2759,2359.903
2759,3328.8403
2760,2407.1853
2760,2189.3545
2760,2741.055
2760,2541.5889
2760,2115.3179
2760,2297.2712
2760,2340.9863
2760,2162.0747
2760,2386.3672
2761,2204.849
2761,2502.1387
2761,2242.0383
2761,2448.031
2761,2340.293
2761,2684.0366
2762,2070.909
2762,2422.4277
2762,2422.4277
2762,2422.2002
2762,2127.3547
2762,2472.7922
2762,2448.031
2762,2388.9504
2762,2513.1475
2762,2221.0222
2762,2174.3953
2762,2174.3953
2762,2244.7075
2763,2784.5496
2763,2499.4187
2763,2511.8171
2763,2511.8171
2763,2225.2942
2764,2511.544
2764,2565.396
2765,2420.8833
2765,2339.4937
2765,2599.932
2765,2437.7864
2765,2463.7834
2765,2027.4165
2766,2260.5947
2766,2104.906
2766,2104.906
2767,2638.721
2767,2385.0698
2767,2388.9504
2767,2133.0437
2768,2236.5305
2768,2623.792
2768,2457.2341
2768,2302.7124
2768,2363.7417
2769,1780.4396
2770,2725.8022
2770,2198.9878
2770,2358.1575
2770,2664.8875
2770,2159.3
2770,2198.9878
2770,2361.4087
2770,2495.722
2770,2198.9878
2771,2252.1472
2771,2208.4546
2771,2127.3547
2771,2395.093
2772,2471.949
2772,2396.6416
2772,1982.6782
2772,2161.1013
2772,2448.281
2773,2607.262
2773,2666.861
2774,3550.2485
2774,2133.973
2774,2302.7124
2774,2254.8281
2775,2423.9941
2776,2128.7302
2776,2500.7783
2776,2527.447
2776,2009.8691
2776,2009.8691
2776,2024.8145
2776,2024.8145
2776,2106.266
2776,1981.0245
2777,2833.608
2777,2294.323
2777,2270.1133
2777,2246.159
2777,2246.159
2777,2472.7922
2777,2446.7002
2777,2278.414
2777,2278.414
2777,2278.414
2777,2278.414
2777,2278.414
2777,2302.7124
2777,2183.7395
2777,2254.372
2777,2278.414
2777,2278.414
2777,2395.3386
2777,2927.1602
2777,2489.8237
2777,2254.372
2778,1895.4121
2779,1996.1478
2779,2513.1475
2780,2221.0222
2780,2399.9458
2780,2318.7908
2780,2439.3418
2780,2235.0852
2781,3569.7283
2781,2072.2314
2781,2118.0352
2782,2097.237
2782,2098.365
2782,2373.0886
2782,2572.2559
2782,2627.4104
2782,2552.5312
2782,2622.098
2782,2594.43
2782,2483.4373
2782,2522.8672
2782,2331.7668
2783,2035.4216
2784,2320.29
2784,2444.0557
2787,2320.29
2787,1854.4194
2787,2538.567
2788,2315.0251
2788,2447.195
2788,2303.3958
2788,2668.5842
2788,2523.1042
2788,2159.3
2788,3769.0454
2788,3226.6167
2789,2384.8457
2789,2543.2322
2789,2597.7637
2789,2597.7637
2789,2932.791
2789,2295.5723
2789,2302.7124
2789,1993.9617
2789,2223.6663
2789,2421.1108
2789,2599.932
2789,2364.443
2789,2871.2297
2790,2427.5652
2790,2447.4263
2790,2613.9653
2790,2463.7834
2790,2463.7834
2791,2316.067
2791,2458.8018
2792,2328.7744
2792,2328.7744
2792,2353.6094
2792,2410.506
2792,2410.506
2792,2484.1743
2792,2436.2112
2793,2310.126
2793,2420.8833
2793,2395.3386
2793,1997.4215
2793,2038.9534
2794,2744.5757
2795,2474.391
2795,2542.3418
2795,2502.1387
2795,2465.3767
2795,2415.988
2795,2408.126
2795,2403.0295
2795,2151.4329
2795,2896.2522
2796,2381.7852
2797,2061.8376
2797,2867.2346
2797,2538.3271
2797,2538.3271
2797,2538.3271
2797,1968.9293
2797,2203.2046
2797,2174.3774
2797,2237.9575
2797,2237.9575
2797,2470.3716
2797,2422.2002
2797,4047.3806
2797,2326.256
2798,2192.374
2799,2789.3645
2799,2557.4417
2799,2989.5967
2800,2177.5996
2800,2278.661
2800,2627.4104
2800,2302.963
2800,2575.298
2800,2575.298
2800,2313.0945
2800,2413.6025
2800,2290.3633
2800,2273.4578
2800,2442.496
2801,3234.256
2801,2422.4277
2801,2396.867
2801,1983.5704
2801,2294.323
2801,2246.159
2801,2246.159
2801,2294.323
2801,3497.0293
2801,2657.161
2802,2562.3826
2802,2080.4124
2802,2556.0513
2802,2518.2393
2803,2221.0222
2803,2460.3904
2803,2127.3547
2803,2458.8018
2803,2165.0742
2803,2294.323
2803,2294.323
2803,2260.381
2803,2399.9458
2803,2104.906
2803,2452.991
2803,2236.5305
2803,3698.9902
2804,2474.391
2804,2474.391
2804,2612.2988
2804,2457.2341
2804,2545.094
2804,2491.6677
2804,2482.3357
2804,2509.922
2804,2622.098
2804,2622.098
2804,2421.1453
2805,2449.844
2805,2449.844
2805,2289.6838
2805,2208.8877
2805,2396.867
2805,2174.3774
2805,2373.108
2805,2620.955
2806,2413.3757
2806,2582.427
2806,2112.603
2807,2437.7864
2807,2437.7864
2807,2280.1157
2808,2326.256
2808,2385.0698
2808,3103.8894
2808,2273.0305
2808,2193.553
2808,2623.792
2809,2630.5393
2809,2941.3174
2809,2136.5134
2809,5238.1685
2810,2385.0698
2810,2385.0698
2810,2550.8818
2810,2359.903
2810,2336.2717
2811,2307.1611
2811,3264.8838
2811,2968.1777
2811,2744.873
2812,2188.1643
2812,2221.0222
2812,2230.5837
2812,2221.0222
554,702.98193
554,702.98193
554,710.48627
554,702.98193
554,695.55676
554,710.48627
554,733.48895
554,733.48895
554,733.48895
554,725.742
554,718.0764
554,741.3185
554,725.742
554,688.2099
554,737.12036
555,1060.6326
555,1060.6326
555,881.4305
555,868.9365
555,868.9365
555,856.0728
555,856.0728
555,931.96436
555,993.9
555,901.5021
555,1083.1831
556,967.51447
556,832.80365
556,867.8205
556,1014.57635
2812,2221.0222
2812,2221.0222
2812,2565.396
2812,2704.2698
2812,2612.5444
2812,1854.4194
2813,2826.3574
2813,3061.5708
2813,2685.772
2814,2597.7637
2814,2625.466
2814,2541.5889
2815,2354.072
2815,2195.958
2815,2413.6025
2815,1778.1543
2815,1778.1543
2815,1778.1543
2815,1778.1543
2815,2385.3281
2815,3256.8643
2815,2482.1025
2815,2556.0513
2815,3628.3464
2815,3347.4375
2816,2355.829
2816,1971.4597
2816,2865.6758
2816,2489.8237
2816,2401.2524
2816,2362.693
2817,2328.7744
2817,2064.8755
2817,2527.447
2817,2500.7783
2817,2244.9194
2817,2328.7744
2817,2328.7744
2817,2353.6094
2817,2328.7744
2817,2488.7195
2817,2279.8875
2818,2446.7002
2818,2446.7002
2818,2446.7002
2818,2939.738
2818,2761.694
2818,2212.7034
2818,2655.429
2818,2627.4104
2818,2244.7075
2818,2627.4104
2818,3057.9746
2819,2285.9644
2819,2142.2104
2819,2359.903
2819,2703.7217
2820,2284.4883
2821,2568.6924
2821,2612.5444
2821,2111.6528
2821,2432.8572
2821,2381.7852
2821,2432.8572
2821,2432.8572
2821,2651.772
2821,2407.1853
2822,2627.4104
2822,2556.0513
2822,2556.0513
2822,2556.0513
2822,2446.7002
2822,2102.403
2822,2367.7039
2822,2255.8115
2822,2538.3271
2822,2538.3271
2822,2483.4373
2822,2509.922
2822,2410.766
2822,2565.396
2822,2446.7002
2822,2446.7002
2822,2509.922
2822,2230.5837
2822,2509.922
2822,2509.922
2822,2446.7002
2822,2244.7075
2822,2509.922
2823,2785.785
2823,2446.965
2823,2500.7783
2823,2342.2463
2823,2457.499
2823,2353.6094
2824,2725.8022
2824,2354.3066
2824,2807.3125
2824,2557.4417
2824,2758.1501
2825,2260.381
2825,2337.7622
2825,2336.4924
2825,2337.7622
2825,3588.1062
2825,2511.8171
2826,2805.4988
2826,2572.2559
2826,2327.5215
2826,2627.4104
2826,2638.721
2826,2627.4104
2826,2302.963
2826,2489.8237
2826,3234.256
2827,2457.2341
2827,2727.5647
2827,2652.5576
2827,2364.6665
2827,2364.6665
2828,2337.2896
2828,3226.6167
2829,2518.2393
2829,2584.7354
2829,2407.639
2829,2545.094
2829,2366.779
2829,2640.1562
2830,2474.391
2830,2028.7266
2830,3305.7327
2830,1937.3096
2830,1937.3096
2830,2179.9695
2830,2969.4692
2831,2393.566
2831,2405.6309
2831,2568.6924
2831,2380.247
2831,2359.662
2832,2320.29
2832,2353.8643
2832,2427.337
2832,2439.1125
2832,2311.6008
2832,2463.7834
2832,2244.9517
2833,2134.204
2833,2370.509
2833,2638.721
2833,2695.2988
2833,2148.8738
2833,2298.521
2833,2112.603
2834,2589.9512
2834,2376.1382
2834,2156.9526
2834,1937.3096
2834,2086.7012
2834,2268.893
2834,2678.6313
2834,2498.9275
2835,2601.346
2835,2244.9194
2835,2472.7922
2835,2583.309
2835,2405.6309
2835,2503.9907
2836,2263.0732
2836,2448.281
2837,2627.4104
2837,2655.429
2838,2159.3
2838,1984.8522
2838,2632.239
2838,2518.2393
2838,2244.7075
2838,2244.7075
2838,2211.5005
2838,2244.7075
2838,2254.372
2838,2244.7075
2838,2244.7075
2838,2211.5005
2839,2460.3904
2839,2490.0588
2839,2436.2112
2839,2490.0588
2839,2463.7834
2839,2463.7834
2839,2463.7834
2839,2436.2112
2839,2222.4392
2839,2472.7922
2839,2235.0852
2839,2427.337
2839,2463.7834
2839,2507.2083
2839,2463.7834
2840,2339.4937
2840,2148.4697
2840,2112.603
2840,2294.323
2840,3780.7341
2840,2586.3843
2840,2339.7136
2841,2396.867
2841,2896.2341
2841,2623.792
2841,2557.4417
2841,2557.4417
2841,2503.7554
2841,1895.4121
2841,3492.542
2841,3208.6875
2841,2680.05
2841,2396.867
2841,2361.4087
2842,2340.9863
2842,2244.7075
2843,2420.8833
2843,2420.8833
2843,2474.391
2843,2449.6128
2843,2511.544
2843,2562.864
2843,2546.7395
2843,2583.309
2843,2502.1387
2843,2453.2227
2844,2407.1853
2844,2599.6875
2844,2786.0642
2844,2698.8008
2844,2324.7542
2845,2420.8833
2845,2420.8833
2845,2301.7107
2845,5695.878
2846,3055.671
2846,2491.6677
2846,2351.2864
2846,3125.5596
2846,2941.6372
2846,2458.8018
2846,2302.7124
2846,2197.5845
2846,2655.178
2846,2399.9458
2846,2577.2053
2847,2364.221
2847,2405.6309
2847,2831.5107
2848,2349.787
2848,2190.739
2848,2498.9478
2849,2715.617
2849,2837.2488
2850,2420.8833
2850,2268.6475
2850,1669.5393
2850,4503.668
2851,2573.655
2851,2652.0212
2851,2792.9473
2851,2496.2266
2851,2305.6714
2852,2476.455
2852,2240.8323
2852,2115.3179
2852,2458.8018
2852,2527.7207
2853,2294.323
2853,2212.9292
2853,2845.5151
2853,2815.4917
2853,2328.7744
2853,2419.8083
2854,2391.2034
2854,2599.6875
2854,3821.4604
2854,2612.5444
2854,2438.0505
2854,2438.0505
2854,2464.0515
2854,2697.3335
2854,2627.4104
2854,2477.8035
2855,2371.5754
2855,2982.8562
2855,2910.5571
2855,3790.4878
2856,3147.381
2856,3333.1174
2856,3333.0889
2856,2102.403
2856,2245.9285
2856,3305.7327
2856,3012.7417
556,1014.57635
556,1014.57635
556,845.3185
556,917.49615
556,1015.1368
556,1015.1368
556,1015.1368
556,927.2872
556,1047.9805
556,1043.4939
557,924.5839
557,924.5839
557,924.5839
557,924.5839
557,924.5839
557,924.5839
557,887.0158
557,873.88434
557,873.88434
557,795.0255
557,866.62445
557,795.0255
557,803.51105
557,866.62445
557,760.23206
557,760.23206
557,768.3467
557,726.2055
557,703.43695
557,718.53534
2856,3057.9746
2856,2435.9824
2856,2435.9824
2857,2762.237
2857,2736.0647
2857,2405.6309
2857,2684.0366
2857,2380.247
2858,2400.1724
2858,2630.5393
2858,2630.5393
2858,2500.7783
2858,2446.7002
2858,2500.7783
2858,2474.391
2858,2395.5786
2858,2625.466
2858,2680.05
2858,2725.8022
2858,2762.237
2858,2678.6313
2858,2640.4258
2859,2695.2988
2859,2666.861
2859,2809.1035
2859,2284.4883
2859,2666.861
2859,2604.7097
2859,2819.1082
2860,2270.1133
2860,2112.8318
2860,2291.595
2860,2927.1182
2860,1937.3096
2861,2538.3271
2861,2015.0382
2861,2015.0382
2861,2499.433
2861,2427.5847
2861,2758.1501
2861,2624.0386
2862,2457.2341
2862,2573.655
2862,2847.3547
2862,2544.8547
2862,2811.184
2862,1909.5067
2862,2420.8833
2862,2470.1194
2862,2446.7002
2862,6157.3433
2862,4047.3806
2862,2612.5444
2863,2685.772
2863,2565.396
2863,2548.1235
2863,2643.5486
2863,2538.3271
2863,2538.3271
2863,2538.3271
2863,2565.396
2863,2538.3271
2863,2538.3271
2863,2343.7744
2863,2462.4592
2863,2226.9424
2863,2328.7744
2863,2370.0442
2863,2380.247
2863,2527.447
2864,2727.285
2865,2278.876
2865,2651.772
2866,2406.1038
2866,2406.1038
2866,2714.1187
2866,2364.6665
2866,2849.7476
2867,2366.1943
2867,2695.2988
2867,2416.9312
2867,2351.0654
2867,3362.1655
2867,2557.4417
2867,1895.4121
2867,2557.4417
2867,2557.4417
2867,2530.4556
2867,2411.8174
2867,3328.8403
2868,1965.3453
2868,2323.7085
2868,2583.0664
2868,2514.7712
2869,4942.1133
2869,2405.6309
2869,2323.7085
2869,2562.864
2869,2300.4395
2870,1746.4016
2870,2849.1714
2870,2474.6235
2870,2411.8174
2870,1940.6721
2870,2207.0276
2870,2482.3357
2870,2805.4988
2870,2943.514
2871,2407.1853
2871,2381.7852
2871,2293.0898
2871,1819.7969
2871,2359.662
2872,2431.305
2872,2741.055
2872,2847.6387
2872,1766.964
2872,2509.922
2872,2230.5837
2872,2509.922
2872,2509.922
2872,2457.2341
2872,2529.081
2872,2513.1475
2872,2549.7712
2873,2532.3298
2873,2627.1636
2873,2444.8894
2873,2927.1365
2873,3283.816
2873,2421.1453
2873,2293.0898
2873,2244.9517
2873,2421.1453
2873,2421.1453
2873,2293.0898
2874,2673.7178
2874,2725.8022
2874,2410.506
2874,2410.506
2874,2374.8462
2874,2436.2112
2874,2436.2112
2874,2436.2112
2874,2374.8462
2875,3057.9746
2875,2072.2314
2875,3187.3865
2875,3012.7417
2875,3057.9746
2876,2805.4988
2876,2978.706
2877,2097.237
2877,2714.1187
2877,2271.5627
2877,2290.5972
2877,2359.903
2878,2518.0027
2878,2518.0027
2878,2785.785
2878,1790.5717
2878,2571.9932
2879,2208.4546
2879,2791.955
2879,2410.506
2879,2463.7834
2879,2451.1768
2879,2451.1768
2879,2805.516
2879,2439.3628
2879,2545.094
2880,2207.2676
2880,2681.783
2881,2364.6665
2881,2474.391
2881,3279.2673
2882,2486.0142
2882,1980.1345
2882,2396.867
2882,3001.1584
2882,2396.867
2883,2622.098
2883,2483.7075
2883,2457.499
2884,2995.6978
2885,2808.8396
2885,3178.887
2885,2723.785
2885,2746.3503
2885,3468.6821
2886,2458.8018
2886,2405.6309
2887,2511.544
2887,2627.4104
2888,2290.3633
2889,2454.8088
2889,2420.8833
2889,2385.0698
2889,2483.7075
2889,2437.7864
2889,1841.5594
2889,1841.5594
2889,2305.6714
2889,2615.9014
2889,2655.178
2890,2628.8396
2890,2628.8396
2890,2601.1016
2890,2546.5002
2890,2361.6316
2891,2474.391
2891,2318.7908
2891,2527.447
2891,2527.447
2891,2622.098
2891,2668.5842
2892,2349.3254
2892,4313.8164
2893,2437.7864
2893,2297.0554
2893,2453.2227
2893,2530.6946
2893,2315.0251
2893,2245.9285
2893,2272.816
2893,2466.7178
2893,2493.0232
2894,2670.0356
2894,2295.5723
2894,2408.7222
2895,2082.6943
2895,2385.0698
2895,2400.1724
2896,2388.1348
2896,2374.623
2896,2374.623
2896,1937.3096
2896,3055.671
2896,2289.6838
2896,2723.785
2896,2655.178
2896,2727.5815
2896,2786.0642
2897,2445.3699
2897,2597.7637
2897,2190.739
2897,2405.6309
2897,2465.3767
2897,2910.5571
2898,3454.16
2898,2799.8262
2898,2924.9521
2898,2958.3738
2898,2359.662
2898,2359.662
2898,2359.662
2898,2359.662
2898,2359.662
2898,2359.662
2899,2496.7173
2900,2068.2522
2900,2991.8105
2901,2601.1016
2901,2727.285
2901,2698.5085
2901,2698.7622
2902,2612.5444
2902,2640.4055
2902,2162.0747
2902,2422.4473
2902,2500.7783
2903,2770.2834
2903,2799.8262
2903,2622.098
2903,2594.43
2903,2556.0513
2904,2518.0027
2904,2785.785
2904,2599.6875
2904,2394.0159
2905,2349.787
2905,2349.787
2905,2349.787
2905,2082.6943
2905,2613.074
2905,2301.6777
2905,2319.043
2905,2541.864
2905,2343.7744
2906,2879.849
2906,2340.9863
2906,2434.4292
2907,2342.2463
2907,2342.2463
2907,2342.2463
2907,2470.3516
2907,2268.6475
2907,2490.0588
2907,2359.662
2907,2405.6309
557,803.51105
558,840.5318
558,1093.4375
558,901.01166
558,882.0838
558,982.14355
558,982.14355
558,738.61523
558,738.61523
558,730.8142
558,738.61523
558,749.7164
558,749.7164
558,913.8725
558,913.8725
558,913.8725
558,738.61523
558,746.49945
558,738.61523
558,738.61523
558,738.61523
558,730.8142
558,738.61523
558,749.7164
558,749.7164
558,733.9633
558,749.7164
558,749.7164
558,757.71893
558,904.22296
2908,2263.0732
2908,2008.7887
2909,2666.861
2909,2666.861
2909,2095.8818
2909,2095.8818
2909,2352.3442
2910,2896.2341
2911,3230.7593
2911,2242.0383
2911,2127.3547
2911,2560.9895
2912,2557.703
2912,2395.3386
2912,2557.703
2912,2835.1492
2912,3057.9746
2912,3012.7417
2912,3057.9746
2913,2638.721
2913,2538.3271
2913,1825.2871
2913,2538.3271
2913,2511.544
2913,2565.396
2913,2538.3271
2913,2378.9678
2913,3027.3142
2913,2505.3528
2914,2573.655
2914,2458.8018
2915,2278.876
2915,2211.2925
2915,2198.78
2915,2318.7908
2916,2143.5945
2917,2697.3118
2917,2630.7854
2917,2472.7922
2917,2318.7908
2918,2270.1133
2918,2326.256
2918,2416.9312
2918,1830.1538
2918,3040.347
2919,2285.9644
2919,2166.252
2919,2535.822
2919,2359.903
2919,2189.5603
2919,2562.864
2920,2685.4812
2920,2207.0276
2920,2463.7834
2920,2490.0588
2921,2352.8066
2921,2474.391
2921,2474.391
2921,2511.544
2921,2345.2563
2921,2599.969
2922,2474.391
2922,2474.391
2922,2283.0317
2922,1937.3096
2922,2723.785
2923,2529.081
2923,2529.081
2923,2254.372
2923,2514.7712
2923,2514.7712
2923,2578.6072
2923,2714.1187
2923,2723.785
2923,2516.3755
2923,2488.2363
2923,2684.0366
2924,1881.2554
2925,3057.645
2925,2385.0698
2925,2125.042
2925,2381.1772
2925,2847.6387
2925,4175.986
2926,2879.5771
2926,2658.5898
2926,2658.5898
2927,2339.4937
2927,2030.021
2927,2536.963
2928,2221.0222
2928,2638.721
2929,2460.3904
2929,2535.5837
2929,2081.3484
2929,2302.7124
2930,2474.391
2930,2627.4104
2930,2655.429
2930,2318.7908
2930,2284.4883
2930,2284.4883
2930,3250.585
2930,3182.352
2930,2634.4146
2931,2349.787
2931,2320.29
2931,2370.0442
2932,2550.2517
2932,2588.543
2932,2561.23
2933,2454.8088
2933,2392.4893
2933,2396.867
2933,2530.6946
2933,2525.5981
2934,2483.7075
2934,2388.9504
2935,2784.5496
2935,3788.449
2935,2524.7139
2936,2349.787
2936,2214.133
2936,2475.9697
2936,2337.2896
2937,2787.5623
2937,2597.7637
2937,2521.4739
2937,3084.6255
2938,2366.1943
2938,2366.1943
2938,2727.285
2939,2371.5754
2939,2336.4924
2939,2559.0942
2939,2894.0908
2939,2668.3118
2939,2422.4277
2939,2240.1685
2939,2321.7705
2939,2640.1562
2939,2228.1538
2939,2456.143
2940,2534.2053
2940,4137.236
2940,2561.23
2940,2436.2112
2940,2643.8186
2940,2878.0295
2940,2758.4094
2940,2472.7922
2941,2555.81
2941,2546.5002
2942,2449.6128
2942,2463.7834
2942,3559.021
2942,2268.6475
2942,2831.5107
2942,3406.778
2943,2680.05
2943,2370.0442
2944,2352.8066
2944,2359.662
2945,2459.284
2945,2275.9514
2945,2926.8433
2945,2606.1267
2946,2657.1445
2946,2657.1445
2946,2470.3516
2946,2470.3516
2946,1901.1412
2946,2803.4238
2947,2391.2034
2947,3027.5972
2947,2678.6096
2947,2847.6223
2947,2364.6665
2947,2364.6665
2947,2053.192
2947,2053.192
2947,2680.05
2947,2404.5835
2947,2499.433
2948,2386.5928
2948,2302.7124
2948,2327.5215
2948,2254.6162
2948,2327.5215
2948,2352.3442
2948,3959.873
2949,2529.081
2949,2625.466
2949,2924.9521
2949,2142.2104
2949,2704.2698
2950,2342.5
2950,2284.4883
2950,2725.8022
2951,1980.1345
2951,2960.2441
2951,2261.6118
2951,2255.8115
2951,2405.6309
2952,2420.8833
2952,2420.8833
2952,2420.8833
2952,2599.6875
2952,2174.3774
2952,2174.3774
2952,2472.7922
2952,2472.7922
2952,2472.7922
2952,2542.582
2952,2572.2559
2953,2326.256
2953,2732.8118
2953,2632.4863
2954,2474.391
2954,2622.098
2954,2556.0513
2954,2594.43
2954,2799.8262
2954,3194.2903
2954,2373.0886
2955,2819.9446
2956,2221.0222
2956,2190.976
2956,2190.976
2956,2541.864
2956,2319.043
2956,2268.6475
2956,2590.2168
2956,2863.8242
2956,2370.0442
2956,2370.0442
2958,2470.3516
2958,2290.3633
2958,2261.8438
2958,3477.6013
2959,2406.1038
2959,2385.0698
2959,2507.2083
2959,2120.757
2959,2510.6863
2960,2203.4434
2960,2638.721
2960,2610.8787
2960,2695.2988
2960,2586.6274
2960,2174.3774
2960,2427.5652
2960,2590.2168
2960,2439.3418
2961,2339.4937
2961,2403.2566
2961,2744.8337
2961,2573.898
2961,2573.898
2961,2244.9194
2961,2142.2104
2961,2625.466
2961,2463.7834
2961,2263.286
2961,3745.6545
2962,2667.1118
2962,2583.309
2962,2284.4883
2962,2717.3496
2963,2714.1187
2963,3322.4224
2964,2474.391
2964,2304.2012
2964,2511.544
2964,2572.2559
2964,2545.1145
2964,2568.6924
2964,2919.6523
2964,2950.7861
2964,2561.5076
2964,2644.3333
2964,3579.269
2964,8494.135
2964,4246.407
2964,2561.5076
2965,1922.841
2965,1922.841
2965,1922.841
2965,1922.841
2965,1938.1823
2965,1938.1823
2966,2175.7825
2966,2914.023
2966,2169.4436
2966,2356.6338
2966,2557.4417
2967,2599.6875
2967,2599.6875
2967,2506.9727
2967,2324.7542
558,904.22296
558,904.22296
558,769.10645
559,898.8808
559,868.3821
559,868.3821
559,868.3821
559,942.60767
559,942.60767
559,942.60767
559,942.60767
559,942.60767
559,1003.1213
559,1003.1213
559,1012.2729
559,1012.2729
559,1012.2729
559,1012.2729
559,1012.2729
559,973.64465
559,973.64465
560,1043.592
560,1120.7128
560,1104.1261
560,1153.4972
560,906.6352
560,1004.4111
561,865.1273
561,883.782
561,893.2136
2968,2514.7712
2968,2846.0906
2968,3783.588
2968,2725.8022
2968,3302.1616
2968,2794.7292
2969,2589.9512
2970,1903.5726
2970,2285.9644
2970,2359.903
2970,2914.2969
2970,2274.4807
2970,3094.5554
2971,3204.57
2972,2867.2346
2972,2548.3643
2972,2235.0852
2972,2510.194
2972,2580.5159
2973,2112.8318
2973,2493.2576
2973,2723.785
2973,2655.429
2973,2867.2346
2973,2572.2559
2974,2746.3267
2974,2270.54
2974,2667.1487
2974,4316.134
2974,2127.3547
2975,2385.0698
2975,2588.543
2975,2729.0483
2975,2628.8396
2975,2548.1235
2975,2537.2014
2975,2655.178
2976,2571.9932
2976,2405.6309
2976,2404.338
2977,2401.7231
2977,2686.942
2977,3040.631
2977,1980.1345
2978,2453.2227
2978,2655.429
2978,2668.3118
2978,2444.8894
2979,2470.3516
2979,2472.7922
2980,2761.694
2980,2472.7922
2980,2431.305
2980,2563.127
2981,2472.7922
2981,2378.9678
2981,2404.338
2982,3216.2876
2982,2634.4146
2982,3182.352
2982,2527.447
2982,2236.5305
2982,2500.7783
2984,2698.7622
2984,2436.4763
2984,3204.243
2985,2638.721
2985,2568.6924
2985,2637.5505
2986,2550.0107
2986,2340.9863
2986,2445.615
2986,2451.1768
2987,2235.0852
2987,2739.284
2988,2655.178
2988,2373.5552
2988,3385.3186
2988,2656.2168
2989,2370.0442
2990,3299.696
2990,2323.2717
2990,2529.081
2990,2232.4458
2991,2321.7705
2991,2695.2988
2992,2420.8833
2992,2456.3738
2992,2934.6858
2993,2505.8452
2993,2350.8433
2993,2514.7712
2993,2400.1724
2993,2436.2112
2993,2568.6924
2993,2622.098
2993,3658.3713
2994,2270.1133
2994,2236.5305
2994,2591.6257
2994,4181.351
2994,2619.2627
2994,2941.3174
2995,2680.05
2995,2235.0852
2996,2984.1797
2996,2729.8567
2996,2924.9521
2997,1911.9607
2997,1857.6382
2998,2695.2988
2998,2142.2104
2998,2436.2112
2998,3498.424
2998,2973.5884
2999,2638.721
2999,2336.4924
2999,2974.9275
2999,2822.7305
2999,2159.3
2999,2374.8462
2999,2867.5042
2999,2867.5042
2999,2374.8462
3000,2683.494
3000,2574.1768
3001,2327.5215
3001,2302.963
3001,2352.3442
3001,2567.0547
3001,2863.8242
3001,2803.71
3001,2833.608
3001,2071.2993
3002,2404.8093
3002,2995.3718
3002,2446.4702
3002,2725.8022
3002,2429.9983
3002,2465.3767
3002,2507.445
3002,2562.6233
3002,2493.2776
3003,2625.466
3003,4411.5166
3003,2756.9097
3004,2658.5898
3004,2686.942
3004,2050.557
3004,2181.1418
3004,2308.6343
3004,2207.0276
3004,3740.8484
3005,2514.7712
3005,2023.9037
3005,2166.252
3005,1965.3453
3005,2524.9524
3006,2353.8643
3006,2796.5374
3006,2685.4812
3006,2657.1445
3006,2379.1768
3007,2064.8755
3007,2064.8755
3007,2821.4624
3007,1981.0245
3007,1981.0245
3007,1981.0245
3007,1981.0245
3007,1981.0245
3007,2861.705
3007,3273.279
3008,2833.608
3008,2117.0837
3008,2268.6475
3008,2637.5505
3009,2657.1445
3009,2657.1445
3009,2657.1445
3009,2460.3904
3010,2807.0247
3010,2748.1023
3010,2340.9863
3011,3123.202
3011,2336.4924
3011,3170.4373
3011,3711.297
3011,4045.2036
3011,4045.2036
3011,2342.2463
3011,2268.6475
3011,2268.6475
3011,2268.6475
3011,2268.6475
3011,2723.785
3011,1983.5704
3011,1983.5704
3011,3959.873
3012,2427.1077
3012,2787.5623
3012,2174.3774
3012,2405.6309
3012,2405.6309
3013,2573.655
3013,2503.9907
3013,2437.7864
3013,2490.0588
3013,2727.285
3013,2727.285
3013,3845.2693
3014,2742.8022
3014,2416.9312
3014,2623.792
3014,3275.0593
3014,2707.1958
3015,2399.7212
3015,3322.4224
3015,2622.8748
3015,2727.285
3016,2756.6506
3016,2627.4104
3016,2655.429
3016,2950.7861
3016,2177.1716
3016,3745.6545
3016,2564.0173
3017,2188.1643
3017,2437.7864
3017,4165.276
3017,2235.0852
3017,1944.4106
3017,4121.3306
3018,2721.376
3018,3385.3186
3018,2588.543
3018,2673.9692
3018,1994.8589
3018,2572.2559
3018,3876.7266
3018,2615.9014
3018,2588.543
3019,2952.67
3019,2958.0535
3020,2754.8708
3023,2208.4546
3023,2556.2915
3023,2690.3945
3024,2483.7075
3024,2483.7075
3024,2729.3047
3024,2436.4763
3024,2410.766
3024,2556.0513
3024,2639.0066
3024,2556.0513
3024,2712.132
3024,2541.5889
3024,2285.9644
3024,2770.2834
3025,2727.821
3026,2037.6533
3026,2242.0383
3026,2527.447
3027,2537.2014
3027,2887.566
3027,3333.1174
3027,3594.6462
3027,2485.7793
3028,2561.23
3030,2376.1382
3030,2237.9575
3031,2721.12
3032,2310.344
3032,3809.2317
3032,3192.572
3032,2023.9037
3033,2697.0415
3033,2386.5928
3033,2625.466
3033,2218.5886
3033,2610.8787
3033,2638.721
3033,2610.8787
3033,2716.1663
3033,2784.5496
3034,2404.338
3034,2329.0266
3034,2235.0852
3035,2529.081
3035,2527.447
3035,2334.9827
3035,2989.5967
3035,2565.396
3036,2682.5774
3036,2698.7622
3036,2710.3809
3036,2553.011
3036,2516.3755
3037,2523.3413
561,971.6821
561,897.06195
561,832.194
561,897.06195
561,906.6352
561,897.06195
561,870.6988
561,887.5898
561,878.21704
561,865.21606
561,906.6352
561,906.6352
561,906.6352
561,883.782
561,874.4498
561,897.06195
561,878.21704
561,874.4498
561,906.6352
561,874.4498
561,883.782
561,982.0512
561,906.6352
561,897.06195
561,971.6821
561,887.5898
561,897.06195
561,906.6352
561,893.2136
561,893.2136
3037,2405.6309
3038,2177.1716
3038,1909.5067
3038,2458.8018
3039,2349.787
3039,2335.0015
3040,2863.5552
3040,2431.5486
3041,2386.5928
3041,2490.0588
3041,2490.0588
3042,2317.7822
3042,2453.2227
3043,2454.8088
3043,2658.5898
3043,2074.8933
3044,2410.2786
3044,2575.298
3045,2437.7864
3045,2437.7864
3045,2463.552
3045,2697.0415
3045,2786.0469
3045,3916.323
3045,2568.6924
3046,2741.055
3046,2324.9915
3047,2518.0027
3047,2962.1567
3047,2826.3574
3047,2826.3574
3047,2511.7954
3048,2688.678
3048,2741.055
3048,2624.8174
3048,2024.8145
3048,2687.2163
3048,2715.8735
3048,2672.532
3048,2594.43
3048,2594.43
3049,2568.6924
3049,2847.8901
3049,2849.1714
3050,2554.6619
3050,2805.235
3050,2027.4165
3050,2027.4165
3050,2700.2534
3050,2727.285
3051,3893.4111
3051,2482.8237
3052,2638.721
3052,2643.797
3052,2349.787
3052,3821.8542
3053,2638.721
3053,2474.391
3053,2385.0698
3053,2527.447
3053,2502.1387
3053,2554.1597
3053,2568.6924
3053,2744.5757
3053,2692.3857
3053,2692.3857
3053,2803.4238
3054,2833.608
3054,3226.6167
3054,2960.2627
3054,2867.5452
3054,2867.5452
3055,2685.2275
3056,2727.821
3056,2342.2463
3056,2308.6343
3056,2625.466
3057,2302.963
3057,3701.38
3057,2114.3665
3057,2690.6692
3057,2278.661
3057,2215.5647
3058,3016.0027
3058,3023.4294
3058,2516.8857
3059,2491.6677
3059,2670.0356
3059,2657.1445
3060,3385.3186
3060,2707.1958
3061,2526.5837
3061,2599.6875
3061,2657.1445
3061,2268.893
3061,1981.0245
3061,2329.0266
3062,2524.973
3062,2588.543
3062,2622.098
3062,2919.6523
3062,2500.7783
3062,2500.7783
3062,2823.568
3063,2599.6875
3063,2599.6875
3063,2572.2559
3064,2657.1445
3064,2789.6267
3064,2268.6475
3064,2268.6475
3064,2448.031
3065,2529.081
3065,2235.0852
3065,2276.3792
3066,3176.2166
3066,2192.374
3066,2490.0588
3066,2490.0588
3066,2448.031
3066,2448.031
3066,2584.9795
3067,2707.1958
3067,2742.8022
3068,2599.6875
3068,2472.7922
3070,2380.7288
3070,2361.1868
3070,2612.2988
3070,2183.975
3071,2361.1868
3071,2445.615
3072,2551.8994
3073,2523.3413
3073,2518.0027
3073,2577.4475
3073,2321.7705
3073,2527.447
3073,2543.7102
3073,3421.4177
3073,2610.8787
3074,2427.1077
3074,2998.1965
3074,2389.6582
3074,2907.1382
3075,2756.6506
3075,2756.6506
3075,1968.5583
3075,2457.2341
3075,2470.3516
3075,1997.4215
3075,2861.705
3075,2803.4238
3077,2744.5757
3077,2744.5757
3077,2640.4055
3077,2640.4258
3077,2725.8022
3078,2712.132
3078,2556.0513
3078,3072.7659
3079,2819.3743
3079,2486.8977
3079,3545.3413
3080,3766.6084
3080,2971.0845
3080,3187.3865
3080,3156.8472
3080,3156.8472
3080,2717.3496
3080,1951.7166
3080,1951.7166
3081,2785.785
3081,2530.6946
3081,2571.9932
3081,2714.1187
3082,2573.655
3082,2755.1692
3082,2460.854
3082,2460.854
3082,2610.8787
3082,2674.26
3082,2463.7834
3082,2680.5923
3082,2628.8396
3082,2601.1016
3082,2877.7178
3083,3148.7505
3083,2491.6677
3083,3226.6167
3084,2697.0415
3084,2193.1409
3084,2542.3418
3084,2111.6528
3084,2515.244
3084,2690.3945
3084,2672.0132
3084,3216.2876
3084,3250.585
3084,3285.2449
3084,3285.2449
3084,3182.352
3084,3182.352
3084,3285.2449
3084,2428.6575
3084,2619.2627
3084,3250.585
3084,2930.9214
3084,2545.094
3085,2741.055
3086,2881.414
3086,2962.1328
3087,2610.8787
3087,2610.8787
3087,2755.1692
3087,2610.8787
3087,2625.466
3087,2941.5952
3088,2658.879
3088,2687.233
3089,2732.8118
3089,2072.2314
3089,2069.5718
3089,2069.5718
3089,2069.5718
3089,2069.5718
3089,2069.5718
3089,2069.5718
3090,2958.3315
3090,2161.1013
3090,2852.8323
3090,2927.1182
3091,2583.309
3091,2572.5134
3091,4961.181
3091,2835.1492
3091,2989.9219
3092,2638.721
3092,2695.2988
3092,2695.2988
3093,2573.655
3093,2472.7922
3093,2894.3643
3093,2978.9858
3095,2453.2227
3095,2599.6875
3095,2413.3757
3095,3289.4658
3095,2724.3372
3096,2697.0415
3096,2697.0415
3096,2669.376
3096,3080.6672
3097,2074.8933
3097,2658.5898
3097,2065.9858
3097,2301.6777
3098,4977.15
3099,2302.963
3099,2815.7563
3099,3017.9253
3101,2511.7954
3101,2855.2134
3101,2727.285
3101,2500.7783
3102,2567.0547
3102,2616.4304
3102,2334.9827
3102,2317.5444
3103,2849.1714
3103,2847.8901
3103,2527.447
3103,2958.0535
3104,2553.2876
3104,2811.184
3104,2678.6313
3104,2678.6313
3104,2352.3442
3105,2588.543
3105,2240.8323
3105,2240.8323
3105,2510.194
3105,2536.963
3105,2510.194
3105,11612.709
3105,11612.709
3105,2488.7195
3105,2457.499
3105,2770.2834
3105,2550.2517
3105,2510.194
3105,2545.094
3105,2536.963
3105,2483.7075
3105,2704.2312
3107,2803.4238
3107,2715.617
3107,2599.6875
3107,2655.429
3107,2803.71
561,971.6821
561,879.99097
561,893.2136
561,897.06195
561,883.782
561,897.06195
561,879.99097
561,982.0512
561,906.6352
561,887.5898
561,971.6821
561,874.4498
561,897.06195
561,897.06195
561,982.0512
561,897.06195
561,874.4498
561,982.0512
561,883.782
561,906.6352
561,1054.628
561,874.4498
561,992.5304
561,897.06195
561,870.6988
561,883.782
561,897.06195
561,1003.1213
561,897.06195
561,992.5304
3107,2789.6267
3107,2627.6948
3107,2736.0647
3107,2789.6267
3107,2580.5159
3108,2461.9602
3108,2670.2866
3108,2729.3047
3109,2599.6875
3109,2779.7253
3109,2928.7104
3110,2941.6372
3111,2760.1929
3111,3158.8867
3111,2551.639
3112,2451.6584
3112,2490.3286
3112,3023.4294
3112,2657.1445
3112,2540.961
3112,2527.447
3113,2401.7231
3113,2427.1077
3113,2445.615
3114,2483.7075
3114,2736.0647
3114,2373.0886
3114,2425.5405
3114,2483.7075
3114,2984.157
3115,2469.8862
3115,2395.3386
3115,2483.7075
3115,2838.7908
3116,2936.5413
3116,2950.7861
3116,2950.7861
3116,2318.7908
3117,3275.3938
3118,3501.5225
3118,2690.3945
3118,2748.1023
3118,4338.3574
3118,2769.055
3119,2436.4763
3119,2112.603
3119,2112.603
3119,2775.9146
3119,2688.969
3119,3252.685
3120,2758.4094
3120,2473.06
3121,2604.6875
3121,2468.5435
3121,2499.433
3121,2473.06
3121,2499.433
3121,2485.5256
3122,2304.2012
3122,1994.8589
3122,1994.8589
3122,2556.327
3123,2736.0647
3123,2577.4475
3123,2318.7908
3123,2284.4883
3123,2284.4883
3123,2519.6091
3124,2374.623
3124,2470.3516
3125,2851.0122
3125,2849.1714
3125,3825.987
3125,2667.1487
3125,2065.9858
3125,2629.3726
3126,2459.284
3126,2507.445
3126,2512.017
3127,4167.967
3127,2188.1643
3127,2188.1643
3127,2562.864
3127,2562.864
3127,2612.5444
3128,2353.6094
3129,2695.2988
3129,2660.5588
3129,2392.0203
3129,2809.4077
3130,2204.849
3130,2115.3179
3130,2115.3179
3130,2115.3179
3131,2638.721
3131,2697.0415
3131,2787.5623
3133,2142.2104
3133,2519.6091
3133,2867.5042
3134,2486.8977
3135,2754.8708
3135,2754.8708
3135,2601.346
3135,3283.459
3135,3158.5461
3136,2588.543
3136,3959.873
3136,2562.6233
3136,2758.4094
3136,3806.7725
3136,2958.3315
3136,3959.873
3136,3959.873
3136,3440.883
3136,2971.0845
3137,2628.8396
3137,2444.2854
3137,2416.9312
3137,2754.8708
3137,3736.804
3138,2744.5757
3138,2681.783
3139,2756.6506
3139,3250.585
3139,3216.2876
3139,3216.2876
3139,3250.585
3139,2507.445
3139,2352.5508
3140,2601.346
3140,2235.0852
3140,2502.3953
3140,2680.05
3141,3071.1128
3141,3934.9268
3141,2293.0898
3142,3440.883
3142,2472.7922
3142,3333.1174
3142,3333.0889
3142,3440.883
3142,3333.1174
3143,2593.7888
3143,2849.1714
3144,2498.0754
3144,5897.7915
3145,2599.6875
3145,2896.2341
3145,3107.5396
3145,2882.269
3145,2436.4763
3145,1909.5067
3145,1909.5067
3145,2527.447
3145,1938.1823
3145,2876.4648
3145,2876.4648
3145,2876.4648
3145,2639.0066
3145,2783.297
3145,2583.309
3145,2647.4658
3145,2958.0535
3146,2270.1133
3146,2595.4436
3146,2545.3696
3146,2805.235
3146,2686.942
3146,2742.8022
3146,2746.6084
3146,3337.3713
3146,3633.0083
3148,2604.6875
3148,2572.2559
3148,2572.2559
3148,3526.2976
3149,2767.0293
3149,2777.708
3149,2748.4
3149,2837.2664
3150,3254.7585
3150,3111.5322
3150,2758.4094
3150,2729.3047
3151,2370.0442
3152,2339.4937
3152,2799.8262
3153,2667.4006
3153,3505.6702
3153,2376.1382
3153,2754.8708
3153,3360.0203
3154,2791.6914
3154,2599.6875
3154,2599.6875
3154,2530.9675
3154,2567.5386
3154,2222.4392
3154,2425.5405
3154,2436.2112
3154,2436.2112
3154,2477.8376
3154,2908.4045
3156,4298.0645
3157,2501.0134
3158,3981.9907
3158,2924.9521
3158,2722.8562
3159,3006.325
3159,2945.375
3160,2616.1484
3160,2510.194
3160,2863.5552
3160,2483.7075
3160,2510.194
3160,2483.7075
3160,2510.194
3160,2488.7195
3160,2510.194
3160,2510.194
3160,2972.6833
3160,3135.28
3161,2627.6572
3161,2725.8022
3161,2754.8708
3161,2725.8022
3162,2760.1929
3162,2627.6948
3162,2707.1958
3162,2510.194
3162,2436.2112
3163,2614.2336
3163,2614.2336
3163,2810.92
3163,2571.9932
3164,2038.9534
3164,2038.9534
3164,3057.9746
3165,2577.4475
3165,2846.0906
3166,2863.5552
3166,2705.9783
3166,2434.9216
3167,3004.7078
3167,2634.4146
3167,2142.2104
3167,2655.429
3167,2164.852
3167,3196.3264
3167,2539.319
3167,2518.2393
3167,3125.5596
3167,2973.0054
3168,4204.288
3168,4911.9785
3169,2159.5337
3169,2571.9932
3169,2461.9602
3170,2323.2717
3170,2370.2998
3170,2421.1245
3170,2625.466
3170,2568.6924
3170,2630.7854
3170,2658.841
3170,4422.8594
3170,2658.841
3170,2658.841
3171,2475.9697
3171,2521.2383
3171,2537.2014
3171,2479.1501
3171,2162.0747
3171,2575.298
3171,2803.4238
3172,3172.4614
3172,3138.988
3172,3406.752
3172,2081.3484
3172,2472.7922
3172,2952.9714
3172,2860.1902
3173,2254.372
3173,3516.9248
3173,2908.4045
3173,3406.778
3174,2650.3467
3175,2437.7864
3175,2364.6665
3175,2672.532
3175,2627.4104
3175,2765.2427
3175,2644.3333
3175,2572.2559
3175,2764.0374
3175,8494.135
3176,2473.06
3176,2446.965
3176,2604.6875
561,856.9192
561,897.06195
561,906.6352
561,893.2136
561,906.6352
561,874.4498
561,870.6988
561,861.5042
561,887.5898
561,897.06195
561,897.06195
561,887.5898
561,874.4498
561,982.0512
561,992.5304
561,832.194
561,897.06195
561,897.06195
561,897.06195
561,906.6352
561,906.6352
561,1003.1213
561,893.2136
561,906.6352
561,874.4498
561,906.6352
561,897.06195
561,887.5898
562,1050.8832
562,887.0158
3176,2472.7922
3176,2441.753
3177,2599.6875
3177,2941.5952
3178,2363.1575
3178,2084.0232
3179,2507.445
3179,2815.7563
3179,2815.7563
3179,2815.7563
3179,3092.2446
3179,9356.936
3180,2642.1116
3180,2601.6277
3180,2524.4768
3180,2470.3516
3180,2470.3516
3180,2470.3516
3180,2697.3335
3180,2697.3335
3180,2784.5496
3181,2159.5337
3181,3084.6255
3181,2627.6572
3181,2421.1245
3181,3084.6255
3181,2699.563
3182,2817.577
3182,2877.9883
3183,2562.864
3183,2562.864
3183,2355.131
3183,3430.2122
3183,2468.2915
3183,2373.0886
3183,2863.8242
3184,2584.9795
3184,2479.1501
3185,2050.557
3185,2050.557
3185,2050.557
3185,3055.671
3185,2860.998
3187,3182.352
3187,2614.4941
3187,3250.585
3188,2777.708
3188,2616.4304
3188,2785.0967
3189,2683.494
3189,2796.5374
3189,2976.5032
3189,1951.7166
3189,2698.7622
3189,2680.05
3189,2680.05
3190,3131.8662
3190,2595.4436
3190,2905.2612
3190,2611.1401
3190,3033.776
3191,2400.1724
3191,2400.1724
3191,2616.1484
3191,2527.447
3191,2527.447
3192,3077.0046
3192,2958.3315
3192,2758.4094
3192,2657.1445
3192,2657.1445
3192,2465.1238
3192,2819.3743
3192,2927.4353
3192,3090.5842
3192,2789.6267
3192,3057.9746
3193,2619.2627
3193,2793.4736
3193,2780.0264
3193,2803.71
3193,2619.2627
3193,2483.7075
3194,2327.727
3195,2707.4502
3195,2680.05
3195,2284.4883
3195,3123.202
3195,2678.883
3195,3273.279
3195,3273.279
3196,2102.403
3196,2446.965
3196,3113.5159
3197,2616.4304
3197,2021.3062
3197,2550.0107
3197,3987.5176
3198,2777.4072
3198,2640.4055
3198,2714.1187
3198,2714.1187
3198,2807.0247
3199,2446.7002
3199,2573.9348
3199,2490.0588
3199,2490.0588
3199,3934.9268
3199,2436.2112
3199,2509.922
3199,3071.1128
3200,2546.7395
3200,2475.9697
3200,3320.2773
3201,2667.1487
3201,2472.7922
3201,2472.7922
3201,2640.4055
3201,2554.9165
3201,2586.6274
3203,2697.0415
3203,3141.016
3203,3174.508
3204,2750.396
3204,2779.7253
3204,3632.977
3204,2839.0994
3205,2561.23
3205,3738.8362
3205,2400.1724
3205,2400.1724
3205,2955.436
3205,3580.8296
3205,3468.6821
3205,3468.6821
3205,3468.6821
3205,3468.6821
3205,3468.6821
3205,3580.8296
3205,2786.0469
3206,2729.3047
3206,2758.4094
3206,2700.507
3206,2567.5386
3206,2235.0852
3206,2235.0852
3206,2721.376
3207,2748.1023
3207,3105.5332
3207,2947.573
3208,2512.2893
3208,2523.3413
3208,2833.608
3208,2510.194
3208,2601.6277
3209,2498.0754
3209,2655.7163
3209,2386.5928
3209,3055.671
3210,2908.4045
3210,3075.3289
3210,2634.4146
3210,2571.9932
3210,3014.0527
3210,2950.7861
3210,3014.0527
3210,2646.0417
3210,2984.1797
3211,2473.06
3211,2573.898
3211,2601.346
3211,2809.1035
3211,2961.853
3212,2515.244
3212,2754.8708
3212,2714.1187
3212,2714.1187
3212,2209.8635
3213,2897.8096
3214,2989.5967
3214,2863.8242
3214,3910.5405
3215,2599.948
3215,2964.369
3215,3152.7961
3216,3306.4045
3216,3642.3184
3217,2474.391
3217,2725.8022
3217,2754.8708
3217,2697.0415
3217,2865.6924
3217,2982.2532
3217,2294.5398
3217,2527.447
3218,2615.9014
3218,2251.9033
3218,2437.7864
3218,3216.2876
3218,2683.494
3219,5582.3667
3219,2491.6677
3219,2491.6677
3219,2491.6677
3219,2815.7563
3219,2815.7563
3220,2473.06
3220,2473.06
3220,2660.5588
3220,2524.9524
3220,4381.7817
3222,2697.0415
3222,2754.8708
3223,2051.6597
3223,2583.309
3224,2996.5437
3224,3464.9055
3225,2268.893
3225,2389.9033
3226,2765.2427
3226,2603.028
3226,2658.841
3226,2775.8975
3226,3090.248
3226,2907.1382
3226,2833.9146
3226,2370.0442
3226,2021.3062
3228,2469.8862
3228,2786.3086
3228,2670.2866
3229,2491.6677
3229,2863.8242
3229,2894.3643
3229,2095.8818
3229,2095.8818
3229,2095.8818
3229,2095.8818
3229,2653.751
3229,2726.0986
3230,2978.706
3230,3172.4614
3230,2658.5898
3231,2869.3567
3231,3145.0068
3231,2616.4304
3231,2833.608
3231,3059.594
3234,2569.1973
3234,2601.3833
3234,2595.4436
3234,4201.606
3234,2400.1724
3234,2754.8708
3234,2561.23
3234,3558.994
3234,2550.2517
3234,2851.2815
3235,2349.787
3235,2326.256
3235,2835.4155
3235,2599.6875
3235,2202.0193
3235,2583.309
3236,2815.7563
3237,2596.3674
3237,2858.612
3238,2598.289
3238,2320.29
3238,2532.3298
3238,2796.5374
3238,2851.5493
3238,2714.1187
3238,2714.1187
3239,2803.71
3239,2863.8242
3239,2833.608
3239,2316.5022
3239,3250.585
3240,2550.0107
3241,2863.5552
3242,3055.671
3242,2207.0276
3242,2695.592
3243,2550.0107
3243,2867.2346
3243,2541.8276
3245,2754.8708
3246,2707.1958
3246,2475.9697
3246,3174.1658
3246,2627.6948
3246,2765.2427
3246,2627.6948
3246,2707.1958
3246,2736.0647
3246,2707.1958
3246,2765.2427
3246,2748.4
3246,2599.969
562,887.0158
562,887.0158
562,887.0158
562,887.0158
562,887.0158
562,873.88434
562,873.88434
562,822.8734
563,1122.1536
563,968.13214
563,825.96234
563,1037.0225
564,887.5898
564,906.6352
564,791.6144
564,791.6144
564,960.1804
564,960.1804
564,971.6821
564,1150.4294
564,1089.5549
564,1066.6708
564,1066.6708
564,1066.6708
564,1039.7885
565,858.0212
565,1047.9805
565,1047.9805
565,1069.7803
565,1069.7803
3246,2707.1958
3246,2684.0366
3246,3113.5159
3247,2561.23
3247,2833.608
3247,2577.4475
3247,2527.447
3247,2527.447
3247,2251.9033
3248,3073.056
3248,2148.8738
3248,2148.8738
3248,2148.8738
3248,2310.5613
3248,2655.429
3248,3057.9746
3249,2483.941
3249,2819.3743
3249,2731.068
3249,2510.6658
3249,2255.8115
3250,2564.2803
3250,2483.7075
3250,2510.194
3250,2510.194
3250,2704.2312
3250,2963.7678
3250,2876.4648
3250,2907.1382
3250,2629.3726
3250,2847.6223
3251,2473.06
3251,2284.4883
3251,2668.3118
3251,2746.3267
3251,2526.0874
3251,2526.0874
3251,2499.433
3251,2924.9521
3252,2565.396
3252,2750.396
3253,2081.3484
3253,2081.3484
3253,2081.3484
3253,2258.7092
3253,2707.1958
3253,2895.9607
3254,2807.0247
3254,2634.4146
3254,2237.9575
3254,2237.9575
3255,2510.194
3255,2488.7195
3255,2877.9883
3256,2736.0647
3256,2543.726
3256,2803.4238
3257,2586.6274
3257,2608.0344
3257,2652.808
3258,2490.3286
3258,2926.8433
3258,2776.198
3259,2702.23
3259,3671.7444
3260,2514.7712
3260,3061.8599
3261,2750.396
3261,2570.3533
3261,2436.2112
3261,3141.016
3261,3208.3599
3262,3543.049
3262,2565.396
3262,3035.0989
3263,2758.4094
3263,3738.8362
3264,2491.6677
3264,2418.0186
3264,2418.0186
3265,2545.094
3265,3029.8394
3265,2385.0698
3265,3671.7444
3265,2436.2112
3265,3408.5823
3265,3235.2437
3265,3304.604
3265,3459.2776
3265,3633.0083
3265,3633.0083
3266,3252.657
3266,2771.1055
3266,3158.5461
3266,3454.16
3266,2812.7117
3267,2950.7861
3267,2950.7861
3267,2950.7861
3267,2950.7861
3267,2731.5996
3267,3010.7764
3267,2463.552
3267,2573.655
3267,2406.3447
3267,2308.6343
3268,2660.5588
3268,2472.7922
3269,2614.4941
3269,2707.1958
3270,2750.396
3270,2529.081
3270,2660.5588
3270,2897.8096
3270,2457.696
3270,2386.5928
3270,2640.4055
3270,3055.671
3271,2473.06
3271,3603.8892
3271,2592.114
3272,2714.1187
3273,2498.0754
3273,2386.5928
3273,2980.6318
3273,2980.6318
3274,2473.06
3274,3453.814
3274,2142.2104
3274,2142.2104
3274,2142.2104
3275,2561.23
3275,2585.237
3275,2640.4055
3275,2815.7563
3275,2774.1052
3275,3479.8213
3276,2684.0366
3276,2523.3413
3276,2483.941
3276,2865.6924
3276,2499.433
3276,2865.6924
3276,3940.7566
3276,2853.4094
3276,2945.375
3276,2927.1365
3276,6644.7007
3277,2572.2559
3277,3662.3274
3278,2894.3643
3278,5582.3667
3278,2697.3335
3279,2632.2163
3280,3079.3274
3281,2401.7231
3281,2490.0588
3281,2853.679
3282,2930.604
3282,2667.1487
3282,2639.0066
3282,2743.3584
3282,2796.5374
3282,3050.1313
3282,3082.6575
3282,2767.0293
3282,2796.5374
3282,3050.1313
3282,3148.7505
3282,3148.7505
3283,2763.7395
3283,2554.9165
3283,2774.1052
3283,2774.1052
3283,2652.808
3283,2734.5774
3283,2694.1265
3284,2097.01
3284,2490.0588
3284,3316.0166
3284,3146.7446
3285,2670.2866
3285,2793.21
3285,2880.1594
3285,2793.21
3285,3273.9412
3286,2625.7502
3286,2971.3892
3287,2796.5374
3287,2580.7583
3287,2894.3643
3287,2894.3643
3287,2685.772
3288,3320.9487
3288,2509.0652
3288,3240.504
3288,2998.1965
3288,3335.2454
3290,2490.3286
3290,2667.1487
3290,2807.0247
3290,2595.4436
3290,2595.4436
3290,2464.0515
3290,2930.9214
3291,2851.2815
3291,2791.429
3291,3107.83
3292,2684.0366
3292,2684.0366
3293,2692.1328
3293,2629.1243
3293,2805.235
3293,2629.1243
3293,2628.8396
3293,4246.407
3293,2657.161
3293,3073.056
3294,4047.3806
3294,2545.094
3294,3029.8394
3294,2910.5571
3295,2510.194
3295,2791.6914
3295,2995.3718
3295,2507.445
3295,2961.853
3296,3131.8662
3296,2551.639
3296,2979.0115
3296,3639.9949
3296,2731.5996
3296,4009.7935
3297,2865.382
3297,2835.1492
3297,3833.3484
3298,2717.6438
3298,3621.351
3298,3109.8408
3298,3143.0002
3298,1751.8461
3299,2490.3286
3299,2929.0276
3299,2196.3718
3299,2543.726
3299,2127.3547
3299,2127.3547
3299,2127.3547
3299,2754.8708
3299,3879.1975
3299,2767.5496
3299,3279.6023
3300,3766.6084
3300,2779.7253
3300,2425.5405
3300,2235.0852
3301,2510.194
3301,2583.309
3301,2527.447
3301,2711.44
3302,2927.4353
3302,3065.838
3303,2736.0647
3303,2765.2427
3303,2627.6948
3303,2707.1958
3303,2627.6948
3303,2707.1958
3303,2736.0647
3303,2707.1958
3303,2577.4475
3303,2881.6863
3303,2502.1387
3304,2527.447
3304,2527.447
3304,2583.309
3304,2527.447
3304,3056.8896
3304,4316.134
3304,3579.269
3304,4408.6646
3304,4362.156
3306,3451.9102
3306,3073.056
3306,2861.705
3307,2253.3582
3307,2584.9795
3307,2907.1382
3307,2453.2227
3307,2453.2227
3307,2222.4392
3308,2473.06
3308,2526.0874
3308,2847.6223
3308,2630.5393
3309,2746.8665
3309,2924.9521
3309,2655.429
3309,2539.319
3309,2929.0276
565,1069.7803
565,1069.7803
565,823.5608
565,832.3505
565,825.60236
565,1022.978
565,902.75354
565,902.75354
565,916.3179
565,912.38745
565,902.75354
565,912.38745
565,945.9675
565,912.38745
566,985.4001
566,985.4001
566,985.4001
566,985.4001
566,985.4001
566,1058.2246
566,937.2711
566,896.39764
566,991.6435
566,1080.9274
566,761.9625
566,951.26404
566,941.22015
566,941.22015
566,781.4021
566,951.26404
3310,2721.376
3310,2640.4055
3310,2323.7085
3311,2667.6514
3311,2835.4155
3311,2805.4988
3311,2812.7117
3311,2658.5898
3311,2805.4988
3312,3090.248
3312,3010.7764
3312,3090.248
3312,2738.091
3312,3580.8296
3312,2748.6582
3312,4946.2637
3312,3580.8296
3312,2867.5042
3312,3010.7764
3312,3580.8296
3312,4873.109
3313,2114.3665
3313,3297.9243
3314,2717.9004
3314,2553.2876
3314,2899.9556
3314,2167.634
3315,2698.7622
3316,2940.313
3316,2565.396
3317,3218.341
3318,3029.5562
3318,2950.7861
3318,2950.7861
3318,3010.4692
3318,2888.8237
3319,2877.9883
3319,2436.2112
3321,3383.1328
3321,2251.9033
3321,2754.8708
3321,2754.8708
3321,2461.9602
3321,3964.9229
3322,2748.1023
3322,2622.098
3323,3232.498
3323,2468.7766
3323,2270.1133
3323,2642.1116
3323,2111.6528
3323,2925.8438
3323,2583.5889
3323,2638.985
3323,2726.0986
3323,3275.3938
3324,3092.2446
3324,2510.194
3324,2680.8455
3325,2202.0193
3325,2202.0193
3325,2202.0193
3325,2479.1501
3326,2837.5317
3326,2536.963
3326,2989.5967
3326,3135.28
3326,2536.963
3326,2692.6387
3326,2969.4692
3326,2765.2427
3327,2835.4155
3328,3055.671
3328,2640.4055
3328,2753.9302
3328,2787.5623
3328,2418.0186
3328,4918.2847
3329,3178.2441
3330,2545.094
3330,2302.7124
3330,2302.7124
3330,2302.7124
3332,2617.8386
3332,2896.2341
3332,2634.4146
3332,2225.2942
3332,2714.1187
3332,3417.3762
3332,3453.814
3332,2791.971
3332,3190.5352
3333,2210.298
3333,2896.2341
3333,3218.341
3334,2655.7163
3334,2655.7163
3334,2883.548
3334,2945.375
3334,2300.4395
3335,2800.1294
3335,3662.3274
3335,2894.3643
3335,2768.7947
3336,2294.5398
3336,2553.011
3336,2356.6338
3336,2356.6338
3337,3178.887
3337,2644.3167
3337,2947.597
3337,4554.1387
3338,2675.698
3338,2655.7163
3338,2684.0366
3338,2928.7104
3338,2794.7292
3340,2853.393
3340,2767.0293
3340,2714.4126
3340,2767.0293
3340,3082.6575
3340,2767.0293
3340,2658.841
3342,2962.175
3342,2999.7844
3342,2527.447
3342,2386.5928
3342,2386.5928
3342,3250.585
3342,3182.352
3342,2871.1885
3343,2479.1501
3343,2809.1035
3343,2114.3665
3344,2474.391
3344,3492.542
3344,2971.3892
3344,2174.3774
3345,2583.5889
3345,2655.429
3345,2742.8022
3345,2924.9521
3346,2956.4639
3346,2143.3613
3346,2877.9883
3346,2714.1187
3346,3080.6672
3346,3080.6672
3347,2841.1614
3347,3299.696
3348,2779.7253
3348,2809.3677
3348,2483.7075
3348,2805.5388
3348,3275.0593
3349,2898.1233
3349,3583.143
3349,2568.0579
3350,2779.4644
3350,2736.0647
3350,2707.1958
3351,3075.0413
3351,2986.082
3351,2244.9194
3352,3073.056
3352,2507.445
3352,2507.445
3352,2507.445
3352,2111.6528
3352,3521.4434
3352,3521.4434
3353,2910.5571
3353,2775.8975
3353,2736.0647
3353,3300.0078
3353,2627.6948
3353,2707.1958
3353,2682.0732
3353,3192.2249
3354,2617.8386
3354,3984.567
3354,2577.4475
3354,2714.1187
3354,2595.4436
3355,2228.1538
3355,3385.635
3355,5479.2173
3356,2835.1492
3356,2917.7673
3357,2809.1035
3357,2839.0588
3357,2898.942
3357,2667.1487
3357,3038.381
3357,3847.757
3357,2867.5042
3357,2837.2488
3358,2616.4304
3358,2599.6875
3358,3071.4294
3359,2436.2112
3359,2746.624
3359,2697.3118
3360,3129.5308
3360,2695.2988
3360,2353.6094
3360,2353.6094
3360,2960.2627
3360,3156.8472
3360,3044.8691
3360,2865.6924
3360,3847.3608
3360,3156.8472
3360,3110.1523
3360,1379.6932
3360,3077.3362
3361,2894.3643
3361,2746.3267
3362,2516.3755
3362,2865.382
3363,2826.3574
3363,2696.0986
3363,2375.0693
3363,2856.7896
3363,2620.6875
3363,2593.0354
3363,3238.7424
3363,2593.0354
3364,2665.677
3365,2863.8242
3365,2700.507
3365,2918.6316
3365,2995.3718
3365,2980.6318
3365,3125.515
3366,2697.0415
3366,4689.819
3367,2834.4487
3368,2982.2532
3368,2982.2532
3368,2982.2532
3369,2793.21
3369,2945.6755
3369,2763.7395
3369,2822.997
3370,2805.4988
3370,2835.4155
3370,2775.8975
3370,2738.091
3370,2472.7922
3371,3543.049
3371,3543.049
3371,2250.692
3371,2250.692
3371,2536.963
3372,2965.6587
3372,2769.055
3372,2548.3643
3372,2754.8708
3373,2930.604
3373,2251.9033
3373,2928.7104
3374,2916.455
3374,2698.7622
3375,2833.608
3375,2960.2441
3375,2833.9146
3375,5773.964
3376,2853.393
3376,3150.7876
3376,2743.3584
3376,2472.7922
3376,2353.6094
3376,2826.3574
3377,3607.7898
3377,3010.4692
3377,2888.8237
3377,2765.2427
3377,2821.4624
3377,2724.3372
3377,2499.433
3378,2242.2673
3378,2266.1812
3378,2837.2664
3378,2711.44
3378,2323.7085
3378,2758.708
3379,3322.4224
3379,3357.851
3379,3357.851
3380,2993.438
3380,2496.7173
3380,2714.1187
3380,2883.819
3381,2722.8562
3381,2527.447
3382,2556.327
3382,2565.675
3382,2497.8037
405,665.7688
405,752.4602
406,730.8142
407,714.99536
407,714.99536
407,761.5479
407,761.5479
407,1015.23224
407,880.29895
407,730.3419
407,730.3419
407,786.1208
407,741.3185
407,741.3185
407,724.34125
408,829.5993
408,690.2821
408,752.94684
408,744.9946
408,687.7647
408,695.1068
408,727.6783
408,680.5
408,752.94684
408,673.31195
408,752.94684
408,727.6783
408,687.7647
408,820.76105
408,680.5
566,941.22015
567,1090.2593
567,1090.2593
567,869.49835
567,1153.4972
567,879.99097
567,879.99097
567,918.16864
567,945.9675
567,767.8563
567,776.05225
567,895.9099
567,1041.4807
567,867.4424
567,1112.8336
567,1082.594
567,1082.594
567,1117.6176
568,945.9675
568,945.9675
568,977.11456
568,977.11456
568,977.11456
568,759.6689
568,900.34436
568,884.91846
568,1100.3737
568,879.3463
568,888.7307
568,898.2155
3382,3724.8457
3382,2655.7163
3382,3383.1328
3384,2235.0852
3384,2235.0852
3384,2235.0852
3384,2803.4238
3384,3869.282
3384,2568.0579
3384,3073.056
3385,2685.2275
3385,2684.0366
3385,2765.2427
3385,2583.309
3387,2796.5374
3387,2796.5374
3387,2724.3372
3387,2724.3372
3387,2724.3372
3387,2695.592
3387,2724.3372
3387,2639.0066
3387,2791.9949
3387,2839.0588
3387,2695.592
3387,2724.3372
3387,3901.3
3388,3932.3865
3388,2796.5374
3388,2695.592
3388,2695.592
3388,3928.1348
3388,2812.9773
3389,2821.4624
3389,2388.1348
3389,2222.4392
3389,2989.5967
3390,3427.6543
3390,2610.612
3391,3453.814
3391,2736.0647
3391,1830.1538
3391,1830.1538
3391,3029.5735
3392,2686.0244
3392,3035.0989
3392,2264.517
3392,4461.3975
3392,4461.3975
3393,2750.1362
3393,2986.9512
3393,2982.532
3394,2679.1348
3394,2739.5806
3394,3890.8975
3394,3112.1616
3394,3226.6167
3394,3226.6167
3395,2932.791
3396,2562.864
3397,2553.011
3397,2647.1943
3398,2903.682
3398,2667.1487
3398,2684.0366
3398,2736.0647
3398,2684.0366
3398,2655.7163
3398,2627.6948
3398,2821.7678
3398,3210.0867
3398,2647.1943
3399,2855.253
3399,2898.1233
3399,2898.1233
3399,2436.2112
3399,2436.2112
3400,3381.2905
3400,3453.814
3400,3052.367
3400,3417.347
3401,2867.5042
3401,3216.2876
3401,3216.2876
3401,2840.893
3401,3073.056
3401,2625.466
3402,2812.9773
3402,2812.7117
3402,2962.1328
3403,3495.5051
3403,3253.6035
3403,2690.3945
3403,3659.9631
3404,2553.2876
3404,2490.0588
3404,2490.0588
3404,2490.0588
3404,2928.7104
3405,3048.162
3405,2830.8113
3405,2318.7908
3405,3492.542
3406,2896.2341
3406,2958.3315
3407,2473.06
3407,2473.06
3407,2969.4692
3407,3570.089
3407,3048.7786
3407,2969.4692
3408,3583.143
3408,2565.675
3408,2982.532
3409,2774.1052
3409,2405.6309
3409,2405.6309
3410,2863.8242
3411,2817.577
3411,2386.5928
3411,2898.1233
3411,2960.2627
3412,3462.3413
3412,2877.9883
3413,2564.5212
3413,2721.097
3413,2928.7104
3414,2784.5496
3415,2964.0464
3415,3992.6064
3415,2984.7407
3415,3984.567
3415,4964.3906
3416,2853.4094
3416,2807.3125
3416,2837.2488
3417,2622.3806
3417,2680.8455
3417,2300.4395
3417,2300.4395
3417,3464.9055
3418,2616.4304
3418,2672.532
3418,3150.7876
3418,2830.278
3418,4924.11
3419,3283.459
3419,2655.429
3419,2894.3643
3419,2568.6924
3419,2572.2559
3419,2572.2559
3419,4039.5737
3419,3996.9583
3420,2675.698
3420,3096.5103
3420,2896.2341
3420,3073.9678
3420,2628.8396
3420,3184.3838
3421,2715.8892
3421,2527.447
3421,2159.3
3422,2407.639
3422,2392.729
3422,2686.942
3422,3216.2876
3422,2999.8274
3422,2968.1777
3423,3238.7424
3423,2826.3574
3423,2593.0354
3423,2620.6875
3423,2696.0986
3423,2410.766
3423,2410.766
3424,4101.0513
3424,2337.982
3425,3505.6702
3425,2863.8242
3425,2236.5305
3425,2856.498
3425,2890.6914
3425,2726.0986
3425,2839.0994
3427,2764.0374
3427,3404.5786
3427,2583.309
3427,3228.7012
3427,3440.883
3427,3168.7139
3428,2794.7292
3428,2746.3267
3428,3042.5957
3428,3765.2937
3428,3075.0413
3428,3107.83
3428,3107.83
3429,2791.6914
3429,2645.5066
3429,2793.21
3429,2822.997
3429,2734.5774
3429,2640.4055
3429,3248.4832
3429,2711.44
3431,2684.0366
3431,2684.0366
3431,2819.3743
3431,2284.4883
3431,2284.4883
3431,2284.4883
3431,2284.4883
3431,2284.4883
3431,2284.4883
3431,2284.4883
3432,2991.528
3434,2271.5627
3435,2796.5374
3435,2758.4094
3435,2714.1187
3436,2873.0435
3437,2736.0647
3437,2695.592
3437,2695.592
3437,3236.6514
3437,3135.28
3437,2708.9243
3437,2908.9941
3438,3322.4224
3438,3322.4224
3438,1870.6104
3439,2746.3267
3439,3607.7898
3440,2877.9883
3441,2976.5032
3441,3090.248
3442,2734.8357
3442,2301.6777
3442,3140.9712
3442,2560.728
3443,2761.0105
3443,2976.807
3443,3073.056
3443,3633.0083
3443,3613.528
3443,4252.7227
3444,3769.013
3444,2540.961
3444,3729.2473
3444,2980.9304
3444,3129.5308
3445,2655.7163
3445,2736.0647
3445,2765.2427
3445,2736.0647
3445,2317.5444
3445,2534.2053
3445,3003.0745
3446,2871.1885
3446,2365.938
3446,2777.6697
3446,2365.938
3446,2655.429
3446,2261.6118
3447,2695.592
3447,2851.8582
3447,2821.7678
3447,2667.1487
3447,2695.592
3447,2695.592
3447,2695.592
3447,2738.6057
3447,2667.1487
3447,2789.6267
3448,2695.2988
3449,2454.8088
3449,3127.552
3449,3250.585
3449,3453.814
3450,4087.893
3450,4002.0935
3450,2815.7563
3450,4131.482
3450,4131.482
3450,4087.893
3450,3932.3865
3450,2374.8462
3450,3016.5696
3450,4087.893
3451,2081.3484
3451,3730.706
3452,2680.3403
3452,2736.0647
3453,3061.5708
3453,2458.8018
3453,2949.158
3453,2593.0354
3453,2950.7861
3454,2475.9697
568,1084.0878
568,879.3463
568,894.3622
568,866.32874
568,907.801
568,894.3622
568,1088.7571
568,907.801
568,1072.6423
568,888.7307
568,875.5743
568,875.5743
568,894.3622
569,1066.6708
569,994.19464
569,994.19464
569,945.9675
569,945.9675
570,965.934
570,927.19995
570,984.0422
570,1020.25665
570,1015.88086
570,1015.88086
570,1005.1554
570,994.5426
570,1015.88086
570,1015.88086
571,926.18384
571,940.2906
3454,2941.5952
3454,2783.985
3454,2509.922
3454,2831.8174
3455,3934.9268
3455,2775.9146
3455,2526.0874
3455,4316.0967
3456,3006.606
3456,3266.965
3456,3289.4658
3457,2490.0588
3457,3014.0527
3457,2964.065
3457,2982.2532
3457,2982.2532
3457,3014.0527
3457,8768.715
3459,2869.3745
3459,3383.1328
3459,2839.633
3459,2386.5928
3459,3212.7642
3460,2844.5435
3460,2967.855
3461,4047.346
3461,2811.184
3461,3406.778
3461,3516.9248
3461,4321.642
3461,2960.2627
3461,3125.515
3461,3443.1062
3462,3092.8464
3462,2867.5042
3462,2962.1328
3462,2687.233
3462,3125.2197
3462,2619.5088
3463,2793.4736
3463,3621.351
3463,2351.2864
3463,2803.71
3464,2657.1445
3464,2657.1445
3464,2302.963
3464,2877.9883
3464,2714.1187
3464,2629.108
3465,2835.456
3465,2685.4966
3465,2823.3013
3465,2457.696
3465,2896.2341
3465,2982.2532
3465,2774.1052
3465,2950.7861
3465,2667.1487
3465,4897.2466
3466,3596.972
3466,2746.6084
3467,2877.9883
3468,2982.2532
3468,2239.161
3468,2239.161
3468,2239.161
3468,2268.6475
3468,2389.6582
3468,2499.433
3469,3683.5356
3470,2640.4055
3470,2950.7861
3471,2863.8242
3471,2763.7395
3471,2967.855
3471,2835.4155
3471,2509.922
3471,2509.922
3471,2746.6084
3472,2655.429
3472,3156.8472
3472,3143.3152
3472,2770.8452
3472,2606.3716
3472,3090.5842
3472,3156.8472
3472,3057.9746
3473,3543.049
3473,3505.6702
3473,3468.6821
3473,3580.8296
3473,3468.6821
3473,2655.7163
3473,3176.5164
3475,2784.5496
3475,2300.4395
3475,2379.1902
3476,2879.849
3477,2833.608
3477,2936.5413
3477,3713.2944
3478,2490.3286
3478,2616.1484
3478,2334.9827
3478,2334.9827
3478,2334.9827
3478,2334.9827
3478,2334.9827
3478,2334.9827
3478,2334.9827
3478,2334.9827
3478,2334.9827
3478,2334.9827
3478,3042.2852
3478,2765.2427
3478,2736.0647
3478,2684.0366
3479,2927.1182
3480,4039.5737
3480,3905.9138
3480,2490.0588
3481,2510.194
3481,2510.194
3481,2686.942
3482,3027.3142
3482,3250.585
3482,2807.0247
3482,3356.3875
3483,2949.4773
3484,2851.8582
3484,2882.269
3484,2851.8582
3484,2667.1487
3484,3588.8113
3484,2882.269
3484,3809.2317
3485,2726.0986
3485,3590.037
3486,2649.1548
3487,2941.5952
3487,2752.152
3488,3029.5562
3489,2655.7163
3489,2655.7163
3489,3075.0413
3489,3042.5957
3489,2736.0647
3489,3048.162
3489,3073.6775
3489,2791.971
3489,2545.094
3489,2707.1958
3492,2765.2427
3492,2775.8975
3492,2510.194
3492,2692.6387
3493,2756.6506
3493,2601.346
3494,2617.8386
3494,3044.538
3494,2352.5508
3494,2589.9512
3494,2914.2969
3495,2916.455
3495,2619.5088
3495,2370.0442
3495,2815.7563
3495,2982.532
3496,2980.9304
3496,3594.6462
3496,2457.696
3496,3048.162
3497,2460.3904
3497,2800.6558
3497,2819.3743
3497,2513.1475
3497,9563.681
3498,2879.849
3498,2672.532
3498,2593.0354
3499,2715.8892
3499,2715.8892
3499,2885.7014
3499,2358.6008
3499,2673.9692
3500,2695.592
3500,3284.123
3500,2794.7292
3500,2807.0247
3500,3043.2139
3501,3261.021
3501,2863.8242
3502,3057.645
3502,2692.6387
3502,2565.396
3502,2565.396
3502,2565.396
3502,2793.21
3503,2302.963
3503,3196.3264
3504,2779.7253
3504,2453.2227
3504,2472.7922
3504,2472.7922
3504,2472.7922
3504,8873.655
3505,4220.51
3505,3764.561
3506,2971.3892
3506,3027.3142
3507,3479.8213
3507,3226.6167
3507,2783.0356
3507,3833.3484
3507,3014.0527
3507,3014.0527
3507,3769.013
3508,5705.7256
3508,3527.8655
3508,3490.6433
3508,3417.3762
3509,2501.2688
3509,3090.54
3510,3453.814
3510,4400.6436
3510,3490.6433
3510,2835.4155
3511,2980.9133
3511,3659.9631
3511,3389.985
3511,3283.816
3511,3283.816
3512,3443.1062
3512,3160.9033
3512,2907.1382
3512,2938.1384
3513,3201.0806
3513,3133.5518
3514,2949.158
3514,2751.892
3514,2261.6118
3515,3267.3203
3516,2318.7908
3516,2318.7908
3516,2318.7908
3516,2714.1187
3516,2564.0173
3517,2760.1929
3517,2364.6665
3517,2739.284
3517,2471.6802
3518,3254.7585
3518,2698.7622
3518,2958.3315
3519,2655.7163
3519,2982.2532
3519,2982.2532
3519,2982.2532
3519,2982.2532
3519,2950.7861
3519,2982.2532
3519,2982.2532
3519,2950.7861
3519,2518.0027
3519,3976.885
3520,3847.3608
3520,3287.3672
3520,2726.0986
3521,3057.9512
3521,2794.7292
3521,2794.7292
3521,3204.5454
3522,3023.715
3522,3314.5713
3524,2793.4736
3524,2364.6665
3524,2865.6758
3524,3629.0525
3525,2677.405
3525,2386.5928
3526,3250.585
3527,2353.6094
3527,3626.0005
3528,4027.431
3528,3477.5715
3528,2648.9058
3528,2877.9883
3528,3090.5842
3528,2853.4094
3528,2835.456
3528,6432.462
3528,2685.4966
3528,3322.736
3528,3709.5981
3528,3558.994
3529,2611.1401
3529,2894.3643
3530,3559.021
3530,3125.5327
3530,2995.6978
571,824.3751
571,888.15643
571,888.15643
571,888.15643
571,875.0081
571,875.0081
571,921.4411
571,921.4411
571,921.4411
571,844.2328
571,986.28143
571,955.3618
571,1058.4863
571,1036.2545
571,1069.7803
571,1058.4863
571,1036.2545
571,1069.7803
571,1069.7803
571,1047.3115
571,1069.7803
571,924.5839
571,1036.2545
571,1069.7803
571,1069.7803
571,1047.3115
571,1069.7803
571,1036.2545
571,1069.7803
571,1036.2545
3531,2796.5374
3531,2702.23
3531,2702.23
3531,2702.23
3532,3752.89
3533,2643.797
3533,3628.3464
3534,3543.049
3534,3543.049
3534,3543.049
3534,3505.6702
3534,3143.0002
3534,2717.6438
3534,2746.624
3534,3115.5303
3535,2655.7163
3535,2648.9058
3535,2767.2893
3535,3044.8257
3535,2894.3643
3535,3131.8662
3536,2750.396
3536,2481.2207
3536,2721.376
3536,2601.3833
3536,2567.3328
3537,2901.8057
3537,2812.9773
3537,3198.712
3537,2526.0874
3538,3287.3672
3538,2833.9146
3538,2864.1357
3538,2833.9146
3538,3129.5308
3538,3145.0068
3539,2334.7632
3539,2947.2778
3539,2684.0366
3539,2736.0647
3539,3016.0027
3540,3743.265
3540,2754.8708
3540,2334.9827
3540,3713.2944
3541,2448.5122
3541,3333.1174
3541,3368.657
3541,8404.465
3542,4689.819
3543,2709.7114
3543,2899.9556
3543,2815.7563
3544,4024.4507
3544,4024.4507
3544,2783.0356
3544,2758.708
3544,2866.2322
3544,2425.5405
3544,2842.7068
3544,3905.9138
3545,2799.1333
3545,2724.3372
3545,2913.0044
3545,3884.2148
3545,2611.1401
3545,4009.7935
3546,4090.5337
3546,3408.953
3546,3080.6672
3546,3080.6672
3546,3356.3875
3547,2174.3774
3547,3734.0388
3548,2564.0173
3548,2692.6387
3548,2611.3855
3548,2831.8174
3549,2679.1348
3549,3942.4976
3550,2529.081
3550,2622.098
3550,3740.8484
3551,2857.058
3552,2982.2532
3553,2527.447
3553,2527.447
3553,3014.0527
3553,3194.6072
3553,3829.5654
3554,3023.715
3555,2888.8237
3555,2846.0906
3555,2962.1328
3555,3066.1274
3555,2888.8237
3556,3014.0527
3556,3014.0527
3556,3299.696
3556,2982.2532
3556,3299.696
3557,3057.931
3557,2982.532
3557,2856.498
3557,2856.498
3557,2635.5986
3558,3201.383
3559,2967.855
3560,2807.0247
3561,2721.097
3561,2610.8787
3562,3045.1538
3562,3750.467
3562,3790.4553
3562,3006.606
3563,2835.7239
3563,2840.893
3563,3145.346
3563,2715.8892
3563,3792.904
3563,2715.8892
3563,2715.8892
3563,3833.3484
3564,3096.5103
3564,3755.2822
3564,2370.0442
3564,3123.202
3564,3637.676
3565,2980.9133
3566,3165.2424
3566,3109.5205
3567,2694.3796
3567,3764.561
3567,2833.608
3567,2958.6533
3568,3845.2693
3568,3694.991
3568,2622.098
3569,2982.2532
3569,2982.2532
3569,4362.156
3569,3549.866
3570,2929.0107
3570,3453.814
3570,3141.903
3570,2682.2869
3570,2655.7163
3570,4220.51
3572,2439.3418
3572,5766.5557
3573,3621.351
3573,4478.611
3573,3829.2039
3574,2907.1382
3574,2907.1382
3574,2581.9207
3574,4447.5625
3575,3123.5386
3575,3959.873
3576,2601.6277
3576,2958.3315
3577,1997.4215
3577,2993.438
3577,2667.1487
3577,3029.27
3577,3479.8213
3577,3180.598
3578,2564.0173
3578,3580.8296
3578,2781.2375
3578,2656.8948
3578,3050.993
3579,2714.4126
3579,2743.3584
3579,3302.1616
3579,3580.8296
3580,2853.393
3580,2473.06
3580,2851.8582
3580,2882.269
3580,2999.8274
3581,2655.7163
3581,3040.631
3581,2736.0647
3581,2736.0647
3581,2622.8748
3581,4007.2354
3581,2551.639
3581,3541.4778
3582,2945.375
3582,2958.3315
3583,2740.3765
3583,3198.6936
3583,3143.3423
3584,3250.585
3584,3440.883
3584,2625.466
3584,3216.2876
3584,3077.0046
3584,3090.5842
3584,3156.8472
3584,3012.7417
3584,3156.8472
3584,3806.7725
3584,3847.3608
3584,3750.467
3585,2851.5493
3585,2851.5493
3585,4172.8716
3586,3646.6328
3587,2672.532
3587,2779.7253
3588,4508.964
3588,3113.5159
3588,2993.438
3589,5277.0347
3589,2386.5928
3590,3626.0005
3590,2479.1501
3590,2658.841
3590,4420.0
3591,2738.6057
3591,3322.736
3592,2687.233
3592,3192.572
3593,2736.0647
3593,3194.2903
3593,3450.083
3593,3418.0413
3593,2658.841
3594,2952.67
3595,2695.592
3595,2695.592
3595,4052.546
3595,2222.4392
3595,3210.39
3595,3216.2876
3595,3216.2876
3595,3216.2876
3595,3216.2876
3596,2767.2893
3597,2938.1384
3597,3713.2944
3597,3123.202
3597,3752.89
3597,3306.742
3597,3713.2944
3597,3713.2944
3597,3833.3484
3597,3833.3484
3599,2947.573
3599,2775.9146
3599,3285.2449
3599,3285.2449
3599,3838.2734
3599,3687.5188
3599,3320.2773
3599,2746.624
3599,8768.715
3601,2864.1357
3601,3145.0068
3601,3096.5103
3601,2746.624
3601,2982.2532
3601,2583.309
3601,2945.375
3601,2583.309
3601,2583.309
3601,2583.309
3601,2991.8105
3601,4188.976
3602,2809.3677
3602,2938.4146
3603,3947.5627
3603,3127.552
3603,2899.9722
3603,2967.855
3603,3169.01
3604,3603.8892
3604,2841.1614
3604,4554.1387
3604,4042.5652
3604,3603.8892
3604,3168.7139
3605,2655.7163
3605,4506.0913
3605,2982.2532
3605,3010.4692
3605,3055.671
3605,4152.751
3605,4014.945
3606,2694.3796
3606,4123.9614
3607,2775.8975
3607,4640.341
3607,4657.782
3607,4689.819
3609,3080.6672
3609,4024.4507
3609,3527.8655
571,1047.3115
571,1047.3115
571,1069.7803
571,1047.3115
571,924.5839
571,1058.4863
571,1036.2545
571,1047.3115
571,1069.7803
571,1069.7803
571,1047.3115
571,905.16144
571,1069.7803
571,1058.4863
571,1036.2545
571,1047.3115
571,1036.2545
571,1069.7803
571,1069.7803
571,1047.3115
571,1069.7803
571,1069.7803
571,1069.7803
571,914.8214
571,1069.7803
571,895.60376
571,1036.2545
571,1069.7803
571,924.5839
571,1069.7803
3610,2767.0293
3610,2418.494
3610,3145.346
3610,2638.985
3610,2356.6338
3611,2831.8174
3611,2364.6665
3611,4090.5337
3611,3445.3042
3612,2617.8386
3612,2472.7922
3612,4087.893
3613,3701.38
3613,2479.1501
3613,2919.6523
3613,4826.9155
3614,2830.8113
3614,2793.5137
3614,3942.4976
3615,2796.5374
3615,2938.1384
3615,2938.1384
3615,4052.5806
3615,2680.05
3615,2907.1382
3615,2907.1382
3615,3770.1313
3616,2995.6719
3616,3046.7927
3616,2705.9783
3616,2793.5137
3617,3049.3545
3617,3506.3792
3618,3308.181
3618,2846.0906
3618,2858.3435
3618,3130.1638
3618,2894.3643
3618,2894.3643
3618,3143.297
3618,3080.6672
3619,3046.194
3619,3014.0527
3619,2960.2441
3619,2915.882
3620,3098.821
3620,3342.0005
3620,3443.1062
3620,3057.931
3620,2945.9707
3620,3226.6167
3620,3218.341
3620,2835.4155
3621,2887.2532
3621,2950.7861
3622,3042.883
3622,3042.883
3622,2750.396
3622,3023.715
3622,3023.715
3622,2865.382
3622,2993.438
3622,3734.4233
3622,3219.2744
3623,4392.1597
3624,2846.0906
3624,2739.5806
3624,3202.501
3624,2885.3877
3624,2885.3877
3625,3006.606
3625,3115.5303
3625,2741.57
3625,3527.8655
3625,3250.889
3625,3285.5552
3625,3453.814
3626,2811.184
3626,3443.1062
3626,3443.1062
3627,2483.7075
3628,2978.706
3629,2927.1365
3629,2927.1365
3629,2712.66
3629,3023.715
3629,2876.4648
3629,2753.389
3629,2724.3372
3629,2724.3372
3629,2925.5452
3629,3800.2017
3629,3014.0527
3630,2982.2532
3630,2865.382
3631,3579.269
3632,3322.4224
3632,3543.049
3632,3287.3672
3633,3112.1172
3633,3835.8247
3633,3800.2307
3633,3795.3542
3633,3835.8247
3634,3866.784
3634,4455.673
3634,4316.134
3634,4362.156
3634,3579.269
3634,3694.991
3634,3694.991
3634,2837.2664
3634,4362.156
3634,3769.013
3634,3406.752
3635,2814.243
3635,2439.3418
3635,2439.3418
3638,4025.6448
3638,3322.4224
3639,2717.6438
3639,3357.851
3639,3357.851
3639,4134.987
3640,3750.467
3640,2920.2026
3640,2807.3286
3640,3057.9746
3640,3156.8472
3640,3090.5842
3640,3156.8472
3640,3044.8691
3640,3090.5842
3640,3077.3362
3640,3290.442
3640,3440.883
3640,3090.5842
3641,3147.0388
3641,3149.0479
3642,2799.1333
3642,3113.5159
3643,2616.4304
3643,3543.049
3643,3302.1396
3643,2867.2346
3643,2695.592
3644,5886.422
3644,2821.7678
3644,2753.389
3644,2851.8582
3644,2921.515
3644,2616.1484
3644,3357.851
3644,3308.181
3644,3337.3523
3644,4779.081
3646,3368.657
3646,2908.9941
3647,2839.0588
3648,3077.0046
3648,2696.0986
3648,2586.6274
3648,2548.3643
3648,2888.8237
3649,3027.5972
3649,3608.1582
3649,2938.1384
3649,2938.1384
3649,2640.4055
3650,2888.8237
3651,2793.7761
3651,3201.0806
3651,3368.657
3652,2905.533
3652,2829.989
3653,2763.7395
3653,3048.162
3653,2822.997
3655,2679.1348
3655,3066.1274
3655,2839.0588
3655,5277.0347
3655,3967.488
3656,3594.6462
3656,2851.8582
3656,1909.5067
3656,1909.5067
3656,2672.532
3656,3228.7012
3656,3283.7878
3658,2715.8892
3658,3231.092
3659,3048.162
3659,3168.7139
3660,2835.4155
3660,3216.2876
3660,3583.143
3662,3786.3572
3662,3285.2449
3662,3250.585
3662,3285.2449
3662,3285.2449
3662,3250.585
3662,3320.2773
3662,2436.2112
3663,4704.9146
3663,3100.196
3663,2684.0366
3664,2714.4126
3664,3563.2095
3664,2856.498
3665,2960.2627
3665,3644.2786
3665,3226.6167
3665,4500.7603
3665,4815.0605
3665,3605.8286
3665,2855.253
3666,2674.26
3666,2821.7678
3667,2752.152
3668,2638.721
3668,3143.0002
3668,4004.6482
3668,2941.5952
3668,3962.3972
3669,2734.8357
3669,3167.6047
3669,3410.7876
3669,2752.152
3669,2907.1382
3669,2907.1382
3669,2899.9722
3669,2784.5496
3669,2907.1382
3669,2945.9707
3669,2938.1384
3669,3494.265
3669,2907.1382
3669,3075.6633
3669,2907.1382
3669,2938.1384
3669,2969.4692
3669,3764.938
3669,3901.3
3669,3482.0396
3669,2977.3848
3669,2969.4692
3669,3647.0261
3669,4262.791
3669,3947.5627
3669,2784.5496
3669,3430.5361
3669,2969.4692
3670,3110.1316
3670,2690.3945
3670,4239.0776
3671,3226.6167
3671,3658.3713
3671,4458.5513
3671,2938.6921
3671,2742.8022
3671,4506.0913
3671,3084.6255
3672,3143.0002
3672,3671.7444
3672,3029.5735
3672,4183.601
3672,2767.8108
3673,2722.8562
3673,2877.9883
3674,2493.0232
3674,2565.396
3674,2565.396
3674,3628.3464
3674,4178.233
3674,3790.4553
3674,3111.8232
3674,4134.151
3675,2846.0906
3675,4757.6353
3675,2878.8408
3675,2254.584
3676,3368.657
3676,3226.6167
3676,3870.4302
3676,3226.6167
3676,3145.346
3676,3112.1616
3677,3309.4749
3677,2913.0044
3678,3947.5627
3678,4392.1597
3678,4299.9717
3679,3202.501
3679,3006.606
3679,3395.8467
3679,2793.5137
3679,3046.194
3679,2724.3372
571,905.16144
571,1058.4863
571,1036.2545
571,1069.7803
572,1114.369
572,1114.369
572,1097.8756
572,798.1716
572,890.92126
572,890.92126
572,955.97217
572,741.3185
572,718.53534
572,726.2055
572,726.2055
572,718.53534
572,718.53534
572,710.9461
572,703.43695
573,957.8202
573,947.1839
573,945.9675
573,945.9675
573,945.9675
573,945.9675
573,945.9675
573,945.9675
573,945.9675
573,945.9675
573,945.9675
3679,3432.058
3680,2777.6697
3681,2938.1384
3682,3479.8213
3682,3080.6672
3682,2908.4045
3683,2809.3677
3684,3381.2905
3685,2640.6902
3685,3408.5823
3685,3064.148
3685,3064.148
3686,3918.0605
3686,4313.78
3688,3048.162
3688,3805.0842
3688,3328.8403
3689,3845.2693
3689,3490.6433
3689,3033.4458
3689,3764.561
3689,3724.8457
3689,3724.8457
3689,3764.561
3689,3764.561
3689,2903.9546
3689,2952.67
3690,2865.6758
3690,2774.1052
3690,2793.5137
3690,2892.5354
3690,4392.1597
3691,3866.784
3692,2811.184
3692,2588.2998
3692,3713.266
3692,3683.5356
3692,3962.3972
3692,3406.752
3692,6096.3213
3694,2987.9885
3694,2658.841
3694,4849.1313
3696,3790.4553
3696,3845.6875
3696,4002.0935
3696,4503.668
3696,3168.7139
3696,4252.297
3696,3440.883
3696,4297.6343
3696,4281.5454
3696,3603.8892
3696,3812.7942
3696,7876.1743
3696,4734.7363
3696,3228.655
3697,3094.511
3697,3250.585
3697,2919.6287
3697,2833.9146
3697,3180.598
3697,5232.466
3699,2855.253
3699,3202.501
3699,3202.501
3699,3168.7139
3700,3579.269
3700,4425.6787
3701,4098.404
3701,3297.9243
3701,2864.1357
3701,3285.2449
3701,2490.0588
3701,2490.0588
3701,2412.0635
3702,2461.9602
3703,3357.851
3703,3322.4224
3703,2527.7207
3704,3014.0527
3704,3046.194
3704,3014.0527
3704,3014.0527
3704,3014.0527
3704,3014.0527
3704,3014.0527
3704,3014.0527
3704,3014.0527
3705,2734.8357
3705,3082.9485
3705,2673.9692
3706,3543.049
3707,3701.38
3707,2566.1572
3708,2470.3516
3709,2655.7163
3709,2655.7163
3709,2655.7163
3709,2655.7163
3709,3792.904
3709,2846.0906
3709,3560.9058
3710,2755.1692
3710,2918.3171
3710,2132.826
3710,2490.0588
3710,2490.0588
3710,2490.0588
3710,2490.0588
3710,2490.0588
3710,2490.0588
3710,2490.0588
3710,2490.0588
3710,2490.0588
3710,2490.0588
3710,2490.0588
3710,2490.0588
3710,3003.0745
3711,5886.422
3712,2896.2522
3712,2853.4094
3712,2799.8262
3713,3489.0952
3713,2945.375
3713,2858.3435
3713,2822.997
3713,3440.883
3713,3249.1433
3713,3228.7012
3713,3297.9243
3713,3404.5786
3713,3263.1277
3713,3297.9243
3713,3333.0889
3713,3283.7878
3714,3236.6514
3714,3044.8257
3715,3250.585
3715,3250.585
3715,2803.4238
3716,2982.8135
3716,2958.3315
3717,2809.4077
3717,3833.3484
3717,3342.0005
3718,2700.507
3718,2938.1384
3718,2794.7292
3718,3030.169
3718,2927.1182
3718,3852.304
3719,2916.455
3720,2936.8171
3720,2655.7163
3720,2967.855
3720,2967.855
3720,2882.269
3721,3140.9712
3722,3131.8662
3722,2794.7292
3722,2622.098
3723,3119.5303
3723,3393.6543
3723,3393.6543
3723,2947.874
3723,4875.2705
3724,3084.6255
3724,2997.8733
3724,2997.8733
3724,3202.501
3724,3168.7139
3724,3069.4434
3724,6031.9614
3724,2913.0044
3724,3216.2876
3725,3011.0781
3725,2709.7114
3725,2400.1724
3725,2833.9146
3726,5897.7915
3726,3048.162
3726,3306.4045
3726,2772.6128
3726,2667.1487
3726,4817.6514
3729,5111.7397
3729,2807.3286
3729,2987.9885
3730,3855.9363
3730,2473.06
3730,2667.1487
3730,3807.161
3730,3807.161
3730,3847.757
3730,3095.137
3730,3889.2053
3730,2724.3372
3731,2989.9219
3732,2744.8506
3732,3226.6167
3732,2567.5386
3732,2861.705
3732,2942.468
3732,4500.7603
3732,4866.4014
3733,3874.22
3733,3833.3484
3733,3610.8508
3733,3697.3813
3733,3168.7139
3733,3226.6167
3733,2991.828
3733,3604.2605
3733,2715.8892
3734,2907.1382
3734,2907.1382
3734,2969.4692
3734,2907.1382
3734,2755.1692
3734,3494.265
3734,3075.6633
3734,2938.1384
3734,2907.1382
3734,2907.1382
3734,2907.1382
3734,2755.1692
3734,2914.8877
3734,2667.1487
3734,3848.1426
3734,10314.035
3734,10314.035
3735,2877.9883
3735,3850.6284
3735,4381.7817
3736,3210.39
3736,2662.2576
3736,3216.2876
3737,2880.7021
3737,4090.5337
3737,3108.1235
3738,2921.515
3738,3079.3008
3739,2828.9822
3739,3554.427
3739,5157.3657
3740,3090.5842
3740,2677.405
3740,3633.0083
3740,2733.0686
3740,3029.5735
3740,3580.8296
3740,3505.6702
3740,3580.8296
3740,3505.6702
3741,2616.1484
3741,2567.5386
3741,3253.9543
3742,3098.5315
3742,3196.674
3742,3601.2017
3742,5367.1045
3743,3357.851
3743,3022.0886
3743,4657.782
3743,3417.3762
3743,4608.642
3744,3360.0203
3744,2840.893
3744,3743.265
3745,2746.624
3745,3947.5627
3745,4345.8213
3745,4392.1597
3745,8141.2886
3746,3080.6672
3746,3017.1797
3746,2733.0686
3746,3470.8965
3746,4257.3257
3746,3080.6672
3746,3048.162
3746,3158.8416
3746,3113.5159
3746,3113.5159
3747,2685.772
3748,3490.6433
3748,2714.1187
3749,3381.2905
3749,2885.7014
3749,2960.2627
3749,4047.346
3749,2588.7876
3749,3265.239
3749,3370.8076
3749,3046.8103
3749,3370.8076
3749,3320.9487
3750,3654.0222
3750,3449.731
573,945.9675
573,837.5464
573,936.48895
573,936.48895
573,936.48895
573,846.40515
573,757.71893
573,749.7164
573,749.7164
573,749.7164
573,733.9633
573,749.7164
573,749.7164
573,757.71893
573,749.7164
573,741.7979
574,974.6071
574,887.0158
574,887.0158
574,812.6125
574,876.43994
574,885.79333
574,885.79333
574,885.79333
574,799.553
574,799.553
574,782.7545
574,799.553
574,799.553
574,799.553
3750,2839.0588
3750,3291.591
3750,3615.4695
3750,2908.9941
3750,3366.8257
3750,3516.9248
3750,2817.8818
3751,3322.4224
3751,5292.172
3751,3102.1753
3751,2772.6128
3751,3724.8457
3752,2938.1384
3752,2938.1384
3752,2894.3643
3752,2907.1382
3752,4002.0935
3752,4087.893
3754,2997.6074
3754,3795.3542
3754,3918.0605
3755,3764.561
3755,3764.561
3755,4793.453
3755,3635.324
3755,2746.624
3755,3140.9712
3756,3393.6543
3756,2565.675
3756,2885.3877
3756,2658.879
3756,3039.3088
3758,2835.4155
3758,3585.4304
3758,2553.011
3759,2545.094
3759,2545.094
3759,2545.094
3759,2545.094
3759,2545.094
3759,2545.094
3759,2545.094
3759,2545.094
3759,2545.094
3760,2853.393
3760,2922.0654
3760,5029.6763
3760,2771.3672
3761,2960.2627
3762,2873.315
3762,2755.1692
3762,2930.8962
3763,3115.5303
3763,3322.4224
3763,3003.0745
3763,2577.4475
3763,3210.39
3763,3182.328
3763,3113.5159
3763,3583.143
3763,3959.873
3763,4002.0935
3763,3474.1694
3763,3586.4944
3763,4087.893
3763,3511.2124
3763,4600.218
3763,4147.4224
3763,3586.4944
3763,3959.873
3763,4044.764
3763,3035.0989
3763,5391.297
3763,4044.764
3764,2655.7163
3765,8681.817
3765,3559.021
3766,2835.7239
3766,2690.3945
3767,2960.2627
3767,3216.892
3767,4316.134
3768,3752.89
3768,3752.89
3768,3106.1611
3769,4334.6763
3769,2993.7607
3769,3297.9243
3769,2999.8274
3770,2950.7861
3770,2982.2532
3770,2982.2532
3770,3014.0527
3770,2929.0276
3770,2695.592
3770,2564.0173
3770,3228.7012
3771,2755.1692
3772,3322.4224
3772,2695.592
3772,3393.6543
3772,2828.9822
3773,4557.076
3773,2527.447
3774,3160.9033
3774,3160.9033
3774,2822.033
3774,6513.601
3774,2969.4692
3774,2969.4692
3774,3393.6543
3774,3105.5332
3774,2807.0247
3774,2969.4692
3774,2969.4692
3774,2907.1382
3774,3159.7788
3774,2969.4692
3775,3059.594
3775,2864.1357
3775,3360.6711
3775,3678.8088
3776,3224.8594
3776,2971.3892
3777,3337.3713
3777,2562.864
3777,3874.22
3779,3096.8027
3780,3168.7139
3780,3168.7139
3780,3202.501
3780,3044.8257
3780,4811.47
3780,4862.768
3780,2793.5137
3780,4032.6052
3780,2853.4094
3780,2764.0374
3780,2896.2522
3780,3001.1355
3780,3580.8296
3780,2733.0686
3780,2853.4094
3780,2896.2522
3780,3014.0527
3780,4710.4873
3780,12375.696
3781,2862.5542
3781,3659.9631
3781,3583.143
3782,4114.2207
3782,3226.6167
3782,3178.887
3783,3063.8586
3783,2562.864
3784,2748.62
3785,2711.44
3785,2745.132
3786,3057.9512
3786,2962.175
3786,2425.5405
3786,3482.0396
3787,3075.0413
3787,2736.0647
3787,2982.2532
3787,5320.6987
3787,2976.5032
3787,2919.6523
3787,3482.0693
3787,3082.6575
3787,3148.7505
3787,3148.7505
3788,2695.2988
3788,2883.837
3788,5749.2227
3789,3710.897
3789,3710.897
3789,3543.049
3790,3363.16
3790,3226.6167
3790,3064.148
3790,3226.6167
3791,4442.754
3791,2624.2852
3792,2929.0276
3792,2929.0276
3792,3121.8406
3792,3875.0037
3793,2687.233
3793,3031.4873
3794,4500.7603
3794,5257.8115
3794,2564.0173
3795,3147.0388
3795,2934.9211
3795,5960.6685
3795,3203.1519
3795,3453.814
3796,3479.8213
3796,3167.3086
3796,3847.757
3796,3649.6746
3796,3046.194
3797,2601.346
3797,2601.346
3797,4239.0776
3797,5111.7397
3798,2916.455
3798,3449.7078
3798,3543.049
3798,2949.158
3798,3619.0132
3798,3505.6702
3799,3110.1316
3799,3671.7444
3799,2490.0588
3799,3710.897
3799,3637.6448
3800,2816.0613
3800,4152.751
3800,3393.6543
3800,3527.8655
3800,3375.1191
3800,3453.814
3801,4178.233
3801,3121.8406
3801,4178.233
3801,2958.3315
3801,3671.7444
3801,4047.3806
3801,2744.8506
3801,3550.9463
3801,4178.233
3801,4134.151
3802,2930.9214
3802,2952.67
3802,2987.9885
3803,2982.2532
3803,3014.0527
3803,3014.0527
3803,3396.1675
3804,3285.2449
3804,3320.2773
3804,2580.7583
3804,2898.0818
3804,4376.1597
3805,2712.66
3805,2794.7292
3805,3449.731
3806,3505.6702
3806,3543.049
3806,3505.6702
3806,2903.682
3806,3317.026
3807,4047.346
3807,1565.2389
3808,3064.1274
3808,3440.883
3808,3320.2773
3808,3110.1523
3808,3060.2158
3809,3337.037
3810,2869.3745
3810,2746.3267
3810,2894.6763
3810,3131.5706
3810,2925.5452
3810,2925.5452
3810,2925.5452
3811,2927.1365
3811,3210.39
3811,3835.8247
3812,3113.5159
3812,3113.5159
3812,3158.8416
3812,2471.6802
3812,4105.878
3812,3845.2693
3812,3804.7031
3812,3724.8457
3812,4019.697
3813,2999.504
3813,3158.8416
3813,2918.3394
3816,4511.8765
3816,6084.569
3816,2908.9941
3816,3337.037
3816,4814.578
3816,2733.0686
3816,2907.1382
3816,2907.1382
3816,3406.778
3816,3406.778
3816,3035.0989
3816,2697.3335
3817,2700.507
3817,3069.4434
3818,3281.339
3818,3543.049
574,954.13544
574,974.6071
574,964.317
574,964.317
574,799.553
574,777.05035
574,719.00006
574,734.4324
574,734.4324
574,734.4324
574,734.4324
574,734.4324
574,812.6125
574,876.43994
574,885.79333
574,895.2464
574,799.553
574,799.553
574,808.08716
574,791.10925
574,799.553
574,799.553
574,964.317
574,964.317
574,974.6071
574,964.317
574,974.6071
574,964.317
574,964.317
574,954.13544
3818,2947.573
3818,2960.2627
3818,2960.2627
3818,2929.0276
3818,2994.0435
3818,2960.2627
3819,4002.0935
3819,3526.328
3819,3640.3386
3819,3563.9302
3820,2712.66
3820,2794.7292
3820,9984.535
3820,2777.6697
3821,3741.198
3822,3594.6462
3822,2887.5244
3822,3670.4626
3822,3521.4434
3822,3447.53
3822,3080.6672
3822,3506.349
3823,3292.5676
3823,2898.1233
3823,3701.38
3823,3029.5735
3824,3674.0884
3824,4793.453
3825,3585.4304
3825,4142.105
3826,2933.3438
3827,3752.89
3827,3010.4692
3827,3164.9465
3827,2419.7944
3827,2683.494
3828,3838.2734
3828,3621.351
3828,3042.2852
3828,3252.657
3829,2738.3484
3830,3003.0745
3830,4287.046
3830,3490.6433
3830,2809.3677
3830,2268.893
3830,3283.816
3830,4887.8057
3830,3285.2449
3830,2896.2522
3830,3084.6255
3831,4276.0513
3831,3234.8918
3831,2619.5088
3831,3096.8027
3832,3445.3042
3832,3145.346
3832,3075.6194
3833,3182.9534
3833,2929.0276
3833,3579.269
3833,4068.217
3833,3579.269
3835,4808.8823
3835,2999.8274
3836,3044.8691
3837,3621.351
3837,3140.9712
3837,3059.594
3837,3441.2344
3837,3713.2944
3837,3833.3484
3838,2878.3
3838,4180.932
3838,2754.8708
3838,4136.8213
3838,3685.9153
3838,4472.8643
3838,4334.6763
3838,3141.6064
3839,3078.9924
3839,4557.076
3839,3743.265
3840,2894.3643
3841,2938.1384
3841,2938.1384
3841,2969.4692
3841,3001.1355
3841,3188.7734
3841,3014.3374
3842,2736.0647
3842,3202.501
3842,2855.2134
3842,3232.8464
3842,4557.076
3842,3605.8286
3843,3662.3274
3844,2851.8582
3844,3273.9412
3844,2856.498
3844,2940.013
3845,2658.841
3845,3080.6672
3845,3080.6672
3846,3552.8777
3846,3141.903
3846,3357.851
3846,3833.3484
3847,4420.0
3847,3468.6821
3847,3302.1616
3848,3659.9631
3848,3621.351
3848,3583.143
3848,3202.501
3849,3486.5134
3849,2507.445
3850,3044.8691
3850,3090.5842
3850,3123.5386
3850,3156.8472
3850,2682.2869
3850,3188.7734
3852,3479.8213
3852,3443.1062
3852,3443.1062
3852,3443.1062
3852,3192.2249
3853,2855.253
3853,2958.6533
3853,2990.2014
3853,3750.467
3854,3115.5303
3854,3148.7505
3854,3202.501
3854,4014.945
3854,2620.6875
3854,2678.6096
3855,2726.0986
3855,3807.161
3856,3025.6685
3856,3176.8164
3856,2697.3118
3856,3406.778
3856,3025.6858
3856,2980.9304
3856,3012.7158
3856,2980.9304
3856,3025.6858
3856,2962.175
3856,3057.9512
3856,3285.2449
3856,3285.2449
3857,4134.151
3857,2949.4773
3858,3710.897
3858,3750.467
3858,3671.7444
3858,2941.5952
3858,3375.4573
3858,3750.467
3858,3186.4136
3858,3671.7444
3858,3750.467
3858,3750.467
3858,3671.7444
3859,3121.8406
3860,3031.4873
3860,3368.657
3861,3160.9033
3861,4716.539
3861,3755.2822
3861,3608.5195
3861,3010.4692
3862,3866.784
3862,5196.723
3862,4839.3677
3863,3490.6433
3863,3490.6433
3863,2731.5996
3864,3156.8472
3864,3210.39
3864,5370.5254
3864,2819.3743
3864,5257.8115
3864,3633.0083
3864,3533.4429
3864,4500.7603
3864,3148.7505
3864,10198.6455
3866,6325.162
3867,2913.0044
3867,2913.0044
3868,3490.6433
3869,3356.3875
3869,3356.3875
3869,3464.9055
3869,3464.9055
3869,3289.4658
3871,3360.3376
3871,5893.984
3871,3697.3813
3871,3186.4136
3871,3619.0132
3871,3879.5935
3871,4411.5166
3871,2892.5354
3872,3288.6533
3872,4787.3027
3872,2837.2488
3872,3250.585
3872,3248.4832
3873,3115.5303
3873,2801.9158
3873,3867.1455
3874,2978.9858
3874,4209.69
3874,2960.2627
3874,3090.5842
3875,3876.7266
3875,3669.7485
3876,3060.2158
3876,3322.4224
3876,4228.2427
3876,4364.9365
3877,3064.148
3877,3740.8484
3877,3143.297
3878,2894.6763
3878,2894.6763
3878,2894.6763
3878,2894.6763
3878,3090.5842
3878,3044.8691
3878,2788.1274
3879,3273.279
3879,2949.4773
3879,2677.405
3879,2969.4692
3879,2969.4692
3879,2855.2134
3880,2851.8582
3880,3764.561
3880,3804.7031
3880,3804.7031
3880,4062.5588
3880,4070.814
3880,3631.3936
3880,4002.0935
3880,2871.4585
3880,2905.533
3880,3221.3296
3881,5398.223
3881,3168.7139
3881,3236.6514
3881,3236.6514
3881,3202.501
3881,3202.501
3881,4027.431
3881,3593.4224
3881,2927.1365
3881,2864.1357
3881,3046.194
3881,3177.159
3881,3211.039
3881,4027.431
3882,3644.6714
3882,4614.528
3883,5919.907
3884,4955.8174
3884,3067.4617
3884,3003.0745
3884,3453.814
3884,3228.7012
3884,3031.4873
3884,3031.4873
3884,3025.9717
3884,3812.0198
3885,2929.0276
3885,3273.279
3886,3752.89
3886,3752.89
3886,3547.6013
3886,4559.9854
3886,6215.003
3886,3033.776
3887,2958.6533
3887,2953.5278
3888,3192.572
3888,3145.346
3888,3145.346
3888,3158.8867
3888,3145.346
3888,3145.346
3888,2793.4736
3888,2898.0818
3889,3659.9631
3889,4002.0935
3889,3959.873
3889,4103.6694
574,954.13544
574,964.317
574,964.317
574,964.317
574,964.317
574,964.317
574,1066.5704
575,957.38916
575,957.38916
575,957.38916
575,957.38916
575,957.38916
575,957.38916
575,1090.2593
575,1043.592
575,1043.592
575,1090.2593
575,1043.592
575,1043.592
575,1043.592
575,1043.592
575,1043.592
575,1043.592
575,1043.592
575,1043.592
575,1137.549
575,1188.4138
575,1137.549
575,1120.7128
575,1120.7128
3890,2894.6763
3890,5367.1045
3890,2865.382
3890,2864.1357
3891,3662.3274
3891,2796.5374
3891,5291.1426
3892,3594.6462
3892,3300.055
3892,3216.9382
3893,3202.501
3893,3168.7139
3893,3079.3008
3893,3238.7424
3894,3001.1355
3894,5582.3667
3894,4362.156
3894,3748.4285
3894,3265.189
3895,3871.752
3895,3443.1062
3895,3752.89
3895,3216.2876
3895,2803.991
3896,3150.7876
3896,3023.715
3896,5814.2695
3896,3755.2822
3897,3833.3484
3897,3833.3484
3897,3833.3484
3897,3752.89
3897,3792.904
3897,3611.5327
3897,3752.89
3898,3096.5103
3898,3202.501
3898,3168.7139
3898,3357.851
3898,3838.2734
3898,5431.2935
3898,3393.6543
3898,3393.6543
3898,3757.7083
3899,2960.2627
3899,6396.7305
3900,2999.7844
3901,3590.7632
3901,2851.5493
3901,4276.0513
3901,7175.251
3902,3250.585
3902,3250.585
3902,3699.7383
3902,2864.1357
3903,3131.8484
3903,3962.3972
3903,3158.8867
3903,3833.3484
3903,3214.5117
3904,3594.6462
3905,2687.233
3905,4911.9785
3906,3671.7444
3906,3710.897
3906,3710.897
3906,2687.233
3906,2977.3848
3906,3368.657
3907,3064.1274
3907,3664.6655
3908,2526.0874
3908,4442.754
3909,2736.0647
3909,2453.2227
3909,4557.076
3909,4557.076
3910,3155.131
3910,3621.351
3910,3381.2905
3911,2821.1958
3911,3605.8286
3911,3621.351
3911,3174.8079
3913,3057.9512
3913,2752.152
3913,2822.997
3913,2928.7104
3913,4541.359
3914,6259.0674
3914,4461.3975
3915,3103.8625
3915,2847.8901
3915,3623.6594
3915,3389.985
3916,3056.2888
3916,4047.3806
3916,3552.8777
3916,3662.3274
3916,2888.8237
3917,2984.7407
3917,3527.8655
3918,4568.793
3918,3121.8406
3918,3543.049
3918,2624.055
3918,4666.743
3918,3339.8428
3919,2938.1384
3919,2894.6763
3919,2864.1357
3919,2925.5452
3920,3156.8472
3920,4116.431
3920,3345.6177
3920,3012.7417
3920,3044.8691
3920,3404.5786
3920,3156.8472
3920,3156.8472
3920,3123.5386
3920,3044.8691
3920,3221.3757
3920,3044.8691
3920,3750.467
3920,3267.6072
3920,2853.4094
3920,1655.1019
3921,2990.2014
3921,2927.4353
3921,3079.3008
3921,2907.1382
3921,3572.7056
3922,2619.5088
3922,3079.3008
3923,3375.1191
3923,3516.9248
3923,2842.7068
3923,3443.1062
3924,3179.2114
3924,2958.6533
3924,3285.2449
3924,3432.3823
3924,3250.585
3924,2869.3745
3924,3238.7424
3924,3238.7424
3925,3125.5327
3925,4292.55
3926,2947.573
3926,3158.8867
3927,3214.8613
3927,3333.0889
3927,3263.1277
3927,3214.8613
3927,2736.5803
3928,4178.233
3929,3596.972
3929,2883.837
3930,3077.0046
3931,3366.8257
3931,3095.137
3931,2907.1382
3931,3001.1355
3931,3999.918
3931,3147.354
3931,2969.4692
3931,3001.1355
3931,4467.1294
3931,4532.18
3932,4458.5513
3932,3472.251
3932,3061.8774
3933,2925.5452
3933,3137.2817
3933,3334.8826
3933,3453.814
3933,3098.487
3935,2928.7104
3936,3964.9229
3936,3273.279
3936,3322.4224
3936,3236.6514
3936,2826.623
3936,3662.3274
3936,3730.706
3936,3096.8027
3937,3090.54
3937,3123.8335
3938,3254.7585
3940,3228.7012
3941,3368.657
3941,3368.657
3941,3252.657
3941,3468.6523
3941,3432.058
3941,3432.058
3941,3468.6523
3941,3468.6523
3942,4948.463
3942,5735.6387
3942,4787.3027
3943,3659.9631
3944,3178.887
3945,3724.8457
3945,3874.22
3945,3792.904
3945,3792.904
3945,2938.1384
3945,3186.4136
3945,3453.814
3945,3619.745
3945,4209.69
3946,3030.169
3946,2805.8025
3947,4225.509
3947,2774.1052
3948,2795.2786
3948,3127.8474
3948,2177.1716
3948,3708.88
3948,3443.1062
3949,3659.9631
3949,2767.8108
3949,3368.657
3950,3168.7139
3950,3202.501
3950,3202.501
3950,3168.7139
3950,3202.501
3950,3202.501
3950,3168.7139
3950,3168.7139
3950,3202.501
3950,3168.7139
3950,3271.1626
3950,3202.501
3950,3168.7139
3950,5634.6484
3950,3202.501
3950,3202.501
3950,3202.501
3950,3202.501
3950,3196.6528
3951,3014.0527
3951,3399.0002
3951,4114.2207
3951,3631.3936
3951,3014.0527
3951,3474.1694
3951,4559.9854
3951,3119.5303
3952,2675.698
3952,4878.425
3952,2885.7014
3952,3375.4348
3953,3031.4873
3953,3194.6072
3954,2763.7395
3954,3202.501
3954,2977.3848
3954,3168.7139
3955,4091.3298
3955,2634.4146
3956,3644.6714
3957,3513.454
3958,3659.9631
3958,3561.293
3958,3320.2773
3959,3226.6167
3959,3226.6167
3959,3158.8867
3959,3226.6167
3959,3178.887
3959,4458.5513
3959,3192.572
3959,3112.1616
3960,3188.4753
3960,3160.9033
3961,3003.0745
3961,3228.655
3961,3605.8286
3961,5424.33
3962,3464.2048
3963,3273.279
3963,3547.6013
3963,2990.2014
3964,3108.4617
3964,3108.4617
3964,4535.108
3965,3579.269
3965,5582.3667
3965,5641.887
3965,4362.156
3965,4362.156
3965,3579.269
3965,4408.6646
3965,4408.6646
3965,3617.4358
3965,4316.134
575,1120.7128
575,1120.7128
575,819.9503
575,1009.48505
575,945.03326
575,945.03326
575,1050.2037
575,1117.6176
575,1108.8816
575,994.44904
576,887.5898
576,774.4817
576,924.22253
576,934.0852
576,924.22253
576,934.0852
576,763.0143
576,763.0143
576,763.0143
576,754.95593
576,763.0143
576,763.0143
576,763.0143
576,754.95593
576,763.0143
576,763.0143
576,763.0143
576,763.0143
576,763.0143
576,754.95593
3965,4316.134
3965,4887.8057
3966,2940.5908
3966,3479.8213
3966,3479.8213
3966,3479.8213
3966,2993.438
3966,3337.3523
3967,3269.3845
3967,5373.9995
3967,3345.6177
3967,3381.2905
3967,2753.389
3968,3786.3572
3968,3393.6543
3968,3393.6543
3968,3322.4224
3968,2802.163
3968,3786.3572
3971,4605.6665
3971,3158.8867
3971,2960.2627
3971,2960.2627
3972,3077.0046
3972,3159.7788
3972,3253.9543
3972,3430.5657
3973,3530.1445
3974,2561.23
3974,3876.7266
3974,4004.6482
3975,3123.5386
3975,3543.049
3975,3543.049
3975,3145.0068
3975,3337.3713
3975,2831.8174
3975,3633.0083
3975,3035.0989
3975,3035.0989
3975,3035.0989
3975,3035.0989
3976,3121.8406
3977,6715.591
3977,3475.3562
3977,2982.2532
3977,3352.3972
3977,3671.7444
3977,3750.467
3977,4710.447
3978,3955.5579
3979,2993.438
3979,2927.4353
3980,2993.7607
3980,3140.9712
3980,2877.9883
3980,3573.0942
3980,3535.395
3981,2988.5757
3981,3516.9248
3982,2744.8506
3983,3283.7878
3984,3876.7266
3984,3764.9165
3984,2969.4692
3984,4073.4438
3984,3038.9956
3984,3507.9048
3984,3739.1858
3984,5064.309
3984,4205.1387
3985,2940.013
3985,6325.802
3985,2856.498
3986,3069.4434
3986,3322.4224
3987,3807.5422
3987,3530.498
3987,3848.1426
3987,3103.8625
3988,2940.013
3989,2925.5452
3989,2864.1357
3989,2894.6763
3989,2894.6763
3989,2864.1357
3989,3543.049
3989,4082.6477
3989,4660.7554
3989,4095.7893
3990,2851.5493
3990,3545.3108
3990,3619.0132
3990,3864.2876
3990,3334.8826
3990,3121.8406
3990,5281.511
3990,2999.7844
3991,3067.4617
3991,2629.1243
3991,3123.5386
3991,3273.279
3991,4047.3806
3991,3090.5842
3991,3090.5842
3991,3987.5176
3991,3704.8416
3991,3389.985
3992,4467.1294
3992,2655.7163
3992,3366.8257
3992,3236.6514
3992,3202.501
3992,3168.7139
3992,3202.501
3992,3271.1626
3992,3236.6514
3992,3257.4763
3992,3168.7139
3993,3238.7424
3993,3271.8057
3993,3512.4119
3993,3512.4119
3994,2714.4126
3994,2860.167
3994,3238.7424
3996,3561.293
3996,2225.2942
3996,3918.0605
3997,3360.3376
3997,2744.8506
3997,3780.7341
3997,3804.7031
3997,3804.7031
3997,3804.7031
3997,3845.2693
3997,3804.7031
3997,3125.5327
3998,2929.0276
3998,2885.7014
3998,2755.1692
3998,3297.9243
3998,3180.9407
3998,3440.883
3998,4782.132
3998,3263.1277
3998,3440.883
3999,3158.8867
3999,3226.6167
3999,3212.7856
4000,2655.429
4001,3586.1555
4001,3001.1355
4001,2564.0173
4001,3596.972
4002,2923.9548
4002,2762.2527
4003,2833.608
4003,3415.17
4004,3816.9175
4004,3792.904
4004,3752.89
4004,4002.0935
4004,4044.764
4004,4044.764
4004,4044.764
4004,3263.1277
4004,3263.1277
4004,3202.501
4004,3168.7139
4004,3658.3713
4004,4458.5513
4004,3928.1348
4004,3928.1348
4005,3114.1277
4006,3168.7139
4007,2956.7417
4007,3228.655
4007,2595.4436
4007,3302.1616
4007,3580.8296
4007,3619.0132
4008,3833.3484
4008,2714.4126
4008,2867.522
4008,3001.1355
4008,3001.1355
4008,3001.1355
4008,2907.1382
4009,3202.501
4009,2807.0247
4010,4511.8765
4010,4884.6875
4010,3456.0188
4010,3456.0188
4011,3395.8467
4011,3432.058
4011,3468.6523
4011,3468.6523
4011,3468.6523
4011,3128.14
4011,3752.89
4011,3752.89
4011,5528.6396
4012,2958.6533
4012,3389.2996
4013,3066.0837
4013,2950.7861
4013,4049.9604
4013,3683.88
4013,4093.145
4014,3110.1316
4014,4103.6694
4014,4948.463
4014,4087.893
4015,3123.5386
4015,3044.8691
4015,2634.4146
4016,2564.0173
4016,3168.7139
4016,3588.8113
4017,3792.904
4017,3833.3484
4017,3874.22
4018,4589.3525
4018,3094.8447
4018,3838.2734
4018,2990.2014
4020,3512.4119
4020,3108.168
4021,4052.546
4021,3108.4617
4021,3108.4617
4021,3649.3542
4021,2809.3677
4022,3042.883
4022,3516.9248
4022,2992.0933
4022,2977.3848
4022,3121.8406
4022,3608.5195
4022,3188.7734
4022,3188.7734
4022,5634.6484
4022,8768.715
4022,8584.687
4022,4027.431
4023,3192.572
4024,3059.594
4025,4911.9785
4025,2583.8157
4025,4878.425
4025,4983.007
4026,3308.181
4026,3106.1611
4026,4002.0935
4027,3129.8232
4027,3585.4304
4028,4091.3298
4028,3752.89
4028,3683.5356
4028,3972.5854
4028,3563.9302
4029,3972.5854
4029,2754.8708
4029,2754.8708
4029,2754.8708
4029,2754.8708
4029,2754.8708
4029,3537.2673
4030,2914.572
4030,3236.9539
4031,3567.7876
4031,3599.2646
4032,3156.8472
4032,3290.442
4032,3325.5266
4032,3156.8472
4032,2640.9233
4032,2794.7292
4032,3959.873
4032,3843.5972
4032,3077.3362
4032,4887.8057
4032,2925.5452
4032,4392.6084
4032,3156.8472
4032,3770.516
4032,11354.34
4033,3045.1538
4033,3022.0886
4033,3710.897
4034,3490.6433
4034,3320.2773
4034,3565.481
4035,4737.2437
4036,3710.897
4036,3001.1355
4036,3633.0083
4036,3308.181
576,746.98254
576,754.95593
576,763.0143
576,763.0143
576,746.98254
576,766.302
576,758.2089
576,766.302
576,766.302
576,766.302
576,758.2089
576,924.22253
576,934.0852
576,924.22253
576,845.945
576,957.38916
576,1028.1458
576,1132.6707
576,1144.7554
576,1054.7277
576,1054.7277
576,1065.9816
576,1054.7277
576,1115.9066
576,1120.7128
576,1054.7277
576,1032.5743
576,1065.9816
576,1120.7128
576,993.8066
4036,3114.1455
4037,3337.3523
4037,3381.2905
4037,3345.6177
4037,3345.6177
4037,3710.897
4037,3541.4778
4038,3516.9248
4038,3516.9248
4038,3516.9248
4038,3320.9487
4038,3265.239
4038,3554.427
4038,3516.9248
4038,3554.427
4038,3370.8076
4039,3263.1277
4039,3263.1277
4039,2819.3743
4039,3372.9402
4039,3282.0027
4040,5431.2935
4040,3251.2207
4041,3888.7825
4042,3484.289
4042,3123.5386
4042,2914.572
4042,2352.5508
4042,3044.8691
4043,3918.0605
4043,2822.997
4043,2822.997
4043,3344.134
4044,2956.7417
4044,2925.5452
4044,4178.233
4044,4222.781
4044,2794.7292
4044,4654.7754
4044,3870.4302
4044,4654.7754
4044,3901.2703
4044,4704.403
4044,3739.2178
4044,5160.6973
4045,3035.0989
4045,3003.0745
4045,3035.0989
4045,3035.0989
4045,6417.2637
4046,3473.815
4046,3091.457
4047,2929.0276
4047,3236.6514
4047,3023.715
4047,3443.1062
4047,3406.778
4047,4188.976
4048,4578.0156
4049,3273.279
4049,3067.4617
4049,3752.89
4050,4692.8486
4050,3123.8335
4050,6715.591
4051,3659.9631
4051,3659.9631
4051,3659.9631
4052,3428.3474
4052,3592.3564
4052,3188.7734
4053,2714.1187
4053,2714.1187
4053,2865.382
4053,3671.7444
4053,3421.767
4054,4050.7795
4054,3490.6433
4054,3490.6433
4054,3202.501
4054,3202.501
4054,3048.162
4054,2867.522
4054,3271.1626
4054,3131.233
4054,3121.8406
4054,3453.814
4054,4178.233
4056,3273.6318
4057,3918.0605
4057,3881.7036
4057,3669.7485
4058,4252.7227
4058,5632.198
4059,2938.1384
4059,3147.354
4059,3001.1355
4059,3152.7961
4060,3635.324
4060,3443.1062
4060,4039.5737
4060,5394.733
4060,3783.9453
4061,3025.6858
4062,3168.7139
4062,3236.6514
4062,3748.4285
4062,3636.0107
4062,3170.7368
4062,3788.3948
4063,3512.4119
4063,3475.3562
4063,3653.677
4064,3141.6064
4064,2894.6763
4064,4506.0913
4064,3697.3813
4064,3736.804
4064,3073.3872
4064,3141.6064
4064,3709.2515
4064,3709.2515
4064,6951.9146
4064,3175.1077
4064,3141.6064
4065,4103.6694
4065,4979.828
4065,3182.328
4065,4362.156
4066,3177.159
4066,3177.159
4066,3417.7185
4066,4236.3735
4067,3698.9902
4067,3238.7424
4068,3804.7031
4068,3804.7031
4068,3804.7031
4068,3804.7031
4068,3764.561
4068,3804.7031
4068,2919.6287
4068,3703.7427
4068,3127.2148
4070,3031.4873
4070,3664.6655
4070,4364.9365
4071,5140.819
4071,5931.3413
4071,5791.9243
4072,3178.887
4072,3776.6501
4072,3792.904
4072,4554.1387
4072,2956.7417
4072,3075.6633
4072,3226.6167
4072,3158.8867
4072,3928.536
4072,3145.346
4072,3833.3484
4072,3752.89
4072,2960.2627
4072,3178.887
4073,2865.963
4073,3415.512
4074,3202.501
4075,3669.374
4075,3624.3958
4075,3644.6714
4077,4131.482
4077,3913.4026
4077,3056.2888
4077,3752.89
4077,4002.0935
4077,2794.7292
4077,4087.893
4077,4103.6694
4077,4087.893
4077,4044.764
4077,4131.482
4077,4103.6694
4077,4087.893
4077,3482.0396
4077,3482.0396
4077,4042.9739
4077,4087.893
4077,3586.4944
4077,3959.873
4078,3505.6702
4078,3543.049
4078,3619.0132
4078,3370.8076
4078,3356.3586
4078,3370.8076
4078,3488.7659
4078,3261.021
4078,3261.021
4078,3869.2488
4078,5004.924
4078,3594.6462
4078,5212.356
4079,3443.1062
4079,3554.427
4079,3188.7734
4080,2865.6924
4081,3003.0745
4081,3155.131
4081,3710.897
4081,3269.74
4081,3710.897
4081,3710.897
4081,3671.7444
4081,3671.7444
4081,3419.5547
4081,3456.0188
4081,3048.162
4081,3090.5842
4082,2894.6763
4082,3710.897
4082,3112.1172
4082,2815.7563
4082,2815.7563
4082,2925.5452
4082,2925.5452
4082,2925.5452
4082,2925.5452
4082,2925.5452
4082,2925.5452
4082,6132.1934
4083,3565.8687
4084,4472.8643
4084,3715.6614
4084,2993.7607
4084,2927.3933
4084,4191.678
4084,3590.7632
4086,5699.5576
4086,3304.2478
4086,3932.7878
4086,3318.83
4087,3427.978
4088,3984.9395
4088,3156.8472
4088,3001.1355
4088,3156.8472
4088,3077.3362
4089,2655.7163
4089,4178.233
4089,3196.3264
4089,3037.0596
4090,3786.3572
4090,4065.9746
4091,3320.2773
4092,5438.2715
4092,3337.3713
4092,2459.5303
4092,3415.512
4092,3490.6433
4092,3527.8655
4092,3565.481
4092,3527.8655
4092,3490.6433
4093,3121.8406
4093,3155.131
4093,3467.1438
4093,2913.0044
4093,3530.498
4093,3688.613
4094,2978.9858
4095,3440.883
4095,2833.608
4095,3920.5955
4095,4411.4785
4096,2814.243
4096,4699.3213
4096,3740.8484
4096,3740.8484
4096,10417.258
4096,3302.1616
4098,3134.1855
4098,3585.4304
4098,3398.702
4098,4911.9785
4099,3288.6533
4099,2744.8506
4099,3202.501
4099,4873.1504
4099,4794.8755
4101,3335.2454
4101,3415.512
4101,2564.0173
4101,2564.0173
4101,2564.0173
4101,3920.5955
4101,3256.8364
4101,3222.4731
4102,5144.14
4102,5144.14
4102,4070.814
408,760.9838
408,680.5
408,687.7647
408,760.9838
408,769.10645
408,673.31195
408,769.10645
408,673.31195
408,744.9946
409,699.9656
409,674.1781
409,904.8931
410,682.99084
410,1059.2706
410,703.88617
411,719.5272
411,719.5272
411,954.22516
412,950.7466
412,788.80255
412,712.388
413,1015.23224
413,1106.6384
413,791.10925
413,954.13544
413,772.7228
413,699.9656
413,785.34424
413,875.8732
413,974.6071
577,944.14996
577,918.16864
577,887.0158
577,885.87665
577,885.87665
577,965.6477
577,951.3535
577,1037.014
577,883.8651
577,874.53204
577,874.53204
577,874.53204
577,999.46466
578,918.7623
578,918.7623
578,718.60297
578,1084.0878
579,999.37067
579,999.37067
579,989.54364
579,940.6192
579,1014.48096
579,926.688
579,907.2214
579,993.17206
579,1003.7698
579,993.17206
579,1003.7698
579,916.9033
579,912.9699
4102,3671.7444
4102,3658.3713
4102,4976.6133
4102,3541.4778
4103,3271.1626
4103,3236.6514
4103,3337.3713
4103,3202.501
4105,3224.8594
4105,3096.531
4106,4794.8755
4106,3527.8655
4106,4392.6084
4106,3240.81
4106,4346.265
4106,5841.029
4107,2865.6924
4107,4088.3103
4107,4088.3103
4108,3343.4578
4108,3273.279
4108,3639.6023
4108,3352.3972
4109,3245.2773
4111,3137.2817
4111,3229.613
4112,3484.289
4113,3297.9243
4113,3847.757
4113,4517.673
4113,3470.8965
4113,3368.657
4113,3262.776
4113,4063.0007
4113,3297.9243
4113,4132.3174
4113,3249.1433
4113,4418.04
4113,3745.6545
4113,3057.9512
4114,2997.8733
4114,2616.1484
4114,2616.1484
4114,3253.9543
4114,3580.8296
4115,3586.8604
4116,3388.1423
4116,3392.1782
4116,3392.1782
4116,3025.6685
4116,3328.815
4116,3213.1135
4116,3521.4434
4116,3838.2734
4116,3670.4626
4116,3709.5981
4116,4087.893
4117,3764.561
4118,3234.8918
4118,3057.9512
4118,4222.781
4118,4178.233
4118,4047.3806
4118,4134.151
4118,4047.3806
4118,4737.284
4118,4090.5337
4118,3776.6501
4118,3704.8416
4118,3776.6501
4119,3678.8088
4119,3168.7139
4119,3202.501
4119,3792.904
4119,3261.021
4119,3752.89
4120,3098.821
4120,3683.5356
4120,3906.279
4120,3683.5356
4120,3764.561
4120,3525.9678
4121,3792.904
4121,3342.0005
4121,3792.904
4121,3752.89
4121,3792.904
4121,3833.3484
4123,3659.9631
4123,3621.351
4123,3659.9631
4123,3672.487
4123,4862.768
4124,3439.0127
4124,2914.572
4124,3121.8406
4124,4098.404
4124,4793.453
4125,3090.5842
4125,4044.764
4125,3143.3152
4125,3077.3362
4125,3715.6614
4125,2865.382
4125,3190.8364
4125,3669.7485
4126,3187.043
4126,2851.8582
4126,3077.0046
4126,2995.6719
4126,3624.3958
4127,3052.6523
4127,3066.0837
4127,3200.4333
4127,3713.2944
4128,4173.2617
4128,2990.2014
4128,2990.2014
4128,2990.2014
4128,4417.1465
4128,2990.2014
4129,3816.9175
4129,2894.6763
4129,3261.021
4129,3627.0764
4129,3292.5676
4129,3125.5596
4129,3178.887
4130,3804.7031
4130,3120.1196
4130,3486.5134
4131,5209.026
4131,3261.021
4131,3770.1313
4131,5171.1094
4132,3267.3203
4132,3644.2786
4132,4298.0645
4133,3580.8296
4133,5141.859
4133,2885.7014
4133,3143.3152
4133,3788.807
4133,3222.7773
4133,3285.2449
4133,2956.7417
4134,3748.4285
4134,4769.8677
4134,2877.9883
4134,2877.9883
4135,3155.131
4135,3147.0388
4135,3262.776
4135,3262.776
4135,3121.8406
4135,3430.5361
4135,3443.1062
4136,3108.4617
4136,3108.4617
4136,3300.3635
4136,3108.4617
4136,3108.4617
4136,3349.9165
4137,2949.4773
4137,3188.7734
4137,3188.7734
4137,3188.7734
4137,3188.7734
4137,3833.3484
4138,3318.83
4138,3605.8286
4138,3605.8286
4138,3605.8286
4138,3776.6501
4138,3567.7876
4138,3605.8286
4138,3697.3813
4139,4559.9854
4139,5451.151
4140,3423.9482
4140,3752.89
4140,3752.89
4140,5032.9204
4140,5731.4443
4140,3255.3733
4140,4927.2534
4140,3823.517
4140,3823.517
4140,9557.517
4140,4252.297
4140,9356.936
4141,3160.9033
4141,3329.466
4141,3273.279
4142,3664.6655
4142,3404.5786
4142,3400.2097
4142,2955.4119
4143,3411.7996
4144,4027.431
4144,3290.442
4144,3325.5266
4144,3490.6433
4144,3137.2817
4144,3389.985
4144,3750.467
4145,6977.384
4145,3418.0413
4146,2986.6462
4147,4374.2563
4147,4374.2563
4147,3565.481
4147,3453.814
4149,3077.3362
4149,3158.8867
4149,4090.5337
4150,4332.754
4150,3740.8484
4150,3426.484
4150,3443.1062
4150,3283.816
4150,3312.4314
4150,3543.7183
4150,3389.985
4150,3403.3674
4151,3918.0605
4151,3490.6433
4152,3188.7734
4152,3131.5706
4153,5702.037
4153,2885.7014
4153,3370.8076
4153,3046.8103
4154,3516.9248
4154,4800.1016
4154,3479.8213
4155,3282.0027
4155,2894.6763
4155,2925.5452
4155,2925.5452
4155,2894.6763
4155,2894.6763
4155,2993.7607
4155,3671.7444
4155,4591.818
4155,3339.8428
4155,3671.7444
4155,3790.4553
4155,3750.467
4155,3750.467
4155,3750.467
4155,3269.74
4155,4684.28
4155,5080.057
4155,3750.467
4155,3750.467
4155,3546.0278
4156,2864.1357
4157,2894.6763
4157,2855.2134
4157,2712.66
4157,3341.6594
4157,4478.611
4158,3236.6514
4158,3202.501
4158,3932.7878
4158,3932.7878
4158,3942.9
4158,3484.289
4158,3642.3184
4158,4472.8643
4158,3755.2822
4158,5653.9277
4158,4378.9863
4158,3527.8655
4158,3236.6514
4158,3236.6514
4158,4520.557
4159,3334.8826
4159,3519.1968
4159,3240.81
4160,3674.0884
4160,3393.6543
4160,5348.0938
4161,3288.6533
4161,3001.1355
4161,3001.1355
4161,2818.1064
4162,3876.7266
4162,3876.7266
4162,3959.839
4162,3876.7266
4162,3881.7036
4162,3876.7266
4162,3876.7266
4162,3835.8247
4162,3918.0605
4162,3125.5327
4163,2921.515
4163,3579.269
579,1025.3058
579,899.45514
579,916.9033
579,912.9699
579,912.9699
579,1003.7698
579,916.9033
579,1025.3058
579,1003.7698
579,889.9572
579,907.2214
579,889.9572
579,907.2214
579,899.45514
579,907.2214
579,871.2618
579,912.9699
579,916.9033
579,889.9572
579,1003.7698
579,907.2214
579,899.45514
579,926.688
579,907.2214
579,916.9033
579,893.79156
579,1014.48096
579,903.3299
579,903.3299
579,926.688
4163,3265.211
4163,3190.5107
4164,4461.3975
4164,3102.4683
4165,3453.814
4165,3490.6433
4165,3490.6433
4165,3490.6433
4165,3743.265
4165,3453.814
4165,3930.2488
4166,3145.346
4166,3178.887
4166,3226.6167
4166,3752.89
4166,3192.572
4166,3526.328
4166,3563.9302
4167,2673.9692
4167,2673.9692
4167,5438.2715
4167,3467.1438
4167,3337.3713
4167,3619.0132
4167,4420.0
4167,9462.803
4168,4090.5337
4168,3740.8484
4168,3701.38
4168,3644.6714
4168,6749.439
4170,5144.14
4170,3353.8557
4170,3440.883
4171,2997.8733
4171,2929.0276
4171,3362.1655
4171,2999.7844
4171,4090.5337
4171,3112.1616
4172,3679.1565
4172,2682.2869
4172,3123.5386
4172,3174.8079
4172,3440.883
4173,2894.6763
4173,3834.1235
4173,2956.7417
4173,3453.814
4173,3024.041
4173,3024.041
4173,3398.702
4173,3135.256
4174,3143.3152
4174,2744.8506
4175,3358.5303
4175,3079.3008
4176,4826.957
4176,3479.8213
4177,5198.989
4177,4657.782
4177,5198.989
4177,4114.2207
4177,5144.14
4178,3764.561
4179,4392.6084
4179,3807.1282
4179,3835.8247
4179,3930.2488
4179,6990.0464
4180,3184.9822
4181,3845.2693
4181,4049.9604
4181,4044.764
4181,5448.7754
4181,2969.7498
4181,3196.3264
4181,4392.6084
4181,4346.265
4182,3155.131
4182,2752.152
4182,3949.6833
4182,3438.688
4182,3456.0188
4183,3188.7734
4183,3236.6514
4183,3724.8137
4183,3210.39
4183,3646.6328
4183,3190.8364
4183,3685.5144
4183,3615.4695
4183,3608.1582
4184,2947.8318
4184,4002.0935
4185,3178.887
4185,3192.572
4185,3443.1062
4185,3145.346
4185,4422.8213
4185,3736.804
4186,3338.027
4186,3439.0127
4186,3706.1353
4186,3145.346
4186,4428.504
4186,5205.668
4187,3027.9265
4187,3253.9543
4187,3792.904
4187,3804.7031
4187,3764.561
4188,3567.7876
4188,3273.279
4188,3063.5254
4189,3601.2017
4189,3145.346
4189,3685.8625
4189,3057.9512
4189,3292.5676
4189,3694.991
4190,3358.5303
4190,3453.814
4191,3464.9055
4191,3743.6184
4191,4797.9727
4191,3567.7876
4191,3567.7876
4191,3320.2773
4191,4760.7085
4191,3392.1782
4191,2925.5452
4191,3428.3474
4191,3356.3875
4191,3464.9055
4191,3501.853
4191,3464.9055
4191,3464.9055
4191,3464.9055
4192,3565.8687
4192,4116.8784
4192,3540.7615
4193,3358.5303
4193,2958.6533
4193,3764.561
4193,3372.985
4193,3482.0396
4193,3407.7402
4194,3810.3618
4194,3175.1077
4194,3052.0786
4194,2885.7014
4194,3381.2905
4194,2947.573
4194,3219.6245
4194,3121.8406
4194,3678.8088
4194,3188.7734
4195,3807.5422
4195,3697.3813
4195,3404.5786
4196,3090.54
4196,3683.5356
4196,3906.279
4196,5254.4175
4196,3683.5356
4197,3833.3484
4197,3790.4553
4197,3508.6143
4197,3938.235
4197,3833.3484
4197,3833.3484
4197,3752.89
4197,3833.3484
4197,3342.0005
4197,3752.89
4197,3874.22
4198,3233.1333
4198,4025.2646
4198,3046.194
4198,3838.2734
4199,4030.0325
4199,3149.3872
4199,4411.4785
4199,2772.6128
4199,2772.6128
4199,5394.733
4199,3870.3967
4199,3829.5654
4200,3143.3152
4200,3795.3254
4200,3715.6614
4200,3755.2822
4200,3715.6614
4200,3123.5386
4200,3110.1523
4200,3318.83
4200,3143.3152
4200,3156.8472
4200,3077.3362
4200,3750.467
4200,4087.893
4200,4087.893
4200,4928.25
4200,5452.2534
4201,3108.4617
4201,3967.488
4201,4009.7935
4201,3967.488
4201,5086.584
4201,2958.6533
4201,2958.6533
4201,2990.2014
4201,3490.6433
4201,3175.1077
4201,3454.486
4201,5897.7915
4202,3565.8687
4202,3644.6714
4202,4087.893
4202,3511.2124
4203,3708.88
4203,6898.576
4204,4464.2793
4204,3671.7444
4204,3152.7961
4204,3308.181
4205,3337.037
4205,2851.5493
4205,3375.8018
4205,4411.5166
4206,4028.2454
4206,3375.1384
4207,3404.5786
4207,3297.9243
4207,3297.9243
4207,3876.7266
4207,3228.7012
4207,3333.0889
4207,3145.346
4208,2818.1064
4208,3681.5332
4208,3642.6902
4209,3642.2942
4209,3554.427
4209,3527.8655
4209,3527.8655
4209,3527.8655
4209,2682.2869
4209,3426.484
4209,3463.022
4209,3463.022
4210,3155.131
4210,3155.131
4210,3121.8406
4210,3443.1062
4211,3662.6733
4211,3567.7876
4211,3567.7876
4211,3605.8286
4211,3567.7876
4211,3530.1445
4211,3443.1062
4211,6603.5186
4212,3145.346
4212,3646.9983
4212,3884.1816
4212,4014.945
4213,3449.7078
4213,2923.3801
4213,4297.6343
4213,4252.297
4214,3783.1802
4214,3783.1802
4214,3791.222
4215,5451.151
4215,5313.872
4216,2639.218
4217,3271.5183
4218,3617.4358
4218,3617.4358
4218,4362.156
4218,4362.156
4218,4362.156
4218,3656.0095
4218,3962.3972
4218,3400.2097
4218,3157.1453
4220,3417.3762
4221,3752.89
4221,3752.89
4221,3079.3008
4222,3176.8164
4222,4520.557
4222,4338.3574
4222,4048.1646
4223,3543.7183
4223,3403.3674
4223,3475.3562
4223,3352.3972
579,903.3299
579,926.688
579,926.688
579,907.2214
579,1003.7698
579,907.2214
579,893.79156
579,926.688
579,880.55994
579,893.79156
579,1003.7698
579,926.688
579,926.688
579,903.3299
579,903.3299
579,1014.48096
579,893.79156
579,926.688
579,912.9699
579,889.9572
579,912.9699
579,912.9699
579,907.2214
579,907.2214
579,907.2214
579,993.17206
579,889.9572
579,1014.48096
579,916.9033
579,1003.7698
4223,3821.8213
4224,4230.9375
4224,3177.159
4224,3570.784
4225,3333.0889
4226,3341.6594
4226,3774.2407
4227,3918.0605
4227,4075.6357
4227,4820.722
4227,3440.883
4227,3249.1433
4228,3064.1274
4228,3247.3772
4228,3247.3772
4228,3247.3772
4228,3479.8213
4228,3266.965
4228,3151.6775
4228,3930.2488
4229,3263.1277
4229,3300.0078
4229,3453.814
4229,3766.964
4229,3510.834
4229,3366.8257
4229,3475.681
4229,3807.1282
4229,5702.037
4230,4800.1016
4230,3289.4658
4231,3129.8232
4232,3202.501
4232,3168.7139
4232,3236.6514
4232,3646.6328
4232,3417.347
4232,4278.814
4232,4694.2407
4233,3579.2417
4233,4672.7344
4233,4574.663
4234,3141.6064
4234,3075.6633
4234,3375.1191
4234,4027.431
4234,4458.5513
4234,3314.5713
4234,3141.6064
4234,3108.4617
4234,3521.4434
4234,3141.6064
4234,3141.6064
4234,3402.7278
4234,3475.681
4234,3175.1077
4234,3141.6064
4234,4027.431
4234,4484.3647
4234,3984.9395
4234,4027.431
4234,3375.4348
4234,4114.2207
4234,4465.1484
4234,4027.431
4235,3829.2039
4235,3360.6711
4235,3950.486
4237,3586.1555
4237,3143.3152
4238,3918.0605
4238,2990.2014
4238,3923.0945
4238,3918.0605
4238,3959.839
4238,3918.0605
4238,3835.8247
4238,3918.0605
4238,3964.9229
4238,3918.0605
4238,3918.0605
4239,3342.0005
4239,3874.22
4239,3450.0535
4239,3874.22
4239,3888.7825
4239,3490.6433
4240,3914.194
4240,2791.6914
4240,3232.8032
4240,3067.4617
4240,4461.3975
4240,4461.3975
4241,3838.2734
4241,4055.1638
4241,3797.777
4241,4012.3838
4241,3876.7266
4241,3757.7083
4241,3797.777
4241,3619.0132
4241,2741.57
4241,3212.7856
4241,3168.7139
4241,3259.2483
4242,3392.1782
4242,3392.1782
4242,3428.3474
4242,3178.887
4242,3178.887
4242,3226.6167
4242,3226.6167
4242,3554.427
4242,3226.6167
4242,3516.9248
4242,3226.6167
4242,3226.6167
4242,3226.6167
4242,4602.6934
4242,3226.6167
4242,3752.89
4243,3515.345
4243,3145.346
4243,3300.0078
4243,3333.0889
4243,3261.3538
4244,3267.6072
4244,4049.9604
4244,5367.1045
4244,2929.0276
4244,2991.828
4244,4568.793
4244,4134.151
4246,4557.076
4246,2809.3677
4246,2925.5452
4247,2992.1333
4247,3349.9165
4248,3320.9487
4249,3516.9248
4249,3479.8213
4249,3479.8213
4249,3135.256
4249,5421.925
4249,5421.925
4249,3428.3474
4250,5673.982
4250,5614.123
4250,4273.3237
4250,4103.6694
4250,3970.0208
4250,3507.9048
4250,5327.5347
4252,3188.7734
4252,4811.47
4252,3263.1277
4252,2934.9211
4252,3724.8457
4252,3394.3406
4252,3318.7825
4253,3888.7825
4253,3974.7231
4253,3216.9136
4253,3402.7278
4253,3402.7278
4254,3646.6328
4255,2894.6763
4255,3710.897
4255,3710.897
4255,3508.6143
4255,3750.467
4255,3710.897
4255,4931.433
4255,3632.977
4256,3419.5547
4256,4504.0933
4256,3959.873
4256,3605.8286
4256,4392.6084
4256,3530.1445
4256,3492.8984
4256,3356.3875
4256,3190.5107
4256,3901.3
4256,3694.991
4257,3190.8364
4257,3294.0034
4257,4007.2354
4257,4562.9307
4257,3833.3484
4258,2894.6763
4258,3608.1582
4258,3608.1582
4258,3724.8137
4258,3685.5144
4258,3090.54
4258,4002.0935
4259,3191.1348
4259,3667.7466
4259,5438.2715
4259,3188.7734
4259,3527.8655
4259,3188.7734
4260,4506.0913
4260,3776.6501
4260,4506.0913
4260,4458.5513
4260,4458.5513
4260,4506.0913
4260,4506.0913
4260,4458.5513
4260,3190.5107
4260,3554.427
4260,3001.1355
4262,3327.6782
4262,3192.572
4263,3012.417
4263,3550.9463
4264,3884.1816
4264,3192.8706
4265,3349.9165
4265,3959.873
4265,3847.757
4265,3897.0525
4265,4002.0935
4265,3390.3052
4266,2925.5452
4267,3508.6143
4267,3637.6448
4267,3343.4578
4268,3439.0127
4268,3407.7402
4268,3335.2454
4268,3402.7278
4268,3402.7278
4268,4849.1313
4268,4047.346
4269,3516.9248
4269,3188.7734
4269,3155.131
4269,3155.131
4269,3155.131
4269,3222.7773
4269,3121.8406
4269,3710.897
4269,3271.1626
4269,3554.427
4269,3603.8892
4269,4116.8784
4269,4515.674
4270,3516.9248
4270,3792.904
4270,3098.487
4270,3337.3713
4270,4775.996
4270,4134.151
4271,3736.804
4271,3285.5552
4271,3848.1426
4273,3913.8245
4273,3997.736
4273,3123.5386
4273,3044.8691
4273,3786.3572
4273,3667.778
4273,3860.1096
4274,5745.555
4274,3528.5588
4274,3392.1782
4274,3938.235
4274,3790.4553
4274,3619.745
4274,4017.1018
4274,3619.745
4274,4082.6477
4274,5806.8154
4275,2786.3086
4275,3588.445
4276,4116.431
4276,3155.131
4276,4173.716
4276,4173.716
4276,3665.4067
4276,3975.1177
4276,3360.6711
4276,3318.83
4276,4030.0325
4276,4030.0325
4276,3987.5176
4276,3987.5176
4276,4737.284
4276,4160.324
4277,5313.872
4277,5850.575
4277,3999.918
4277,3795.3254
4277,3755.2822
4277,3755.2822
4278,3708.88
4278,3096.8203
579,1025.3058
579,1025.3058
579,903.3299
579,926.688
579,1025.3058
580,906.6352
580,893.2136
580,893.2136
580,920.93976
580,930.7675
580,930.7675
580,1003.8647
580,934.7775
580,934.7775
580,1014.57635
580,1003.8647
580,1105.923
580,706.46246
580,1065.8813
581,898.8808
581,898.8808
581,912.38745
581,918.16864
581,918.16864
581,1246.7699
581,931.28217
581,845.239
581,1010.13763
581,793.145
581,810.1666
4278,3114.4397
4278,4009.7935
4278,4009.7935
4278,6907.4385
4278,6907.4385
4278,4009.7935
4279,3238.7424
4279,3273.279
4279,2741.57
4280,4047.346
4281,3526.2976
4281,3526.2976
4281,3069.4434
4281,2927.3933
4281,3426.1636
4281,3875.4028
4281,4511.8765
4282,4930.436
4282,4255.0073
4283,3306.7136
4283,3855.9363
4283,3271.5183
4283,3335.2454
4283,3406.752
4283,4769.8677
4284,4763.7476
4284,3426.484
4284,3426.484
4284,3426.484
4284,3642.2942
4284,3567.7876
4284,3876.7266
4284,3440.883
4284,7149.892
4284,3644.2786
4284,3477.5715
4284,3263.1277
4284,3249.1433
4284,3297.9243
4284,3249.1433
4284,3271.1626
4284,3297.9243
4284,3297.9243
4284,3333.0889
4284,3918.0605
4285,2978.9858
4285,4090.5337
4286,4225.509
4286,3490.6433
4287,3331.2769
4288,3250.585
4289,2668.5842
4289,3567.7876
4289,3804.7031
4290,3358.5303
4290,3394.3406
4290,3482.0396
4290,3713.266
4290,4367.7603
4290,4453.697
4291,3632.977
4291,3556.7231
4291,3594.6462
4291,3556.7231
4291,3804.7031
4291,5459.258
4292,3476.384
4292,3432.7524
4293,3310.6306
4293,2639.218
4293,2990.2014
4294,3896.6846
4294,4194.354
4295,2885.7014
4295,3190.5107
4295,4408.6646
4295,4362.156
4295,4408.6646
4295,3579.269
4295,3656.0095
4295,3579.269
4295,4408.6646
4295,4455.673
4295,4455.673
4296,3155.131
4296,3121.8406
4297,3333.0889
4297,3388.1423
4297,3456.0188
4298,3143.6392
4298,3792.904
4299,4486.778
4299,4134.151
4299,3792.904
4299,3792.904
4299,3554.427
4301,4764.711
4301,4887.8057
4301,3421.7375
4302,3752.89
4303,5489.2036
4303,3888.7825
4303,3263.1277
4303,4005.8364
4304,3205.1753
4304,3727.2202
4304,3473.7917
4304,3792.904
4304,3886.272
4304,3804.7031
4304,3845.2693
4304,3845.2693
4304,3845.2693
4304,3804.7031
4304,3804.7031
4304,3845.2693
4304,3845.2693
4304,3845.2693
4305,3563.9302
4306,3428.3474
4306,3428.3474
4307,3889.1719
4307,5144.14
4307,3586.1555
4307,4002.0935
4307,4728.661
4308,4044.764
4308,3590.037
4308,4178.233
4309,3155.131
4309,3121.8406
4309,3402.7278
4309,3075.6633
4309,3108.4617
4309,3108.4617
4309,3402.7278
4309,3141.6064
4309,2927.4353
4309,3188.7734
4309,3468.6523
4309,3155.131
4309,3088.904
4309,3222.7773
4310,3660.7034
4310,5935.1274
4311,2788.11
4311,4044.764
4311,4044.764
4312,4316.134
4312,4044.764
4312,4468.0327
4312,4044.764
4312,4002.0935
4312,4000.3186
4312,3788.807
4312,3870.035
4312,4066.3896
4312,4066.3896
4312,4197.8564
4312,3579.269
4312,4189.404
4312,4684.28
4312,3190.5107
4313,2990.2014
4313,3145.346
4313,3583.8403
4314,3718.0369
4314,3145.0068
4314,2794.7292
4314,3624.3958
4314,5061.556
4315,3635.324
4315,3490.6433
4315,3490.6433
4315,3490.6433
4315,4428.504
4315,3427.978
4315,3563.5664
4315,3708.88
4315,3897.0525
4316,3224.8594
4316,3123.5386
4316,3590.7632
4316,3212.7856
4316,3660.7034
4316,3699.7383
4317,3833.3484
4317,2772.6128
4317,2940.013
4317,3713.2944
4318,3478.255
4318,4098.404
4318,3271.1626
4318,4557.076
4318,4098.404
4318,4055.1638
4318,3838.2734
4318,3838.2734
4318,3797.777
4318,3838.2734
4318,3918.0605
4318,3568.1213
4319,3876.7266
4319,3959.839
4319,3440.883
4319,3333.0889
4319,4370.5444
4319,3933.5532
4320,4881.534
4320,2938.1384
4320,2992.0933
4320,3464.9055
4320,3392.1782
4320,3464.9055
4320,9046.475
4321,3967.488
4321,2925.5452
4321,4044.764
4321,4044.764
4321,4044.764
4321,4093.145
4321,4007.2354
4321,4341.5327
4321,4562.9307
4322,5367.1045
4322,4498.314
4322,4498.314
4323,4301.2476
4323,2894.3643
4323,2894.3643
4323,3482.0396
4324,3108.4617
4324,3108.4617
4324,3108.4617
4324,5438.2715
4324,6169.23
4324,3271.1626
4325,3470.8965
4325,3176.8164
4325,3194.8906
4325,3035.3826
4325,3490.993
4325,3406.752
4325,2876.4417
4326,3543.7656
4326,3581.554
4326,3697.3813
4326,3310.3213
4326,3320.9487
4326,4048.1646
4326,4108.942
4326,4318.889
4327,3516.9248
4327,3443.1062
4327,3701.38
4327,3503.7344
4327,3516.9248
4327,3516.9248
4327,3516.9248
4327,3516.9248
4327,3554.427
4327,3516.9248
4327,3554.427
4327,3516.9248
4327,3516.9248
4327,3516.9248
4327,3516.9248
4328,2894.6763
4328,3108.4617
4328,3901.3
4328,5673.982
4328,5673.982
4328,3709.63
4328,4364.9365
4328,8368.51
4328,3317.0005
4329,3982.7998
4330,4862.768
4330,4486.778
4331,3558.994
4331,3558.994
4331,4589.3525
4332,4782.132
4332,3605.8286
4332,3408.953
4332,3792.904
4332,3792.904
4333,3583.8403
4333,4080.8372
4333,4300.7837
4333,3750.467
4333,3750.467
4333,3750.467
4334,3048.162
4334,3504.774
4334,3788.3948
4334,4042.5652
4334,3527.8655
4336,3447.4807
4336,2991.828
581,790.2534
581,815.82806
581,896.9772
581,801.6109
581,807.21265
582,963.45526
582,963.45526
582,963.45526
582,981.41626
582,1034.6597
583,957.38916
583,916.40405
583,916.40405
583,916.40405
583,984.1347
583,984.1347
583,984.1347
583,1072.7438
583,1072.7438
583,888.7307
583,1021.6645
583,885.87665
583,885.87665
583,1026.6237
583,772.6497
583,772.6497
583,952.5768
583,922.7202
583,936.5846
583,966.8889
4336,2991.828
4336,2970.053
4337,3098.821
4337,2814.243
4337,4583.4644
4338,4506.0913
4338,4458.5513
4338,4554.1387
4338,4458.5513
4338,3776.6501
4338,5065.8115
4338,3776.6501
4338,4554.1387
4338,3776.6501
4338,4554.1387
4338,3776.6501
4339,3131.8484
4339,4030.0325
4339,4030.0325
4340,3967.488
4340,3750.467
4340,5002.2324
4340,5942.7524
4341,3263.1277
4341,2809.3677
4341,3860.1096
4341,3994.3777
4344,3800.2017
4344,3430.5361
4345,3790.8423
4345,9984.535
4346,2885.7014
4346,6289.385
4347,2867.522
4347,3960.64
4347,4020.0996
4347,4002.8723
4348,3504.112
4348,4408.6646
4348,4390.66
4348,3720.7903
4349,3802.6565
4350,4194.354
4350,4017.1018
4350,3447.4807
4350,3554.427
4351,3090.8762
4351,3886.272
4352,4134.151
4352,3930.2488
4352,6567.495
4353,3896.6846
4353,6208.284
4353,3333.0889
4353,3982.7732
4354,3167.3086
4354,4218.2153
4354,4183.601
4355,3743.99
4355,2925.5452
4355,4222.781
4355,4178.233
4355,4134.151
4355,4134.151
4355,4134.151
4355,4134.151
4355,4090.5337
4355,3792.904
4355,3178.887
4355,3062.1929
4355,3373.6223
4355,3373.6223
4355,3704.4917
4355,4156.2505
4355,3226.6167
4355,3421.7375
4355,3421.7375
4355,4030.0325
4355,3178.887
4355,3516.9248
4356,3829.2039
4356,3835.8247
4357,3261.021
4357,4186.3
4357,3259.2483
4358,3388.1423
4360,3333.0889
4360,2856.498
4360,4983.007
4361,5427.834
4361,5485.702
4361,3770.1313
4362,3267.6072
4362,3320.9487
4362,4055.1638
4362,3516.9248
4362,2934.9211
4362,3031.4873
4362,3764.561
4362,4763.7476
4363,3110.1316
4363,4134.151
4363,4183.601
4363,3632.977
4363,3196.3264
4363,4183.601
4363,4183.601
4364,4049.9604
4364,2995.6719
4365,4022.263
4365,3889.1497
4366,4370.5444
4366,4370.5444
4366,3632.977
4366,3623.6594
4368,4866.856
4368,7793.087
4368,4664.7095
4368,3482.0396
4368,3699.7383
4368,4939.922
4368,3835.8247
4368,3394.3406
4368,3394.3406
4368,3445.3042
4368,4887.8057
4368,6081.8706
4368,4734.7363
4368,3440.883
4368,3445.3042
4368,3786.7473
4368,3482.0396
4368,3786.7473
4368,1655.1019
4369,3155.131
4369,3428.3474
4369,3108.1235
4369,2956.7417
4369,4030.0325
4370,3177.159
4370,3402.7278
4370,3402.7278
4370,3594.6462
4370,3556.7231
4370,4461.3975
4370,3632.977
4370,3594.6462
4371,3568.1416
4371,4178.233
4372,3690.9958
4372,3561.293
4372,3546.0278
4372,3710.897
4372,3710.897
4372,4276.0513
4372,3790.4553
4372,3790.4553
4372,3339.8428
4372,3942.9
4372,3710.897
4372,3318.7825
4372,3035.3826
4373,3456.0188
4373,4042.9739
4373,4060.3738
4373,3876.7266
4373,3102.4683
4373,3483.9136
4373,6925.1973
4374,3635.324
4374,4417.1465
4374,3807.1282
4374,3230.7593
4374,4814.5415
4374,4242.217
4375,3795.3254
4375,3795.3254
4375,3715.6614
4375,3145.346
4375,4894.085
4375,6138.8765
4375,3333.0889
4375,3104.1794
4377,3722.8103
4377,3300.0078
4377,5585.93
4378,3581.168
4378,3450.0535
4379,3685.5144
4379,3123.5386
4379,3202.501
4380,2958.3315
4381,3860.1096
4381,2894.6763
4381,3764.561
4381,3804.7031
4381,3764.561
4381,3845.2693
4381,3804.7031
4381,3804.7031
4381,3804.7031
4381,3764.561
4381,3804.7031
4381,3804.7031
4381,3546.7249
4381,4654.7754
4381,4509.0024
4381,4654.7754
4381,4654.7754
4381,4654.7754
4382,3490.6433
4382,3865.8289
4382,3406.752
4382,3505.6702
4382,3491.2993
4383,3710.897
4383,3884.1816
4383,3554.427
4383,3292.5205
4384,3792.904
4384,3619.745
4384,3406.752
4385,3527.8655
4385,3751.2256
4385,3527.8655
4385,3788.3948
4385,3889.1719
4385,3527.8655
4385,3527.8655
4386,3188.7734
4386,3155.131
4386,2814.243
4386,3671.7444
4387,5327.5347
4387,7056.2764
4387,3123.8335
4388,2781.2375
4388,4082.6477
4389,3318.83
4389,3354.2205
4389,3318.83
4389,3389.985
4389,3318.83
4389,3318.83
4389,3888.7825
4390,3190.5107
4390,3588.445
4390,3271.1626
4390,4044.764
4390,4042.9739
4390,4087.893
4390,4087.893
4391,3751.2256
4391,3713.266
4391,4373.372
4391,4515.674
4391,4583.4644
4392,3644.2786
4392,4044.764
4394,4002.0935
4395,3843.2048
4395,3843.2048
4395,5209.026
4395,3123.5386
4395,3079.3008
4395,3352.3972
4395,3776.6501
4395,3776.6501
4397,3439.0127
4397,3235.2158
4397,3235.2158
4397,3443.1062
4398,3194.6345
4398,4225.509
4398,4180.932
4398,4225.509
4398,4225.509
4398,4225.509
4398,4316.0967
4398,4225.509
4398,4511.8765
4398,4710.4873
4398,3632.977
4398,3440.883
4398,3918.0605
4398,3959.839
4398,4841.9673
4398,3333.0889
4399,3205.1753
4399,4486.778
4399,4392.6084
4399,4392.6084
4399,4439.4414
4399,4392.6084
4399,5093.1187
4400,3155.131
4400,3155.131
4400,3439.0127
4400,4002.0935
4400,3460.4592
583,946.5791
583,936.5846
583,966.8889
583,966.8889
583,956.6802
583,946.5791
583,936.5846
583,932.5673
583,966.8889
583,946.5791
583,966.8889
583,982.67816
583,972.3029
583,982.67816
583,982.67816
583,951.8791
583,951.8791
583,972.3029
583,962.0366
584,1066.6708
584,982.0512
584,982.0512
584,1133.8059
584,1142.3317
584,898.79626
584,908.38794
584,898.79626
584,904.4915
584,1130.2725
585,1009.48505
4401,4009.7935
4401,3271.1626
4401,2938.1384
4401,3637.6448
4401,3356.3586
4401,4009.7935
4401,3352.3972
4401,4052.546
4402,3637.6448
4403,4442.2754
4403,2956.7417
4403,4257.7603
4404,3482.0396
4404,3554.7898
4404,4225.509
4404,4225.509
4404,3141.3098
4404,8962.465
4404,4870.0
4404,4921.9263
4405,3977.6895
4405,3216.9136
4405,3216.9136
4405,3318.83
4405,3104.1794
4405,3366.8
4405,3848.5024
4406,2919.6287
4406,3874.6191
4406,3619.745
4406,3581.554
4406,5795.6655
4407,3845.2693
4407,4420.0
4407,4467.1294
4407,3372.9402
4407,3713.266
4407,3233.1333
4408,5688.57
4409,3075.6633
4410,4589.3525
4410,3558.994
4410,3558.994
4412,4116.431
4412,3145.346
4412,3720.7903
4412,3098.487
4412,3953.4077
4412,4178.233
4412,3226.6167
4413,3456.7178
4413,3678.8088
4413,3639.9949
4413,3656.0095
4413,3212.7856
4413,4090.5337
4413,4080.8372
4413,3635.324
4413,3674.0884
4414,4180.932
4414,4225.509
4414,4467.1294
4414,4173.716
4414,3962.3972
4414,3962.3972
4414,3795.3254
4414,3920.5955
4415,4817.6514
4416,3792.904
4416,3792.904
4416,3752.89
4416,3833.3484
4416,3833.3484
4416,3874.22
4416,3833.3484
4416,3833.3484
4416,3833.3484
4416,3874.22
4416,3752.89
4416,3792.904
4416,3792.904
4416,3617.4358
4416,4194.75
4417,3014.3374
4417,3658.3713
4418,3952.2349
4418,4335.5527
4418,3145.346
4418,4116.431
4419,3748.4285
4419,4408.6646
4419,3804.7031
4419,3828.791
4419,4052.546
4419,3764.561
4420,3381.2905
4420,3171.0332
4421,4052.546
4422,3886.691
4422,3360.6711
4422,4025.6448
4422,3983.172
4423,3430.5361
4423,3774.5972
4423,4199.7427
4423,6197.575
4423,4137.6265
4423,6093.6177
4423,6029.3325
4424,3188.7734
4424,3821.8542
4424,3188.7734
4425,4933.5786
4425,3792.904
4425,3165.2605
4425,3790.4553
4425,3579.607
4426,4442.2754
4426,4044.764
4426,3358.5303
4426,3312.4314
4426,5688.57
4427,4007.2354
4427,3797.777
4427,4049.9604
4427,3845.2693
4427,4503.1826
4427,3694.991
4427,4362.156
4427,3617.4358
4428,3108.4617
4428,5972.1357
4428,3175.1077
4428,3722.8103
4429,3930.2488
4429,3888.7825
4429,4078.2375
4429,3003.0745
4429,3644.2786
4430,2958.6533
4430,4194.354
4430,4437.4727
4432,3338.027
4432,3402.7278
4432,3373.6223
4432,3428.3474
4432,3428.3474
4432,3428.3474
4432,3392.1782
4434,3718.0369
4434,3356.3586
4434,3567.7876
4434,4222.781
4434,4178.233
4434,4134.151
4434,3515.013
4434,4178.233
4434,4222.781
4434,3605.8286
4435,3928.1348
4435,3886.272
4435,3860.1096
4435,3408.953
4435,3479.8213
4435,3479.8213
4435,2938.1384
4435,4044.764
4435,3236.6514
4435,3788.3948
4435,4744.2935
4435,3870.035
4435,4297.6343
4435,3202.501
4435,4343.459
4435,4252.297
4435,3843.5972
4435,4389.7725
4436,4139.4624
4436,4461.3975
4436,4090.5337
4437,4523.477
4437,3273.279
4437,5205.668
4437,5096.4087
4438,4387.411
4438,3377.638
4438,3804.7031
4439,3464.9055
4439,2616.1484
4439,3565.481
4439,4088.3103
4440,3950.486
4440,2583.8157
4440,4205.1387
4440,4090.5337
4441,4411.4785
4441,4364.9365
4441,2982.2532
4441,4948.968
4441,3320.9487
4441,5001.7314
4441,5001.7314
4442,3644.6714
4442,3718.0369
4442,3516.9248
4442,4098.404
4443,5271.3296
4443,5271.3296
4443,3434.9438
4443,4489.6763
4443,4489.6763
4443,3848.117
4443,3527.8655
4443,3165.2605
4444,3888.7825
4444,3200.76
4444,4976.6133
4444,5334.379
4445,4134.151
4445,4048.96
4445,4492.542
4446,4370.5444
4446,4278.814
4446,4370.5444
4447,3804.7031
4447,2914.572
4448,4105.878
4449,3848.5024
4449,4025.2415
4449,3962.3972
4449,5036.1333
4449,3860.1096
4449,3428.3474
4451,3056.2888
4451,3308.8499
4451,3586.1555
4451,3593.0315
4452,3104.1794
4452,3001.1355
4452,3546.0278
4452,3339.8428
4452,3546.0278
4452,3790.4553
4452,3790.4553
4452,3637.6448
4452,4276.0513
4452,3750.467
4452,3750.467
4452,3750.467
4452,3942.9
4452,3637.6448
4453,3067.4617
4453,4663.766
4454,2871.4585
4454,4047.346
4455,3297.9243
4455,3108.4617
4455,3800.2017
4455,4437.0576
4455,4371.428
4455,3800.2017
4455,4431.3643
4455,4431.3643
4455,3795.3254
4455,2969.4692
4455,6629.0015
4455,4529.2886
4455,2969.4692
4455,4207.4014
4455,3755.2822
4455,3795.3254
4455,3795.3254
4455,3955.9617
4455,4127.4365
4455,3283.7878
4456,3930.6724
4456,3972.5854
4456,3506.707
4456,4188.976
4457,4458.5513
4457,3959.839
4457,2638.985
4457,4191.678
4457,3722.8103
4458,2809.3677
4458,3874.22
4458,3874.22
4458,3356.3586
4458,4287.447
4459,3918.0605
4459,3964.9229
4459,3918.0605
4459,3918.0605
4459,3489.0952
4459,3499.9495
4459,3190.5107
4459,4557.076
4459,9582.078
4460,3352.3972
4460,3352.3972
585,912.38745
585,912.38745
585,956.5902
585,779.8207
586,1007.1931
586,1007.1931
586,958.00037
586,958.00037
586,943.8197
586,815.82806
586,952.5768
586,950.13184
586,950.13184
586,941.82104
586,941.82104
586,941.82104
586,941.82104
586,920.25775
586,920.25775
586,1013.5744
586,1013.5744
586,1139.7477
586,776.55444
586,805.1404
586,788.2247
586,1220.5873
586,1090.2593
586,1303.6018
586,1195.9415
586,1158.4657
4460,4229.0615
4460,4292.55
4460,3424.2715
4460,3460.7861
4460,3424.2715
4461,3482.0396
4462,3683.9116
4462,4075.6357
4462,3745.6545
4462,5752.931
4463,3490.6433
4463,3453.814
4463,3490.6433
4463,3453.814
4463,3527.8655
4463,4603.6245
4464,3679.532
4465,3267.3203
4465,3561.293
4465,4316.0967
4465,3510.8542
4466,3108.4617
4466,4644.716
4466,3635.324
4466,3888.7825
4466,3888.7825
4466,3888.7825
4466,3804.7031
4466,3804.7031
4466,3804.7031
4466,3325.5266
4466,3506.349
4466,3402.7278
4466,3617.4358
4466,5141.3438
4467,3354.2205
4467,2914.572
4467,3964.9229
4467,4032.6052
4467,4032.6052
4468,2880.7021
4468,4458.5513
4468,4458.5513
4468,3833.3484
4468,3833.3484
4469,3318.83
4469,3347.7537
4469,3147.354
4469,3764.561
4469,3354.2205
4469,3389.985
4469,3389.985
4469,3389.985
4469,3354.2205
4469,4784.7007
4469,3426.134
4469,3426.134
4469,3318.83
4470,3570.4468
4470,7366.058
4470,3328.815
4470,3713.266
4471,5026.463
4471,3594.6462
4472,5935.1274
4472,4414.3286
4472,5462.196
4472,4506.0913
4472,5445.258
4473,3635.324
4474,3441.2344
4474,4297.6343
4474,3984.9395
4475,4183.601
4475,3192.572
4475,3145.346
4475,3392.1782
4475,5618.843
4476,3930.2488
4476,3743.99
4476,4390.2456
4476,4371.428
4476,3467.1438
4476,3504.112
4476,3579.2417
4476,3504.112
4476,5320.6987
4476,5209.026
4476,3704.4917
4477,3681.5332
4477,3972.9568
4477,5628.557
4478,4180.932
4478,4152.751
4478,4707.4463
4478,4425.6787
4478,4316.0967
4478,4316.0967
4478,4270.565
4478,4316.0967
4478,3913.0332
4478,4472.8643
4478,3668.121
4478,4270.565
4478,4270.565
4478,4270.565
4478,4225.509
4478,4270.565
4479,4030.0325
4479,4090.5337
4479,4222.781
4479,3352.3972
4479,3460.7861
4479,2989.9219
4480,3750.467
4480,4436.575
4480,3690.2495
4480,4392.6084
4480,4346.265
4480,4392.6084
4480,4486.778
4480,4346.265
4480,4392.6084
4480,4566.3096
4480,4044.764
4480,3928.536
4480,3750.467
4480,3440.883
4481,3720.4387
4481,3889.1719
4481,3771.804
4482,3748.4285
4482,3375.4348
4482,3685.5144
4482,3222.7773
4482,3570.089
4482,3685.5144
4483,4335.5527
4483,5080.057
4484,3482.0396
4484,3430.5361
4484,3155.131
4484,4461.3975
4484,3792.904
4484,3430.5361
4484,3660.7034
4484,3482.0396
4484,4646.741
4485,3584.5447
4485,4401.059
4485,3235.2158
4485,3599.9722
4486,4414.3286
4486,3165.2605
4486,4136.79
4486,3594.6462
4486,3677.1528
4487,3504.112
4488,3443.428
4488,4495.4443
4488,4543.378
4488,4244.524
4488,2638.985
4488,3392.1782
4488,4467.1294
4488,4467.1294
4489,4142.105
4489,3642.6902
4490,5618.843
4490,3688.592
4491,4370.5444
4491,3892.052
4491,3800.2017
4492,7886.2847
4492,4515.674
4492,2913.0044
4492,2753.389
4492,2753.389
4493,3548.2712
4493,3439.0127
4493,3402.7278
4493,3368.657
4493,3694.991
4494,3506.349
4494,3678.8088
4494,3718.0369
4494,4555.4854
4495,3234.8918
4496,4614.563
4496,3843.2048
4496,4002.0935
4496,4087.893
4496,3123.5386
4496,3044.8691
4496,3392.1782
4497,3804.7031
4497,2673.9692
4497,3667.7466
4497,3833.3484
4497,3928.1348
4497,3788.807
4497,3874.22
4497,3833.3484
4497,3833.3484
4497,3833.3484
4497,3833.3484
4497,3874.22
4497,3833.3484
4497,3833.3484
4497,3833.3484
4497,3792.904
4497,3833.3484
4497,3833.3484
4498,4060.3738
4498,4060.3738
4498,3479.8213
4498,3202.501
4498,4231.7974
4498,4387.411
4498,4387.411
4498,4387.411
4498,4322.52
4499,3511.2124
4500,3473.1091
4500,3788.3948
4501,3556.7231
4501,4574.663
4501,3632.977
4502,3734.7725
4502,5745.555
4502,3527.8655
4502,6637.517
4503,3579.607
4503,3155.131
4503,4004.6482
4503,3962.3972
4503,4004.6482
4503,3962.3972
4504,3135.8694
4504,3135.8694
4504,3439.0127
4504,3942.9
4504,3942.9
4504,3558.994
4504,3984.9395
4504,3423.9482
4504,4222.781
4504,3697.3813
4505,4129.2363
4506,4090.5337
4507,3508.6143
4507,4093.145
4508,4068.1858
4508,3071.403
4508,3654.0222
4508,4049.9604
4508,4381.7817
4509,7038.1816
4509,4158.0864
4509,3212.7856
4509,5972.1357
4509,5106.2134
4509,4298.0645
4510,3318.83
4510,4121.7197
4510,3499.9495
4511,3606.5579
4511,3375.4573
4511,3807.1282
4512,3530.1445
4512,3567.7876
4512,3530.1445
4513,3501.853
4513,5247.676
4513,6050.718
4513,3137.2817
4513,3464.9055
4513,3644.2786
4513,3428.3474
4513,3464.9055
4513,3464.9055
4513,3464.9055
4513,3464.9055
4513,3428.3474
4514,3177.159
4514,4437.0576
4514,4418.04
4514,3804.7031
4514,3601.9302
4514,3640.3386
4514,3640.3386
4514,3640.3386
4515,3388.1423
4515,3739.1858
4515,3739.1858
4516,3548.6538
4516,3797.777
4516,3561.293
4516,3637.6448
4516,3506.349
586,1213.9069
587,788.80255
587,852.31995
587,907.801
587,907.801
587,907.801
587,907.801
587,907.801
587,894.3622
587,952.5768
587,896.39764
587,998.72455
587,909.7271
587,1108.0605
587,1015.88086
588,822.8734
588,920.8532
588,1077.8492
588,1037.6844
588,966.18115
589,734.4324
589,734.4324
589,734.4324
589,742.272
589,742.272
589,742.272
589,742.272
589,742.272
589,742.272
589,1070.4723
4516,3569.18
4516,3959.873
4516,4158.0864
4516,5699.5576
4516,3959.873
4517,3420.2463
4517,3228.7012
4518,3504.112
4518,3212.7856
4518,4571.7095
4519,4065.9746
4520,3658.3398
4520,3581.554
4520,6050.718
4520,4057.7524
4520,4362.156
4520,5660.581
4521,3764.9165
4521,3743.99
4521,3228.7012
4521,4085.671
4522,4411.4785
4522,4364.9365
4523,4009.7935
4523,4220.9443
4523,4070.814
4523,3804.7031
4523,3804.7031
4523,3637.6448
4523,3271.1626
4523,3886.272
4523,3530.1445
4524,6925.1973
4524,5327.5347
4524,4537.5483
4524,3434.9438
4525,3178.887
4525,4667.2197
4525,3145.346
4525,3516.9248
4525,3776.6501
4527,4062.5588
4528,4506.0913
4528,3617.4358
4528,3617.4358
4529,3647.3706
4529,3335.5571
4530,3593.0315
4530,4841.93
4530,3848.5024
4531,3155.131
4531,3460.7861
4531,3512.7437
4531,3727.2202
4532,3452.2822
4532,4044.764
4532,5089.8696
4533,3833.3484
4533,3725.2153
4534,3419.5547
4534,4432.2354
4535,3506.707
4535,4239.0776
4535,4297.6343
4536,3463.022
4536,3475.681
4536,4132.3174
4536,4465.1484
4536,4418.04
4536,3366.8257
4536,3800.2017
4536,3800.2017
4536,3800.2017
4536,3640.3386
4537,3829.2039
4537,3928.1348
4537,3970.0208
4537,3970.0208
4537,4150.106
4537,4150.106
4537,3727.2202
4537,3853.447
4538,4060.3738
4538,3077.3362
4538,4506.0913
4538,4411.5166
4538,4057.7524
4538,4014.945
4538,3697.3813
4538,5424.33
4539,5032.9204
4539,5032.9204
4539,3096.8203
4540,3579.2417
4540,3388.1423
4540,3352.3972
4540,3352.3972
4540,3388.1423
4540,4225.509
4540,4134.151
4541,4408.6646
4541,4362.156
4541,3964.9229
4541,3959.839
4541,3918.0605
4541,3918.0605
4541,3918.0605
4542,3258.9404
4542,4693.7974
4543,3155.131
4543,3679.532
4543,4408.6646
4543,4362.156
4543,3617.4358
4543,4408.6646
4543,4408.6646
4543,4408.6646
4543,4862.768
4543,3430.5361
4543,7695.182
4543,3482.0396
4544,4055.1638
4544,4142.105
4544,4142.105
4545,4051.162
4545,4707.4463
4545,3202.501
4546,4392.6084
4546,3204.5454
4547,4136.79
4547,4136.79
4547,3318.7825
4547,3121.8406
4547,3637.6448
4547,4316.0967
4548,6216.26
4548,6216.26
4548,4644.716
4548,3192.8706
4549,3594.9858
4549,4030.0325
4549,4073.0046
4550,3379.7942
4550,3750.8499
4550,3647.3706
4551,3477.5715
4551,4952.6606
4552,4324.438
4552,3504.112
4552,5576.3374
4552,3594.6462
4553,4900.3726
4553,3018.2104
4553,4794.912
4554,4546.313
4555,4292.55
4556,3888.7825
4556,3554.427
4556,4239.0776
4556,4552.1147
4557,3482.0396
4557,3713.266
4557,4183.601
4557,3674.0884
4558,3928.1348
4558,4387.411
4558,3579.2417
4558,3467.1438
4558,3541.4778
4558,3541.4778
4558,3781.4988
4558,3928.1348
4558,4893.5947
4558,4731.6797
4558,4722.558
4559,3392.1782
4559,3428.3474
4559,3464.9055
4559,3428.3474
4559,3392.1782
4559,3464.9055
4559,3392.1782
4559,3501.853
4559,4116.8784
4559,3720.7903
4559,4160.324
4559,3681.5332
4559,3720.7903
4560,6959.438
4560,4370.5444
4560,3651.318
4560,3490.6433
4560,3554.427
4560,4865.914
4560,4757.6353
4560,4152.751
4561,3771.804
4561,3222.7773
4561,3886.691
4561,3888.7825
4561,3879.1975
4561,4059.9363
4561,4134.151
4561,3987.5176
4562,3685.5144
4562,3685.5144
4562,3646.6328
4562,3788.3948
4562,3788.3948
4562,5402.174
4563,4439.4414
4563,3637.6448
4563,4392.6084
4564,4814.5415
4564,3660.7034
4564,4506.0913
4564,4506.0913
4564,3800.2017
4564,3426.134
4565,3638.3596
4565,3510.8542
4566,4321.679
4566,4134.151
4566,3795.3254
4566,4090.5337
4566,3143.6392
4566,4461.3975
4568,3088.8777
4568,4321.642
4568,3318.83
4569,3563.9302
4570,4875.2705
4570,3649.6746
4570,4611.584
4570,6883.026
4570,3499.9495
4570,3918.0605
4571,3923.0945
4571,3923.0945
4572,4406.7095
4572,4428.504
4573,4297.6343
4573,5622.4775
4573,3581.554
4573,4370.5444
4574,3354.2205
4574,3392.1782
4574,4515.674
4575,4241.355
4575,4134.151
4576,4044.764
4576,4360.2173
4578,3959.839
4578,3964.9229
4578,4057.7524
4578,4057.7524
4578,4057.7524
4578,4014.945
4578,3843.2048
4578,3843.2048
4578,3464.9055
4579,3804.7031
4579,3886.272
4579,4292.55
4579,4300.3774
4579,3424.2715
4579,4087.893
4579,4044.764
4580,5528.6396
4580,3748.4285
4580,3654.0222
4580,3748.4285
4580,3708.88
4580,3748.4285
4580,4070.814
4580,4707.4463
4580,3190.5107
4580,3850.2097
4580,3850.2097
4580,3850.2097
4581,5198.989
4581,4134.151
4581,3511.2124
4582,3713.266
4582,3439.7083
4583,4442.754
4583,4654.7754
4583,4605.6665
4584,3488.7659
4584,3972.5854
4584,2956.7417
4584,4239.0776
4584,3212.7856
4584,4009.7935
4585,3658.3398
4585,4316.0967
4586,4233.6387
4586,4233.6387
4586,4365.8193
4586,3942.9
589,1093.4375
589,1070.4723
589,1081.894
589,1093.4375
589,1093.4375
589,1059.171
589,1059.171
589,1059.171
589,1093.4375
589,1070.4723
589,1070.4723
589,1081.894
589,1081.894
589,1093.4375
589,945.03326
589,1081.894
589,1081.894
589,925.1817
589,1093.4375
589,945.03326
589,979.09595
589,1059.171
589,1093.4375
589,1070.4723
589,1093.4375
589,1059.171
589,1059.171
589,1059.171
589,1093.4375
589,1059.171
4586,4027.431
4586,4129.2363
4586,4415.221
4586,3942.9
4586,3901.3
4586,4047.346
4586,5572.7373
4586,3984.9395
4586,4004.6482
4586,4004.6482
4586,3558.994
4586,4004.6482
4586,3942.9
4586,4027.431
4586,3888.7825
4586,4004.6482
4586,4027.431
4587,3043.1877
4587,2876.4417
4588,2894.6763
4588,3327.6782
4588,4506.0913
4588,3736.804
4588,4458.5513
4588,3697.3813
4588,4506.0913
4588,3736.804
4588,3776.6501
4588,3697.3813
4588,3736.804
4588,3697.3813
4588,4506.0913
4588,3697.3813
4588,3816.9175
4588,4506.0913
4588,4506.0913
4588,5821.7446
4590,3463.022
4590,4694.2407
4591,4228.206
4591,4634.824
4591,4144.781
4591,3337.3713
4591,5147.4233
4591,5059.312
4592,3090.5842
4592,3110.1523
4592,4109.745
4592,3338.027
4592,3108.4617
4592,3413.6553
4592,3175.1077
4592,3236.9539
4592,4835.718
4593,3046.194
4593,3046.194
4593,3046.194
4594,4163.0117
4594,4119.094
4595,4408.6646
4596,3531.5222
4596,3439.659
4596,3318.83
4596,4223.635
4596,4532.18
4597,4693.2915
4598,3748.4285
4598,5367.1045
4598,5969.533
4598,3838.2734
4600,3957.6865
4600,3155.131
4600,7464.537
4600,4057.7524
4600,4047.3806
4601,4042.5652
4601,3907.0466
4601,3394.3406
4602,3608.8604
4602,3495.8352
4602,3143.3152
4602,3906.279
4603,5193.368
4603,3619.745
4603,3658.3398
4603,3619.745
4604,3504.112
4604,3541.4778
4604,3467.1438
4604,3558.994
4604,3718.0369
4604,4222.781
4604,3843.5642
4604,3762.8914
4604,3762.8914
4605,3776.6501
4606,3515.013
4606,4506.0913
4606,4458.5513
4606,4220.9443
4607,5032.9204
4608,3741.605
4608,3702.1284
4608,3781.4988
4608,3879.1975
4608,3942.9
4608,4392.6084
4609,4713.494
4609,3433.401
4610,3392.1782
4611,4437.4727
4611,3687.899
4611,3530.1445
4611,3406.752
4611,3510.8542
4611,4744.2935
4612,5077.848
4612,3845.2693
4612,3212.7856
4612,3845.2693
4612,3845.2693
4612,3686.2598
4612,4518.587
4612,3886.272
4612,3845.2693
4612,4769.8677
4612,4734.7
4613,4814.5415
4613,4841.93
4615,4241.8164
4616,3833.3484
4616,3392.1782
4616,3833.3484
4617,3439.0127
4617,3439.0127
4617,3402.7278
4617,3338.027
4617,3504.112
4617,3428.3474
4617,3165.2605
4617,3165.2605
4617,3236.9539
4617,4181.7417
4618,3838.2734
4619,4073.0046
4619,4030.0325
4619,4073.0046
4619,4392.6084
4619,3428.3474
4619,3601.542
4619,4194.354
4619,4490.55
4620,4087.893
4620,7876.1743
4620,4362.156
4620,4002.0935
4620,4044.764
4620,4103.6694
4620,3984.9395
4620,4044.764
4620,4087.893
4620,4087.893
4620,5167.283
4620,3870.035
4620,3304.604
4620,3970.0208
4620,3928.1348
4620,3970.0208
4621,3345.6177
4622,3428.3474
4622,3637.6448
4622,5086.584
4623,4131.482
4623,3644.2786
4623,3484.6182
4624,4060.3738
4624,3341.6594
4624,3642.3184
4624,3511.2124
4625,3788.3948
4626,3377.638
4626,4455.673
4626,3656.0095
4626,4455.673
4626,4455.673
4626,4455.673
4626,4455.673
4627,7162.929
4627,4098.404
4627,4098.404
4627,4098.404
4627,4142.105
4627,4142.105
4627,3439.0127
4628,4408.6646
4628,3503.7344
4628,3503.7344
4628,3935.2983
4629,3739.1858
4629,3192.8706
4629,4517.673
4630,4044.764
4630,3583.8403
4630,3583.8403
4630,3327.3164
4630,4136.79
4630,4127.4365
4630,4136.79
4631,5503.317
4631,4915.6113
4632,2639.218
4632,4073.0046
4632,4116.431
4632,4030.0325
4633,4557.076
4633,3819.383
4633,3860.1096
4633,3860.1096
4633,4605.6665
4633,3901.2703
4633,3860.1096
4633,3819.383
4633,4605.6665
4633,3714.747
4633,3434.9438
4634,4230.9375
4634,3987.5176
4634,7078.218
4635,2940.013
4636,4070.814
4636,4900.3726
4637,4644.716
4637,3439.0127
4637,3188.7734
4637,5193.368
4637,3338.027
4637,3563.9302
4637,3524.3806
4637,4220.4854
4637,4316.974
4637,5785.6626
4637,5664.238
4637,3685.5144
4638,3212.7856
4638,3226.6167
4639,3088.8777
4639,4481.021
4639,3843.2048
4639,3746.412
4639,6325.162
4639,4292.55
4640,3829.2039
4640,5544.192
4640,3746.412
4641,3548.6538
4641,3212.7856
4641,3697.3813
4641,4103.6694
4641,4103.6694
4641,4406.7095
4641,4042.9739
4642,3464.9055
4642,3113.5159
4642,3113.5159
4642,3113.5159
4642,3464.9055
4642,3428.3474
4642,3464.9055
4642,3464.9055
4642,3392.1782
4642,3428.3474
4642,3501.853
4642,3464.9055
4643,3748.4285
4643,3984.9395
4643,3530.8281
4643,6959.438
4644,2997.8733
4644,4370.5444
4645,4316.0967
4645,3997.736
4646,4297.6343
4646,3583.8403
4646,3658.3713
4647,4571.7095
4648,4087.893
4648,8873.655
4648,8873.655
4648,3739.1858
4649,3077.3362
4649,3190.5107
4649,3143.3152
4649,3143.3152
4649,4717.4526
4650,4281.5454
4652,5039.386
4652,4660.7554
4652,4252.7227
4652,4863.7515
4652,3601.9302
589,1083.285
589,1070.4723
589,1093.4375
589,945.03326
589,1059.171
589,1070.4723
589,1081.894
589,1081.894
589,945.03326
589,867.4424
589,1070.4723
589,1093.4375
589,1093.4375
589,1093.4375
589,1093.4375
589,1093.4375
589,1093.4375
589,925.1817
589,1000.11127
589,1053.9467
590,913.56067
590,790.0931
590,962.0366
590,1042.7217
590,939.6826
590,918.16864
590,918.16864
590,918.16864
590,918.16864
590,918.16864
4653,3736.804
4653,3816.9175
4653,3816.9175
4654,4335.5527
4654,4660.7554
4654,4875.2705
4654,4603.6245
4654,4875.2705
4655,3402.7278
4656,3394.3213
4656,4740.783
4656,4869.015
4656,4817.6514
4656,4766.825
4656,4189.404
4656,4276.0513
4657,4365.8193
4657,4418.04
4657,3373.6223
4657,5682.4204
4657,3901.3
4657,3271.1626
4659,4158.0864
4659,4027.865
4659,3428.3474
4659,4065.9746
4659,3699.7383
4659,3430.5361
4659,3430.5361
4660,4387.411
4660,4794.423
4661,3809.5876
4661,3809.5876
4661,3850.2097
4661,3850.2097
4661,4150.106
4661,3424.2715
4661,6134.9136
4661,4335.5527
4661,4408.6646
4661,3886.272
4662,4014.945
4662,4014.945
4662,3489.0952
4662,2894.6763
4662,3526.2976
4662,3959.839
4662,3964.9229
4662,3959.839
4662,4057.7524
4662,4014.945
4662,4057.7524
4662,4057.7524
4663,3197.275
4663,5791.9243
4663,3930.2488
4663,3930.2488
4664,3584.5447
4664,3624.7346
4664,5198.989
4665,3411.7996
4665,3434.5999
4665,3574.649
4665,4661.698
4665,3283.816
4666,3377.638
4666,4134.151
4666,4222.781
4666,4838.8413
4666,4222.781
4666,4178.233
4666,4178.233
4666,4134.151
4666,4222.781
4666,4090.5337
4666,4538.003
4666,6907.4385
4666,3204.5454
4666,4490.126
4667,3879.1975
4668,4136.79
4668,3638.3596
4668,4085.671
4668,3599.9722
4668,4318.889
4668,3322.4224
4668,4222.781
4668,4459.419
4669,3428.3474
4669,5810.5664
4669,5285.382
4670,4376.1597
4670,3211.039
4670,3211.039
4670,3177.159
4670,4233.6387
4670,4233.6387
4671,4657.782
4672,4554.1387
4672,3776.6501
4672,3697.3813
4672,3776.6501
4672,3736.804
4672,4554.1387
4672,3736.804
4672,3697.3813
4672,3776.6501
4672,4554.1387
4672,3697.3813
4672,3776.6501
4672,4554.1387
4672,3816.9175
4672,4554.1387
4672,3776.6501
4672,4458.5513
4672,4554.1387
4672,4554.1387
4673,4360.2173
4673,3067.4617
4674,4568.793
4675,5207.2075
4675,4142.105
4675,4634.824
4675,4228.206
4676,3413.6553
4676,3974.7231
4676,4343.894
4676,3872.114
4676,3426.134
4676,3833.3484
4677,3527.8655
4677,14659.677
4678,4417.1465
4678,4417.1465
4678,3439.0127
4678,3512.7437
4678,3439.0127
4678,4207.4014
4678,4163.0117
4678,5361.3022
4678,4119.094
4678,3022.0886
4678,4368.606
4679,4707.4463
4679,3862.6033
4679,4757.6353
4679,4707.4463
4679,4808.364
4679,3987.4832
4679,4808.364
4679,3219.2744
4679,3506.349
4679,3942.9
4679,3901.3
4679,6212.3003
4680,3428.3474
4680,3501.853
4681,3439.0127
4681,3145.346
4682,3660.7034
4682,3610.4614
4682,4042.5652
4682,5424.33
4682,5310.4873
4682,5134.223
4682,4173.716
4682,3610.4614
4682,3781.4988
4683,4047.346
4684,3959.839
4685,3108.4617
4685,3108.4617
4685,4055.1638
4685,4044.764
4685,3450.0535
4685,3283.7878
4685,2864.1357
4685,4090.5337
4685,4114.2207
4686,4583.4644
4686,3608.8604
4686,3608.8604
4687,4821.6973
4687,3788.3948
4687,3732.3613
4687,4971.7026
4688,3432.7524
4688,3901.3
4688,3504.112
4688,3541.4778
4688,4178.233
4688,4672.7344
4688,3504.112
4688,5673.982
4689,4504.0933
4689,4173.716
4689,3175.1077
4689,5004.924
4689,4504.0933
4689,4456.574
4690,3792.904
4690,4506.0913
4690,4589.3525
4691,4797.9727
4691,3182.328
4691,5086.584
4692,4392.6084
4692,3826.7317
4692,3781.4988
4692,3741.605
4692,3781.4988
4692,4376.1597
4692,3741.605
4692,3681.5332
4692,3823.517
4693,4845.5435
4693,3804.7031
4693,3804.7031
4693,3845.2693
4693,3804.7031
4693,3145.346
4693,3399.023
4693,3261.021
4693,3261.021
4693,4292.1196
4694,4222.781
4694,3816.9175
4694,4554.1387
4695,4136.79
4695,4298.5073
4696,4059.9363
4696,3955.9314
4697,3907.0466
4697,4734.226
4698,4470.015
4698,4814.5415
4698,6959.491
4699,5122.092
4700,3843.2048
4700,3807.1282
4700,4370.5444
4700,4370.5444
4700,4040.3948
4701,5673.982
4702,4421.3115
4702,3354.2205
4702,3426.134
4702,3389.985
4702,4876.257
4702,4134.987
4702,3318.83
4702,4287.046
4702,3354.2205
4702,3198.9956
4702,4347.111
4703,3715.6614
4703,3504.112
4704,4785.221
4704,5829.224
4704,3819.383
4704,4634.8643
4704,7793.087
4704,7793.087
4704,3984.9395
4704,3679.1565
4704,5167.283
4704,4087.893
4704,4042.9739
4704,4764.711
4704,8368.51
4704,5094.63
4704,4103.6694
4704,4027.431
4704,4087.893
4704,4408.6646
4704,4044.764
4704,4087.893
4704,4087.893
4704,4784.7007
4704,4634.8643
4704,4634.8643
4705,3428.3474
4705,3543.7656
4705,5876.307
4706,3644.2786
4706,4818.1064
4707,3748.4285
4707,3748.4285
4707,3748.4285
4707,3736.804
4707,4620.456
4707,3428.3474
4707,3464.9055
4707,3464.9055
4708,3916.323
4708,3901.2703
4708,4888.267
4709,3748.4285
4709,4057.7524
4709,3997.736
413,990.52185
413,990.52185
414,695.1068
414,776.12524
414,767.9286
414,944.0607
414,902.83844
415,902.83844
415,962.7496
416,875.8732
416,642.1247
416,714.0097
417,718.60297
417,757.71893
417,872.20514
417,894.75934
417,829.5993
417,737.59705
417,782.7545
417,723.55725
417,867.18524
418,835.93695
418,835.93695
418,637.662
418,687.7647
418,695.1068
418,680.5
418,687.7647
418,695.1068
418,680.5
590,918.16864
590,918.16864
591,1000.2053
591,1000.2053
591,1050.8832
591,1074.1229
591,1170.8254
591,966.8889
591,966.8889
591,966.8889
591,757.71893
591,886.3661
591,766.302
591,766.302
591,758.2089
591,766.302
591,758.2089
591,758.2089
591,766.302
591,766.302
591,766.302
591,750.20123
591,794.2402
591,915.0476
591,807.7346
592,1044.9337
592,1016.5376
592,965.934
592,893.2136
592,912.9699
4710,5083.3438
4710,4933.5786
4711,3893.7788
4711,5163.9917
4712,5271.3296
4712,4520.557
4712,4316.0967
4712,3942.9
4712,3984.9395
4712,4180.932
4712,4180.932
4712,4605.6665
4712,3168.7139
4712,4620.456
4712,4597.7173
4712,4085.671
4713,3190.5107
4714,4608.607
4714,4734.7
4714,6704.0005
4715,3439.0127
4715,3439.0127
4715,4744.2935
4715,4617.509
4716,3489.0754
4716,3639.9949
4717,4418.04
4717,3760.107
4717,3754.3545
4717,4434.227
4717,4129.2363
4717,4042.5652
4717,4093.145
4718,3819.383
4718,3860.1096
4718,3860.1096
4718,3860.1096
4718,3860.1096
4718,4605.6665
4718,4654.7754
4718,4654.7754
4719,3736.804
4719,3736.804
4719,4458.5513
4719,3776.6501
4719,4506.0913
4719,4343.459
4719,4057.7524
4719,4276.0513
4719,7218.208
4719,4406.7095
4720,4175.962
4720,4927.2534
4721,4481.021
4721,4543.378
4721,3790.4553
4721,3247.3772
4722,3563.9302
4723,3265.211
4724,4862.768
4724,3990.0593
4724,4000.3186
4724,3579.2417
4724,3271.1626
4724,4149.6543
4724,4268.671
4724,3389.985
4725,4897.2466
4725,5042.6035
4725,3404.5786
4725,5370.5713
4725,3870.035
4725,3970.0208
4725,5544.192
4726,3771.804
4727,4506.0913
4727,3504.112
4727,4362.156
4727,4959.4917
4728,3586.1555
4729,3605.8286
4729,4085.671
4729,4540.4404
4729,4398.2515
4730,4455.673
4730,7648.3223
4730,4364.9365
4731,9356.936
4731,3067.4617
4732,3827.1223
4732,6081.8706
4732,4189.404
4732,3867.9314
4732,3909.1716
4732,3909.1716
4732,3786.7473
4733,3970.0208
4733,4142.105
4733,4233.6387
4735,4684.7485
4735,4684.7485
4735,3845.2693
4735,3845.2693
4735,4684.7485
4737,3617.4358
4737,3734.3914
4737,4442.754
4737,7714.966
4737,5093.1187
4737,4660.7554
4738,3893.7788
4738,3283.7878
4739,3304.604
4739,4042.5652
4739,4060.7573
4739,3872.114
4739,3872.114
4739,3774.5972
4739,3766.964
4740,4037.7861
4740,4080.8372
4740,3338.027
4740,2986.6462
4740,2986.6462
4740,4136.79
4740,2753.389
4740,5935.1274
4741,3656.0095
4742,4032.6052
4742,4559.9854
4742,3333.0889
4742,4766.825
4742,4559.9854
4742,4459.419
4742,4869.015
4742,4740.783
4743,5364.7246
4743,4381.7817
4743,4335.5527
4743,4131.482
4743,3428.3474
4743,7384.9956
4743,3256.8364
4743,4392.6084
4743,4324.8423
4744,4247.667
4744,4247.667
4744,4158.0864
4744,4158.0864
4744,3426.484
4745,3335.2454
4745,3583.8403
4745,3720.7903
4745,4387.411
4746,3959.839
4746,3888.7825
4746,3903.7908
4746,7618.929
4746,3579.2417
4746,4132.3174
4746,5024.239
4746,4194.354
4748,4311.4346
4748,3532.3982
4749,3710.897
4749,3392.1782
4749,3501.853
4749,3392.1782
4749,3392.1782
4749,3145.346
4749,3750.467
4749,3583.8403
4749,3637.6448
4750,4327.1943
4750,3404.9001
4751,4178.233
4751,3520.1907
4751,4737.284
4751,3604.2605
4751,4178.233
4751,4178.233
4751,4090.5337
4751,4222.781
4751,4178.233
4751,4222.781
4751,4178.233
4751,4737.284
4751,4890.436
4751,4222.781
4751,4222.781
4751,4737.284
4752,4714.4473
4752,4371.428
4752,4808.364
4752,4052.546
4752,3795.3254
4753,4408.6646
4753,4602.6934
4754,4797.9727
4754,3541.4778
4754,4136.79
4755,3651.318
4755,4376.1597
4755,4376.1597
4755,4422.8213
4755,4376.1597
4756,3627.0764
4757,3743.99
4758,4411.4785
4758,4364.9365
4758,3617.4358
4758,4455.673
4758,6825.8003
4758,3430.5657
4758,5212.356
4759,3831.2646
4759,4030.0325
4759,4073.0046
4759,3145.346
4759,3658.3398
4760,3490.6433
4760,4506.0913
4760,4131.482
4761,3269.74
4761,4641.718
4761,3843.2048
4762,3452.2822
4763,4247.266
4763,3075.3494
4763,3546.7249
4763,4511.8765
4764,4263.194
4764,4980.7974
4764,3377.2705
4764,4757.6353
4764,3903.7908
4764,4808.364
4764,4757.6353
4764,4808.364
4764,3987.4832
4764,3933.5532
4764,4757.6353
4764,3903.7908
4764,3950.486
4764,4808.364
4764,4417.1465
4764,4417.1465
4765,4088.3103
4766,4208.2524
4766,4088.7197
4766,4250.411
4766,3819.383
4766,4392.6084
4766,4439.4414
4766,4439.4414
4766,4470.015
4766,3333.0889
4766,4131.482
4767,4335.5527
4767,3501.853
4768,4699.3213
4769,3635.324
4769,3881.7036
4769,5144.14
4769,3720.7903
4769,3720.7903
4769,4047.346
4770,4515.674
4770,3828.791
4770,3708.88
4770,3732.3613
4770,3654.0222
4770,3320.2773
4770,4027.8418
4770,4395.412
4770,4442.2754
4771,3464.9055
4771,3997.736
4771,5696.416
4771,3464.9055
4771,4447.9824
4772,4705.3545
4773,4839.326
4773,4839.326
4773,3222.7773
4773,3501.853
4773,3501.853
4773,4788.2754
4774,4591.818
4774,4835.718
4774,4591.818
4775,4116.431
4775,3537.2673
4776,5128.6724
4777,4711.3994
4777,4044.764
4778,4418.04
4778,3770.1313
4778,3402.7278
4778,5036.1333
592,1053.9553
593,891.4135
593,859.68005
593,1095.5516
593,1071.8486
593,810.1666
593,810.1666
593,973.6525
593,825.96234
593,817.24
593,817.24
593,817.24
593,825.96234
593,817.24
593,817.24
593,825.96234
593,808.6097
593,817.24
593,817.24
593,808.6097
593,817.24
593,808.6097
593,985.6442
593,985.6442
593,964.9404
593,985.6442
593,800.07043
593,825.96234
593,817.24
593,817.24
4778,3964.9229
4779,4845.5435
4779,3995.563
4779,4038.1638
4780,3388.1423
4780,3957.3127
4781,4044.764
4781,3353.8557
4781,3697.3813
4782,3356.3586
4782,3356.3586
4782,4999.046
4783,3661.3948
4783,3554.427
4783,4538.003
4784,4040.3948
4784,4171.021
4784,4171.021
4784,4171.021
4784,4083.4773
4785,4487.685
4785,3824.2903
4785,3865.069
4785,4602.6934
4785,4431.3643
4785,4365.8193
4785,4764.711
4785,3776.6501
4785,3273.279
4786,4684.28
4786,4366.2314
4787,4222.781
4788,3389.985
4788,3389.985
4788,3318.83
4788,4222.781
4788,3736.804
4788,3389.985
4788,3318.83
4788,4223.635
4788,4223.635
4788,4332.754
4788,4223.635
4788,3389.985
4788,3389.985
4788,3426.134
4788,4179.078
4788,3389.985
4788,3828.791
4788,4287.046
4789,4652.7065
4789,4442.754
4790,4226.7627
4790,4178.233
4790,5064.826
4790,4108.5303
4791,5404.5703
4791,4535.108
4791,4535.108
4791,3660.7034
4791,5255.48
4791,4281.9824
4791,4281.9824
4791,4281.9824
4791,3724.8137
4791,3640.3386
4793,4904.0015
4793,3656.3513
4794,3145.346
4794,4188.976
4795,3831.2646
4795,3490.6433
4795,5829.769
4795,3271.1626
4796,3833.3484
4796,3541.4778
4796,3467.1438
4796,3504.112
4796,3874.22
4796,3724.8457
4797,4511.8765
4797,4526.3647
4797,4136.79
4798,3297.9243
4798,3670.4417
4798,3786.7148
4798,4252.297
4798,4841.9673
4798,4833.1167
4798,4472.8643
4798,4316.0967
4798,3901.3
4798,4432.1973
4798,4316.0967
4798,3984.9395
4798,4520.557
4798,4316.0967
4798,5051.799
4799,4506.0913
4799,4814.5415
4800,3581.554
4800,3011.0608
4800,3658.3398
4801,3475.681
4801,3512.7437
4801,3739.1858
4801,3343.4578
4802,3129.8232
4803,3554.427
4804,4085.671
4804,4508.964
4804,4508.964
4805,3145.346
4805,4602.6934
4805,3776.6501
4805,4458.5513
4805,4171.447
4805,4839.326
4805,4389.7725
4805,3776.6501
4805,3776.6501
4805,4458.5513
4805,3870.035
4805,4554.1387
4805,4389.7725
4805,4343.459
4805,4389.7725
4807,4090.5337
4808,3776.6501
4808,4131.482
4808,4131.482
4808,3776.6501
4808,3704.8416
4808,4222.781
4809,4716.4985
4810,3771.804
4811,4032.6052
4811,4862.768
4811,4086.08
4811,4862.768
4812,4946.2637
4812,4073.0046
4812,3739.1858
4813,4537.5483
4814,4809.3364
4814,4142.105
4815,4212.8027
4816,4797.9727
4816,4329.9937
4816,4746.394
4816,3389.985
4816,2822.997
4816,4030.0325
4816,4540.4404
4816,3694.991
4816,3389.985
4816,3389.985
4816,3930.2488
4816,4455.673
4817,4196.611
4817,4465.604
4817,4196.611
4818,4654.7754
4819,3886.272
4819,3491.3494
4819,3541.4778
4819,3579.2417
4819,3541.4778
4819,6266.427
4820,5320.6987
4821,4838.8413
4821,3681.5332
4821,3681.5332
4821,3681.5332
4821,3760.4622
4821,4838.8413
4821,4787.796
4821,3393.6543
4823,3734.7725
4823,3831.2646
4823,3831.2646
4823,3831.2646
4823,3831.2646
4823,3790.8423
4824,4316.0967
4824,4713.494
4824,4116.8784
4824,3617.4358
4824,3734.3914
4824,6847.7695
4825,3261.021
4825,3212.7856
4826,3447.8555
4826,4462.3
4826,4529.2886
4826,4481.5083
4826,4037.7861
4826,6792.8975
4827,4173.716
4827,4263.194
4827,3656.0095
4827,4083.8591
4828,4303.156
4828,5600.864
4829,4160.324
4829,4116.431
4829,3637.6448
4829,4086.08
4829,5140.819
4829,5086.584
4829,4189.404
4829,5483.2695
4829,4131.482
4830,4242.217
4830,3992.6064
4830,3354.2205
4830,3354.2205
4830,3269.693
4830,4465.1484
4830,4381.7817
4830,4316.974
4830,4428.504
4830,4439.4414
4830,4381.7817
4831,4684.7485
4831,4836.2393
4831,4465.1484
4832,4222.781
4832,3867.5662
4832,4666.743
4832,3959.839
4833,3788.3948
4834,3404.9001
4834,4993.0986
4836,3581.554
4836,3430.5361
4836,3428.3474
4836,3428.3474
4836,3392.1782
4836,3464.9055
4836,3501.853
4836,3464.9055
4836,5225.7524
4836,3501.853
4837,4602.6934
4838,4826.9155
4838,3843.5972
4838,3884.5781
4838,4338.3203
4838,6052.519
4838,4764.711
4838,4418.04
4838,3409.5938
4838,4484.3647
4838,4279.679
4838,4418.04
4838,3475.681
4838,3512.7437
4839,4744.2935
4839,3642.6902
4839,3720.7903
4839,4808.364
4840,4817.6514
4840,4179.078
4840,3718.0369
4840,3748.8003
4841,3375.4573
4841,4849.1313
4842,3338.027
4842,3601.9302
4842,4311.4346
4843,3619.745
4843,3543.7656
4843,3874.22
4844,3656.0095
4844,3522.4648
4844,3942.9
4844,3942.9
4844,4346.265
4844,4252.297
4844,5171.1094
4844,5226.2456
4845,3702.1284
4845,4948.968
4845,4411.4785
4845,4364.9365
4846,3439.0127
4846,3804.7031
4846,3430.5361
4846,4073.0046
4847,3131.8484
4847,5215.718
4847,3546.7249
4848,4329.9937
4848,3285.9092
4849,3718.7642
4849,4083.4773
4849,3997.736
4849,3574.676
4849,12572.123
593,817.24
593,817.24
593,996.1617
593,985.6442
593,996.1617
593,964.9404
593,975.23724
593,996.1617
593,996.1617
593,996.1617
593,985.6442
593,996.1617
593,964.9404
593,985.6442
593,996.1617
593,985.6442
593,964.9404
593,687.7647
593,996.1617
593,975.6185
594,1054.628
594,771.65765
594,771.65765
594,771.65765
594,779.89404
594,771.65765
594,779.89404
594,771.65765
594,791.6144
594,944.6639
4850,3573.4282
4851,4271.428
4851,4511.8765
4851,3984.9395
4851,3942.9
4851,4027.431
4851,3984.9395
4851,3942.9
4851,3959.839
4851,3501.853
4852,4425.6787
4852,3630.6592
4852,6130.9536
4853,3792.904
4853,4517.673
4853,4392.6084
4853,4486.778
4853,4250.411
4853,4355.038
4853,4392.6084
4853,4346.265
4853,4534.619
4853,4486.778
4853,4486.778
4853,4439.4414
4854,5983.026
4854,3436.789
4854,4229.461
4854,3565.481
4854,5334.379
4854,4132.3174
4855,3428.3474
4855,3959.839
4855,3860.1096
4855,4207.4014
4856,5065.8115
4857,4817.6514
4857,4121.7197
4858,3627.0764
4858,3748.4285
4858,3874.22
4858,3545.3108
4858,5643.5615
4858,3420.2007
4859,3617.4358
4860,3537.2673
4860,3129.8232
4860,3157.1694
4860,4740.783
4861,3526.328
4861,4260.474
4861,5137.5396
4861,4215.5283
4861,4252.7227
4861,4835.718
4861,4775.996
4861,5692.2446
4861,3477.5715
4861,3640.3386
4861,3563.9302
4862,4640.779
4862,4591.818
4862,4640.779
4862,4591.818
4863,3576.9583
4863,5128.6724
4864,6633.283
4864,4797.003
4864,4436.575
4864,4343.459
4864,4343.459
4864,3198.9956
4864,4022.263
4864,4218.65
4865,4711.3994
4865,3158.8867
4866,4228.206
4867,3734.3914
4867,4408.6646
4868,3428.3474
4868,3911.2979
4868,3816.9175
4869,4688.218
4869,4788.723
4869,3848.117
4869,4073.0046
4870,4428.504
4870,4618.4424
4870,3333.0889
4871,4265.9478
4871,2956.7417
4871,3468.6523
4871,3001.1355
4871,4171.021
4871,4083.4773
4871,4127.015
4871,4171.021
4871,4171.021
4872,3388.1423
4872,4815.515
4872,3212.7856
4872,4478.611
4872,3865.069
4872,3865.069
4872,4412.371
4872,4478.611
4872,3426.134
4872,4412.371
4872,4602.6934
4872,3776.6501
4873,4737.2437
4873,3850.9922
4873,3428.3474
4873,3713.266
4873,4194.354
4873,4371.8413
4873,4194.354
4873,5036.1763
4874,4174.11
4874,4218.614
4875,4873.109
4875,4623.4365
4875,3504.112
4875,3776.6501
4875,4222.781
4876,3428.3474
4876,3428.3474
4876,6200.3247
4876,3501.853
4877,4826.9155
4877,5547.7734
4877,4271.832
4878,4415.638
4878,5151.7905
4878,4793.9424
4878,3824.2903
4878,4178.233
4879,4492.542
4879,3617.7773
4879,4900.8306
4879,3581.554
4879,6353.6235
4879,4632.3315
4879,4583.4644
4879,4583.4644
4879,4583.4644
4880,4933.5786
4880,4632.3315
4882,3901.2703
4882,3617.4358
4882,4376.1597
4883,4057.7524
4883,4181.7417
4884,4207.4014
4884,4672.7344
4884,3541.4778
4884,3222.7773
4884,5285.382
4884,3541.4778
4884,3504.112
4884,3541.4778
4885,4364.9365
4885,6123.0874
4886,3501.853
4887,5387.8164
4887,3450.0535
4887,4003.2808
4887,3928.536
4887,3928.536
4889,3344.1147
4890,3699.7383
4890,3699.7383
4890,4555.055
4890,4073.0046
4890,3736.804
4890,4532.18
4890,3632.977
4890,3997.736
4890,3622.7644
4891,4047.346
4891,4614.528
4891,4371.428
4892,4127.4365
4892,4461.3975
4892,3914.194
4892,3862.9646
4892,4508.964
4892,4508.964
4892,3552.4949
4893,3473.7917
4895,3686.2598
4896,5012.3677
4897,4716.4985
4897,4200.139
4898,3692.9824
4898,3654.0222
4898,7955.07
4899,4073.0046
4899,4073.0046
4899,4030.0325
4899,4030.0325
4899,4073.0046
4899,4030.0325
4899,4030.0325
4899,4030.0325
4899,4116.431
4899,4116.431
4899,3018.2104
4899,3718.0369
4900,3987.4832
4900,3824.2903
4900,3658.3398
4900,3692.6372
4900,3945.417
4900,3987.4832
4900,3945.417
4900,5510.3867
4901,3710.897
4901,4537.5483
4902,4152.335
4902,4152.335
4903,5384.3794
4903,5080.057
4903,3903.7908
4903,4212.8027
4904,3570.7634
4904,4605.6665
4905,4421.3115
4906,4354.627
4906,4811.47
4906,4205.5356
4906,4887.8057
4907,6337.3306
4907,4654.7754
4909,4890.436
4909,4787.796
4909,4890.436
4909,3642.6902
4909,3760.4622
4909,3720.7903
4911,4239.0776
4911,3955.5579
4911,4755.5254
4911,3931.0437
4912,4392.6084
4912,4392.6084
4912,4439.4414
4912,4439.4414
4912,4654.7754
4912,4316.0967
4913,3718.7642
4913,4995.819
4914,4295.7285
4914,5144.14
4914,3567.7876
4914,4833.1167
4914,4481.5083
4914,4068.1587
4914,3599.9722
4914,4129.2363
4914,4415.221
4914,5950.943
4914,4577.583
4914,4509.88
4915,5624.972
4915,5492.7495
4915,5150.7485
4915,4111.149
4916,4218.2153
4916,4218.2153
4916,3776.6501
4916,3736.804
4916,4602.6934
4916,4602.6934
4916,3736.804
4916,7528.8184
4916,4652.7065
4916,2818.1064
4916,4297.6343
4916,4297.6343
4916,4734.7363
4916,4218.2153
4916,6310.1694
4916,8145.669
4916,5395.2427
4916,4263.194
4917,3515.013
4918,3333.0889
4918,3992.6064
4918,5688.57
4919,3886.272
4919,3748.4285
4919,3656.0095
4919,2814.243
4919,4684.7485
4920,4040.3948
4920,4089.106
4921,3490.6433
4921,3565.481
4921,3720.7903
594,944.6639
594,803.51105
595,813.7341
595,910.62695
595,910.62695
595,910.62695
595,981.41626
595,757.71893
595,824.54236
596,939.08307
596,1022.32495
596,1114.369
596,1114.369
596,925.1817
596,1304.4443
596,938.4759
596,952.5768
596,859.12415
596,859.12415
596,982.67816
596,1142.3317
596,1011.5315
596,1022.2288
596,1053.8477
596,1015.1368
596,1036.916
596,927.2872
596,1047.9805
596,933.1627
596,1047.9805
4921,4222.781
4921,4178.233
4922,2958.6533
4922,5770.8257
4922,3003.0745
4922,3067.4617
4922,3067.4617
4924,3439.0127
4924,3409.5938
4924,3579.2417
4925,3672.0913
4925,3748.4285
4925,4363.001
4925,3901.3
4926,3327.3164
4926,6266.4805
4927,2978.9858
4927,4794.8755
4927,4826.9155
4928,4684.28
4928,4392.6084
4928,4835.718
4928,3713.266
4928,3987.4832
4928,4432.2354
4928,4666.743
4928,4455.673
4929,4535.108
4930,3640.3386
4931,4845.5435
4931,2949.158
4931,3460.7861
4931,4879.867
4932,3504.112
4932,3504.112
4932,4239.0776
4932,5023.2227
4932,3619.745
4932,3581.554
4932,3619.745
4933,3665.4067
4933,6469.059
4935,4623.4365
4935,3430.5657
4936,4297.6343
4936,4119.094
4936,5431.2935
4936,4176.376
4936,6274.477
4937,3702.1284
4937,3821.8213
4937,2871.4585
4937,4946.2637
4937,6417.2637
4938,4173.716
4939,4070.3713
4939,4070.3713
4939,3108.4617
4939,8494.135
4939,8494.135
4939,4554.1387
4939,7293.0034
4939,3245.2773
4939,4027.431
4939,4027.431
4939,4027.431
4939,6840.315
4939,4316.974
4939,3984.9395
4939,4027.431
4939,3942.9
4939,4559.9854
4939,6119.181
4940,4484.788
4940,3565.481
4941,3430.5361
4942,4300.3774
4942,4247.667
4942,4820.722
4943,4763.7476
4943,4763.7476
4943,3501.853
4943,3464.9055
4943,3445.6262
4944,3702.8242
4944,5308.1274
4946,3543.049
4946,4704.403
4946,7051.0156
4948,4119.094
4948,4893.5947
4948,4163.0117
4948,3358.5303
4948,4032.6052
4948,4603.6245
4949,5192.318
4949,4260.474
4949,4305.903
4949,5192.318
4949,3464.9055
4950,4949.4634
4950,3909.1716
4950,3896.2644
4951,2809.3677
4951,2809.3677
4953,4823.841
4953,3354.2205
4953,5005.4683
4953,4268.671
4953,4389.7725
4953,4797.003
4953,7234.626
4954,4417.1465
4955,4520.557
4955,3992.6064
4955,4607.4683
4956,4503.1826
4956,3734.3914
4956,4609.5386
4956,4678.738
4956,4678.738
4956,4609.5386
4956,3734.3914
4956,3734.3914
4956,3734.3914
4956,3694.991
4957,5986.8906
4958,3803.0156
4958,3663.0403
4958,3071.403
4958,4738.2065
4958,3803.0156
4959,4023.0767
4959,4456.574
4959,4552.1147
4959,3681.5332
4959,3720.7903
4959,3720.7903
4959,3642.6902
4959,4381.7817
4959,4316.974
4959,4767.7524
4959,4428.504
4960,4311.4346
4960,5012.3677
4961,3692.9824
4961,3692.9824
4961,3711.2476
4961,3711.2476
4961,3984.9395
4961,3942.9
4962,4200.139
4963,3338.027
4963,4694.2407
4963,4158.5107
4963,4707.4463
4963,3424.595
4964,3779.0898
4964,4605.6665
4964,4605.6665
4964,3819.383
4964,3335.2454
4964,3175.1077
4964,4437.4727
4964,4080.8372
4965,5767.722
4965,4171.021
4965,3464.9055
4965,3464.9055
4965,10437.377
4965,3501.853
4966,5883.8564
4967,5086.584
4967,5086.584
4967,4369.0522
4967,5206.7207
4967,4793.9424
4967,5318.3394
4968,3959.839
4968,4563.819
4968,4849.1313
4968,4900.8306
4969,4160.324
4969,4073.0046
4969,4073.0046
4969,4116.431
4969,4566.767
4969,5254.4175
4969,5254.4175
4969,4158.0625
4969,4881.534
4969,4220.4854
4969,4158.0625
4969,4933.5786
4969,4881.534
4969,4314.6274
4970,4546.274
4971,4704.403
4972,4073.0046
4972,4611.584
4972,3623.6594
4972,6050.718
4972,4667.2197
4973,3972.5854
4973,4014.945
4973,3795.3254
4973,4887.8057
4973,5170.064
4974,6585.0015
4974,6612.002
4974,6682.492
4974,4364.9365
4974,6612.002
4974,4121.7197
4975,3686.2598
4975,4044.764
4975,3821.8213
4976,5445.258
4977,3584.5447
4977,4787.796
4977,6994.5615
4977,3464.9055
4977,3501.853
4978,3601.9302
4978,3601.9302
4978,5635.788
4979,3552.4949
4979,4478.611
4980,4603.6245
4980,3699.7383
4980,9569.785
4980,3699.7383
4980,3699.7383
4980,5248.737
4981,4085.671
4981,2871.4585
4981,4614.528
4983,4316.0967
4984,3865.069
4984,5036.1333
4984,4222.781
4984,3640.3386
4984,4498.773
4985,4775.996
4986,5119.821
4986,5119.821
4986,3686.2598
4986,4392.6084
4986,4439.4414
4986,5065.8115
4986,4341.5327
4986,4387.8213
4987,3964.9229
4987,4228.206
4987,4662.134
4988,3901.2703
4988,5099.6616
4989,4920.931
4989,4484.3647
4989,11116.063
4989,4984.0146
4989,4116.431
4989,4116.431
4989,2969.7498
4989,4297.6343
4989,4030.0325
4989,4030.0325
4989,4116.431
4989,4073.0046
4989,4030.0325
4989,4116.431
4989,4030.0325
4989,4030.0325
4989,4227.1616
4989,4030.0325
4989,4116.431
4989,4073.0046
4989,4116.431
4989,3501.853
4990,4468.0327
4990,4270.565
4990,4520.557
4991,4943.113
4991,4486.778
4991,5942.7524
4992,4300.845
4993,4313.3477
4994,6272.335
4994,4406.7095
4995,4543.378
4995,3354.2205
4995,3354.2205
4996,4255.0073
4997,4549.215
4997,4549.215
4997,4501.2197
4997,3656.0095
4997,3734.3914
4997,3955.9314
4998,4878.425
596,916.81665
596,1047.9805
596,1047.9805
596,947.1839
596,923.3097
596,1047.9805
596,1025.9686
596,816.35596
596,1015.1368
596,1025.9686
596,907.13605
596,933.1627
596,937.18256
596,937.18256
596,900.0367
596,1047.9805
596,937.18256
596,933.1627
596,947.1839
596,927.2872
596,1047.9805
596,947.1839
596,1047.9805
596,937.18256
596,824.61993
596,947.1839
596,1025.9686
596,1047.9805
596,923.3097
596,933.1627
4998,4761.6353
4999,3699.7383
4999,4244.524
5000,3601.9302
5000,4873.109
5000,4020.4792
5000,2929.0276
5000,2929.0276
5000,4649.743
5000,5370.5254
5000,3995.563
5000,3640.3386
5000,3732.3613
5000,4894.085
5000,6404.8994
5000,9121.313
5001,5861.1934
5001,5861.1934
5001,3599.9722
5001,4025.2415
5001,4129.2363
5002,3663.0403
5002,3970.0208
5002,4465.1484
5002,3884.5781
5002,3884.5781
5002,4439.4414
5002,4439.4414
5002,4486.778
5002,4412.371
5003,4652.7065
5003,4603.6245
5004,4915.6113
5004,5254.4175
5005,4431.783
5005,4734.226
5005,4684.28
5005,4684.28
5005,3658.3398
5005,4606.598
5005,5610.499
5006,5171.1094
5006,2934.9211
5006,3858.0115
5006,3997.736
5006,3776.6501
5006,3776.6501
5006,4554.1387
5006,3776.6501
5006,4602.6934
5006,4602.6934
5006,3776.6501
5006,3816.9175
5006,3776.6501
5007,3304.2478
5008,6000.1826
5008,3803.0156
5008,4535.536
5008,5093.1187
5008,5566.1074
5009,3548.6538
5010,4265.9478
5010,4637.8184
5010,4073.0046
5010,4073.0046
5010,4040.3948
5012,3829.5654
5012,4229.461
5012,5832.355
5012,5042.6035
5013,3452.2822
5013,4808.364
5013,3175.1077
5013,3175.1077
5013,3175.1077
5013,4684.28
5014,4746.394
5014,4930.436
5014,5492.7495
5014,3724.8137
5014,3579.2417
5014,4535.108
5015,5409.1143
5015,5409.1143
5015,5547.7734
5016,4836.2393
5016,5040.882
5016,4614.528
5016,3901.2703
5016,4738.2065
5017,5294.5146
5017,5294.5146
5017,4032.6052
5018,4817.6514
5018,5699.5576
5018,3658.3398
5018,3511.2124
5018,4520.557
5019,4626.3877
5019,4163.0117
5019,4078.2375
5019,2871.4585
5019,2871.4585
5019,2871.4585
5020,3304.604
5020,3824.2903
5020,3874.22
5020,3212.7856
5020,3501.853
5020,3906.279
5021,3697.3813
5021,3697.3813
5021,4808.364
5021,4845.5435
5021,8889.759
5022,4546.274
5022,3704.8416
5023,3294.0034
5023,4295.265
5024,3903.7908
5025,5301.317
5026,4343.459
5026,3428.3474
5026,5177.753
5027,3546.339
5027,4341.5327
5027,7661.4863
5027,4417.1465
5027,5854.857
5027,4389.7725
5027,4252.297
5027,3821.8213
5027,3741.605
5028,5998.403
5028,4017.1018
5028,3720.7903
5028,3681.5332
5028,3760.4622
5028,4528.801
5028,5749.2666
5028,9288.824
5028,5174.4497
5028,5474.3696
5029,4637.8184
5029,4566.767
5029,4586.8276
5029,3501.853
5030,3984.9395
5030,5119.821
5031,3950.486
5031,3992.6064
5031,4484.788
5032,5902.108
5032,3702.8242
5033,5039.386
5033,3888.7825
5033,4763.7476
5033,4763.7476
5034,5738.1836
5034,3776.6501
5034,3269.4062
5034,3681.5332
5034,4346.265
5035,4924.11
5035,5029.6763
5035,5029.6763
5036,4612.952
5036,3354.2205
5037,3987.4832
5037,5628.557
5037,3911.2979
5037,3945.417
5038,4207.4014
5038,4685.191
5038,4163.0117
5038,4163.0117
5038,4690.7676
5039,6108.626
5040,4887.8057
5040,3804.7031
5040,4714.4473
5040,5002.2324
5040,5148.946
5040,7793.087
5040,4939.922
5040,4764.711
5040,4389.7725
5040,3901.3
5041,3627.0764
5041,5580.4663
5042,4693.2915
5042,5606.9253
5042,5606.9253
5042,5029.6763
5042,5424.33
5042,4615.461
5043,4212.8027
5044,6254.3945
5044,3795.3254
5044,3901.2703
5044,3901.2703
5044,4401.059
5045,4303.156
5045,4770.8325
5045,23444.62
5046,3601.9302
5046,5200.04
5046,4927.2534
5047,4655.717
5047,3741.605
5047,5065.3335
5047,3504.112
5047,3579.2417
5047,6050.718
5048,3824.2903
5049,3800.2017
5049,5215.718
5049,3743.99
5049,3736.804
5049,3816.9175
5050,3581.554
5050,3720.7903
5050,4532.18
5050,3681.5332
5050,3681.5332
5050,4504.0933
5050,4504.0933
5050,5520.9985
5050,4504.0933
5050,3970.426
5050,4552.1147
5051,4343.459
5051,4343.459
5051,3736.804
5051,22013.285
5051,3938.6033
5051,3780.7341
5051,4602.6934
5051,3697.3813
5051,4297.6343
5051,2934.9211
5052,3796.0713
5052,5373.9995
5052,2992.0933
5053,4644.716
5053,4891.425
5053,4744.2935
5054,4158.5107
5055,4787.796
5055,4787.796
5055,4838.8413
5055,3953.4077
5055,3953.4077
5055,4787.796
5055,4634.824
5055,3779.0898
5055,3901.2703
5055,3950.486
5055,3950.486
5055,6675.905
5055,3541.4778
5055,3872.114
5055,4654.7754
5055,3872.114
5055,5081.5645
5056,4768.2393
5056,3588.8113
5056,5266.1284
5056,4218.2153
5056,3491.2993
5057,4158.0625
5057,4114.1934
5057,4142.105
5057,4970.228
5058,3984.9395
5058,4027.431
5058,4163.0117
5058,4662.134
5058,7216.0737
5060,4027.431
5061,4297.6343
5061,4749.424
5062,4620.456
5062,3870.4302
5062,3501.853
5063,5483.2695
5063,5902.7437
5063,3658.3398
5063,4604.059
5065,7904.1016
5065,3992.6064
5065,8504.121
5067,3573.4282
5067,3377.638
5067,3377.638
5067,3792.904
5067,5348.5938
5067,4508.964
5068,3982.7732
5068,5714.7456
596,1036.916
596,937.18256
596,937.18256
596,923.3097
596,947.1839
596,1036.916
596,937.18256
596,947.1839
596,937.18256
596,937.18256
596,816.35596
596,816.35596
596,1047.9805
596,947.1839
596,947.1839
596,937.18256
596,947.1839
596,819.87317
596,1036.916
596,1047.9805
596,947.1839
596,1047.9805
596,913.56067
596,947.1839
596,903.91437
596,917.49615
596,947.1839
596,947.1839
596,947.1839
596,923.3097
5068,9853.886
5068,3884.5781
5068,4534.619
5069,3640.3386
5070,3990.0593
5071,4465.1484
5071,9569.785
5072,4023.0767
5072,5320.6987
5072,4635.324
5072,3741.605
5073,4928.25
5073,5032.9204
5073,4292.955
5074,7965.289
5075,4583.8926
5075,3865.069
5076,4757.6353
5077,4163.0117
5077,4417.1465
5077,4439.4414
5077,4486.778
5078,4933.5786
5078,4037.7861
5078,4073.0046
5078,4073.0046
5078,3887.0579
5078,4271.0005
5079,3579.2417
5080,5112.7734
5080,5037.1567
5080,4484.3647
5080,4920.931
5080,3460.7861
5081,3886.272
5082,5140.819
5082,4415.638
5082,4785.221
5082,4343.459
5082,4343.459
5082,4297.6343
5082,4371.428
5082,4995.819
5082,4995.819
5082,4995.819
5082,3901.2703
5082,4995.819
5083,4371.428
5083,14706.87
5083,4439.8857
5084,3541.4778
5085,4439.4414
5085,4785.221
5085,3997.7666
5086,5770.8257
5086,3974.7231
5086,2934.9211
5086,4032.6052
5087,4300.3774
5087,4300.3774
5087,4300.3774
5087,4300.3774
5088,3732.3613
5088,4752.4917
5088,4752.4917
5088,5994.582
5088,5001.7314
5088,4597.7173
5088,3694.991
5088,4658.684
5088,4609.5386
5088,5544.192
5088,3734.3914
5089,4207.4014
5090,4281.9824
5090,4952.122
5090,3464.9055
5090,3699.7383
5090,4116.431
5090,3776.6501
5091,4809.3364
5091,4632.3315
5091,4459.419
5091,4305.903
5091,4305.903
5091,5122.092
5092,4557.963
5093,3658.3398
5093,4684.28
5093,5861.1934
5093,5861.1934
5093,3663.0403
5094,4314.2197
5094,5958.0312
5095,3821.8213
5096,5118.8296
5096,5284.308
5096,4634.8643
5096,4784.7007
5096,4268.671
5096,4747.3584
5096,3833.3484
5096,6081.8706
5096,3640.3386
5096,4849.1313
5096,4784.7007
5096,4684.28
5096,3734.3914
5098,4815.515
5098,4830.4897
5099,5160.6533
5099,3450.0535
5100,3803.0156
5100,5177.2637
5101,4504.0933
5101,4244.099
5101,4043.3518
5101,4687.2695
5101,4158.0625
5102,4919.716
5102,3638.3596
5102,4025.2415
5102,3739.1858
5102,4357.4067
5102,4311.4346
5103,4224.0337
5103,6934.0874
5104,3829.5654
5104,5394.152
5105,3683.88
5105,3945.417
5105,4808.364
5105,3619.745
5106,4848.151
5106,7008.0776
5107,4073.0046
5107,4073.0046
5107,5791.9243
5107,4459.419
5107,3816.9175
5107,5409.1143
5107,5094.63
5107,4866.856
5107,5900.093
5107,7759.695
5108,4287.447
5110,5023.2227
5110,4824.8164
5111,3779.443
5111,4535.108
5111,3987.4832
5111,4656.1562
5111,4626.3877
5112,3898.7815
5112,3339.1675
5113,4212.8027
5113,4343.459
5113,3697.3813
5113,3736.804
5113,4212.8027
5114,5037.1567
5114,5193.368
5115,3959.839
5116,5271.3296
5116,5271.3296
5116,3848.5024
5116,4068.1587
5119,4012.7588
5119,3984.9395
5119,4341.5327
5120,5489.2036
5120,3720.7903
5120,4635.7617
5120,5205.668
5121,3601.9302
5121,5148.4644
5122,3202.501
5122,3984.9395
5122,4838.8413
5122,3271.1626
5122,4737.284
5123,4020.0996
5123,3804.7031
5123,3950.486
5123,3950.486
5123,3950.486
5123,3992.6064
5124,4974.4062
5124,4091.3298
5124,5011.894
5124,5084.328
5125,4171.021
5125,4171.021
5125,4171.021
5125,4171.021
5125,4298.4707
5125,4508.964
5125,4873.109
5126,3501.853
5126,3204.5454
5127,3879.1975
5127,4749.424
5127,4976.6133
5127,5029.6763
5127,5029.6763
5127,4976.6133
5128,5177.753
5128,3821.8213
5129,3619.745
5131,4083.4773
5131,3504.112
5131,4055.5469
5131,3987.5176
5131,4129.681
5132,4392.6084
5132,4392.6084
5132,4838.8413
5132,4392.6084
5132,4439.4414
5132,4439.4414
5132,4534.619
5133,5919.907
5134,5666.7075
5134,4970.228
5134,3619.745
5134,5666.7075
5135,5469.213
5135,3388.1423
5136,4797.9727
5136,6321.079
5137,4349.0396
5138,5307.054
5139,3776.6501
5139,3601.9302
5139,4705.3545
5139,3640.3386
5139,3679.1565
5139,7473.378
5139,3781.4988
5139,4672.7344
5140,4694.2407
5140,4160.324
5140,4995.819
5140,5119.3423
5141,7303.166
5141,5215.718
5141,4484.3647
5141,3512.7437
5141,3800.2017
5141,3743.99
5141,3816.9175
5142,4591.818
5142,4591.818
5142,4543.378
5142,4371.428
5143,3908.8062
5143,4614.528
5143,3987.4832
5143,3906.279
5144,3987.5176
5145,3831.2646
5145,4442.2754
5146,4652.7065
5146,5608.059
5147,4942.575
5147,3987.4832
5147,5373.9995
5147,4710.447
5147,4787.796
5147,4787.796
5147,4787.796
5147,3995.563
5147,4890.436
5147,4890.436
5147,4890.436
5147,4737.284
5148,3884.5781
5148,3388.1423
5148,4819.076
5148,4870.46
5149,4176.376
5149,4171.021
5149,4127.015
5149,4171.021
5151,4025.2415
5151,3528.1953
5151,5112.7734
5151,4027.431
5151,4027.431
5152,4349.0396
5152,4027.431
5152,4150.4937
5152,4615.8926
5152,4609.974
5152,4027.431
5152,5198.989
5152,3694.991
5154,5281.471
5154,4658.684
5154,2999.7844
596,947.1839
596,819.87317
596,947.1839
596,937.18256
596,947.1839
596,937.18256
596,947.1839
596,828.62354
596,1025.9686
596,937.18256
596,1025.9686
596,907.13605
596,819.87317
596,947.1839
596,907.13605
596,923.3097
596,1015.1368
596,1025.9686
596,947.1839
596,846.40515
596,890.5331
596,933.1627
596,923.3097
596,937.18256
596,927.2872
596,909.6416
597,978.56335
597,978.56335
597,978.56335
597,1066.6708
5154,2999.7844
5154,3874.22
5154,3874.22
5154,4080.8372
5154,4862.768
5154,3699.7383
5154,3694.991
5154,5720.93
5155,4290.2207
5155,4163.0117
5155,3949.6833
5156,5682.957
5156,5023.2227
5156,5965.6855
5157,10302.807
5158,3501.853
5158,4109.3296
5158,4439.8857
5158,7904.1016
5159,3324.5435
5159,5134.223
5159,4257.7236
5160,4904.0015
5160,3439.0127
5160,3512.7437
5161,3843.5972
5161,9958.932
5161,3781.4988
5161,5821.7446
5163,6266.427
5163,4168.3604
5163,5864.979
5163,4338.3203
5163,4508.964
5164,5482.1606
5164,5424.33
5164,4514.757
5164,4620.456
5164,5320.6987
5164,5320.6987
5165,3627.0764
5165,4924.11
5165,4484.788
5165,4684.7485
5166,5953.589
5166,3720.7903
5166,3760.4622
5166,3642.6902
5166,3720.7903
5166,3720.7903
5166,3720.7903
5166,4506.0913
5166,3816.9175
5166,4928.25
5166,5002.2324
5166,4060.7573
5167,3692.9824
5167,3933.5532
5167,4470.015
5167,3758.418
5167,4220.4854
5167,7394.483
5167,4158.0625
5168,6464.932
5169,5083.819
5169,3860.1096
5169,6699.673
5169,3909.1716
5170,5292.172
5170,10327.195
5171,3390.3052
5171,4843.404
5171,4037.7861
5171,3803.0156
5171,4933.5786
5172,3428.3474
5172,4020.4792
5173,5409.1143
5174,6825.8003
5174,4343.459
5174,4887.8057
5174,4866.856
5174,4073.0046
5174,4073.0046
5174,4866.856
5174,3916.323
5174,4297.6343
5174,5030.185
5174,5138.025
5174,6499.4385
5174,4389.7725
5174,5140.819
5174,5086.584
5175,4839.326
5175,5779.4077
5175,4343.459
5176,8049.337
5176,3343.4578
5176,5497.367
5177,5363.6396
5177,4623.8774
5178,4147.4224
5178,4176.412
5179,4150.106
5179,5832.355
5179,3699.7383
5181,3870.3967
5181,4767.7524
5181,6058.491
5181,4803.1655
5182,11062.473
5182,4928.7153
5182,4928.7153
5182,3704.8416
5182,4728.6255
5183,3800.9485
5183,4585.9263
5183,5271.3296
5183,4585.9263
5183,4489.6763
5183,4212.8027
5183,5604.439
5184,4160.324
5184,4583.4644
5184,5445.258
5184,4632.3315
5185,4346.265
5186,3681.5332
5186,6119.181
5186,5424.33
5186,4351.8486
5187,5643.0283
5188,3906.279
5189,3501.853
5189,5173.4033
5189,4015.3206
5189,5284.308
5190,3720.7903
5190,4943.113
5190,4870.0
5190,5099.6616
5190,5099.6616
5191,4737.759
5191,5052.8203
5192,3736.804
5192,4265.9478
5192,4265.9478
5192,4165.6694
5192,4664.6694
5192,5052.3433
5192,5106.2134
5193,5614.123
5193,5673.982
5194,4504.0933
5194,3906.279
5195,4387.386
5195,4252.2603
5196,4415.638
5197,4027.431
5197,4027.431
5197,4027.431
5197,4070.3713
5197,4070.3713
5197,4027.431
5197,4027.431
5197,4070.3713
5197,4897.2466
5197,4027.431
5197,4027.431
5197,3984.9395
5197,4078.2375
5197,3392.1782
5198,4893.5947
5198,4563.858
5198,4654.7754
5198,4945.768
5199,3970.426
5199,3995.563
5199,3955.9314
5199,3911.2979
5200,3821.8213
5200,3501.853
5201,3982.7732
5202,4583.4336
5202,4116.431
5202,4116.431
5203,25097.533
5204,3464.9055
5204,3681.5332
5204,4165.6694
5204,3816.9175
5204,3776.6501
5204,5023.2227
5205,4150.4937
5206,4554.1387
5206,4933.5786
5206,4534.619
5206,3870.3967
5206,4602.6934
5207,5112.7734
5207,4224.0337
5207,4788.723
5207,3622.0317
5207,5037.1567
5208,3640.3386
5208,9218.561
5208,9218.561
5208,5167.3276
5208,5255.48
5208,3563.9302
5209,5439.885
5209,5321.775
5210,4890.436
5210,4205.1143
5211,4797.9727
5211,5295.591
5211,4836.2393
5211,4764.711
5211,4714.4473
5211,4714.4473
5212,4252.297
5214,3590.3728
5214,6494.023
5215,5775.132
5215,4160.324
5216,4439.4414
5216,4062.9658
5217,5012.3677
5217,3762.8914
5217,3803.0156
5217,3803.0156
5217,5119.821
5218,4995.819
5218,4995.819
5218,3439.0127
5218,5324.6387
5218,4995.819
5218,4974.4062
5218,4921.9263
5219,4127.015
5219,4127.015
5219,3827.1223
5219,4893.5947
5219,4171.021
5219,4171.021
5219,4171.021
5219,4171.021
5220,5431.2935
5220,4714.888
5220,3992.6064
5220,4442.2754
5221,4836.2393
5221,4946.2637
5221,4027.431
5221,4070.3713
5221,4795.3647
5222,4163.0117
5222,3175.1077
5223,6843.349
5223,4710.447
5223,4032.6052
5224,5183.3564
5224,4439.4414
5224,4439.4414
5224,4439.4414
5224,5094.1484
5225,4010.5776
5226,5040.882
5226,5503.317
5226,5485.702
5226,4764.711
5226,4392.6084
5226,4439.4414
5226,4392.6084
5226,4486.778
5226,4684.7485
5226,4646.741
5226,5565.582
5226,4734.7
5226,3860.1096
5226,4486.778
5226,3886.272
5226,4486.778
5226,4373.781
5226,4281.9824
5226,4439.4414
5227,3925.9995
5227,4408.6646
5228,3781.4988
5228,5469.213
5228,4158.0625
5229,4439.4414
5229,3955.9314
5229,3642.6902
5231,5278.102
5231,4740.3037
5231,3736.804
5231,4770.8325
5231,3704.8416
5231,4422.8213
597,1066.6708
597,1066.6708
597,1066.6708
597,1162.7035
597,1162.7035
597,1050.8832
597,1050.8832
597,1145.4954
597,1145.4954
597,1089.5549
597,1089.5549
597,1020.81195
597,1020.81195
597,1020.81195
597,1020.81195
597,1094.8433
597,1133.4028
597,1217.1542
597,711.40015
597,896.9772
598,979.82153
598,939.6826
598,939.6826
598,939.6826
598,833.87463
598,926.688
598,987.00433
598,912.9699
598,972.39435
598,972.39435
5232,4537.5483
5232,3776.6501
5232,4563.819
5232,4351.8154
5232,4392.6084
5232,5036.1333
5233,5030.6934
5233,5052.3433
5233,5084.328
5233,4803.1655
5233,5791.9243
5233,5730.821
5233,4392.6084
5233,4392.6084
5234,4694.2407
5234,4737.2437
5234,4737.2437
5234,4942.575
5235,4704.403
5235,4534.619
5236,4017.9143
5236,4612.5166
5236,5492.7495
5236,4360.2173
5236,4456.995
5236,4591.818
5237,5435.86
5237,3950.486
5237,5344.101
5238,3760.4622
5238,4171.021
5239,4343.459
5239,4070.3713
5240,11564.199
5240,4417.1465
5241,3803.0156
5241,4255.0073
5241,4255.0073
5241,3987.4832
5241,3987.4832
5242,3967.8628
5242,3884.5781
5242,3967.8628
5242,3692.9824
5242,3897.4167
5242,5381.9917
5242,3683.88
5242,3884.5781
5242,3786.7473
5242,6117.0454
5242,3967.8628
5242,4111.537
5242,3716.3633
5242,4068.1587
5242,4260.8765
5242,4822.1523
5242,6434.37
5243,5730.821
5243,3615.4382
5243,5935.1274
5245,4537.5483
5245,4870.0
5245,7158.3057
5246,4503.1826
5247,5745.555
5247,3354.2205
5247,5363.6396
5247,4456.995
5248,4073.0046
5249,4295.7285
5249,4116.431
5249,4116.431
5249,5225.7524
5249,3945.417
5249,5281.471
5249,5163.43
5250,5058.284
5250,4145.168
5250,5327.5347
5250,5271.3296
5250,4335.9624
5250,5371.6167
5250,4335.9624
5251,3568.4583
5251,3579.2417
5251,4392.6084
5251,6171.066
5252,4506.0913
5252,4980.7974
5252,4980.7974
5252,3644.2786
5252,4818.626
5253,4257.7236
5253,5134.223
5254,4197.46
5254,3563.9302
5255,5280.9424
5255,3906.279
5255,3762.8914
5255,3860.1096
5255,4075.6357
5256,4447.9824
5256,5363.6396
5256,4746.394
5257,5040.882
5257,4836.2393
5257,4343.459
5257,5614.123
5257,4764.711
5257,3579.2417
5257,4654.7754
5258,4230.9375
5258,5424.33
5258,5482.1606
5259,3758.418
5259,4114.1934
5259,4220.4854
5259,5055.5684
5259,5055.5684
5259,6006.109
5259,3932.7878
5260,3720.7903
5260,3681.5332
5260,4526.3647
5260,3720.7903
5260,3720.7903
5260,3681.5332
5260,3760.4622
5260,3720.7903
5261,5084.328
5261,3590.3728
5262,4171.021
5262,5254.4175
5262,4534.619
5263,5140.819
5264,4197.46
5264,4743.3345
5264,5292.172
5265,5177.753
5265,4811.47
5266,4515.674
5266,3846.0508
5266,4406.7095
5266,4406.7095
5266,5051.799
5267,5152.277
5267,5482.1606
5267,4218.2153
5268,6329.1997
5268,7677.836
5268,6396.6816
5268,7926.025
5269,5779.4077
5269,4788.2754
5269,4839.326
5269,4788.2754
5270,4655.717
5271,4787.796
5272,4137.2124
5273,4200.139
5273,5646.6304
5273,5017.7925
5273,3776.6501
5273,3816.9175
5274,4160.324
5275,4900.8306
5276,4921.9263
5277,4194.75
5277,4927.2534
5277,3697.3813
5277,11180.413
5277,5334.379
5277,9941.755
5278,4634.824
5278,3906.279
5278,4263.194
5278,4585.9263
5278,4537.5483
5278,5327.5347
5278,4585.9263
5279,3970.426
5279,4486.778
5279,3692.9824
5280,4714.4473
5280,5919.907
5280,4857.5156
5280,4836.2393
5280,4887.8057
5280,4836.2393
5280,4887.8057
5280,4764.711
5280,4814.5415
5281,3360.6711
5281,3992.6064
5281,4699.3213
5282,6124.3257
5283,7366.058
5284,4395.412
5284,5965.6855
5284,4769.8677
5285,4690.298
5285,3660.7034
5285,5587.5874
5285,4995.819
5285,4921.9263
5286,4455.673
5286,3995.1855
5287,4903.01
5287,4903.01
5287,4163.0117
5287,3354.2205
5287,3352.0518
5288,3133.8447
5288,7714.966
5288,4055.5469
5288,4116.431
5290,4959.4917
5290,5174.4497
5290,5872.5137
5290,5872.5137
5290,4349.0396
5290,5262.232
5291,3819.383
5291,4870.46
5291,4453.697
5291,4406.7095
5291,4406.7095
5291,4510.3013
5292,8494.135
5292,4027.431
5292,3694.991
5292,3694.991
5292,4027.431
5292,4862.768
5292,3901.3
5292,4017.9143
5292,5055.5684
5292,5490.314
5292,4027.431
5292,4070.3713
5292,4027.431
5292,4027.431
5292,4027.431
5292,4027.431
5292,4027.431
5292,4027.431
5292,4027.431
5292,4070.3713
5293,4045.9639
5293,5371.6167
5293,5026.463
5293,4003.2808
5294,3995.563
5294,4012.7588
5294,3995.563
5294,3928.536
5294,4401.4707
5294,3995.563
5294,4309.0913
5296,4755.5254
5296,5624.924
5297,5009.132
5299,4436.575
5299,4297.6343
5299,4389.7725
5299,4422.8213
5299,5292.172
5300,4395.412
5301,4207.4014
5301,4119.094
5301,4163.0117
5301,5090.86
5301,4486.778
5301,4933.5786
5302,4224.0337
5302,3707.235
5302,3774.5972
5302,4788.723
5303,3720.7903
5303,4351.8154
5304,4713.494
5304,5439.885
5305,3953.4077
5305,3748.4285
5305,4450.856
5305,4890.436
5305,6151.2617
5306,4065.9746
5306,3760.4622
5306,4428.504
5306,4614.528
5306,5466.7827
5308,6838.9316
5308,5387.8164
5309,4030.0325
5310,5215.718
5310,12255.441
5310,5836.707
5311,3699.7383
5311,4486.778
598,1059.9469
599,1066.6708
599,942.4304
599,833.87463
599,833.87463
599,745.5405
599,907.801
599,1160.9824
599,844.2397
599,1089.5549
599,1055.4095
599,999.55865
599,1145.4954
599,1170.0686
599,1170.0686
599,1157.7168
599,1157.7168
599,1073.4285
599,1157.7168
599,1073.4285
599,1187.6455
599,1187.6455
599,1089.5549
599,1089.5549
599,1089.5549
599,999.55865
599,1174.887
599,1077.2542
599,1077.2542
600,1241.5504
5311,7528.8184
5311,4075.6008
5312,3803.0156
5312,3803.0156
5312,3788.3948
5312,3788.3948
5312,3843.5642
5312,3803.0156
5313,10198.6455
5313,5055.062
5313,4417.1465
5314,4708.3984
5315,4839.326
5315,6464.932
5315,4311.4346
5315,4311.4346
5315,4357.4067
5315,4357.4067
5316,4765.161
5316,4765.161
5316,5431.2935
5317,3760.4622
5317,4010.5776
5318,5190.0156
5318,4794.8755
5318,7078.218
5319,6029.902
5319,4710.447
5320,5854.857
5320,5485.702
5320,4734.226
5320,3640.3386
5321,5271.3296
5321,5160.6533
5321,4442.2754
5322,4389.7725
5322,4343.459
5322,5494.3794
5322,3967.8628
5323,4060.7573
5324,4995.819
5324,4943.113
5324,4870.0
5324,5262.7285
5324,3692.9824
5325,4814.5415
5325,4357.4067
5326,5017.7925
5327,4242.217
5327,5807.9897
5327,4848.151
5327,8101.1646
5328,4952.122
5329,3997.736
5329,5791.9243
5329,4803.1655
5329,5084.328
5329,6445.494
5330,6695.406
5330,4297.6343
5330,4737.2437
5330,4617.945
5330,4737.2437
5331,4387.386
5331,4436.575
5331,3642.6902
5331,4634.8643
5331,4684.28
5331,4761.6353
5331,4147.4224
5331,6194.2065
5332,5806.8154
5334,5517.5083
5335,3762.8914
5335,3716.3633
5335,4111.537
5335,4265.9478
5335,5528.123
5335,4127.015
5337,3987.4832
5338,3062.1492
5338,3062.1492
5338,4504.0933
5339,4439.4414
5339,4439.4414
5339,4516.096
5340,4134.151
5341,4563.819
5342,4734.226
5342,3888.7825
5342,4257.7236
5342,3821.8213
5342,5408.0205
5344,3972.9568
5345,4297.6343
5345,4116.431
5345,4116.431
5345,4116.431
5345,4116.431
5345,4160.324
5346,4189.3677
5346,4870.0
5346,4145.168
5346,5046.3374
5347,4578.0156
5347,4351.8154
5347,3765.2937
5347,4228.206
5347,4324.8423
5350,4770.3545
5351,4343.459
5351,4343.459
5351,5337.244
5351,7926.025
5352,4836.2393
5352,4764.711
5352,4341.939
5352,4447.9824
5352,5363.6396
5353,4284.7114
5353,3903.7908
5353,4921.9263
5354,4321.642
5355,5055.5684
5355,6006.109
5356,3803.0156
5356,4346.232
5356,5210.576
5356,3982.7732
5357,4020.4792
5358,7311.753
5358,5646.6304
5358,4357.4067
5358,4171.021
5358,4249.9487
5358,5254.4175
5359,5140.819
5361,4752.4917
5361,4327.1943
5361,4165.6694
5361,4165.6694
5361,5073.3115
5361,5232.96
5362,5394.733
5362,3848.5024
5363,4453.697
5363,4406.7095
5363,4406.7095
5363,5167.283
5364,5387.8164
5364,5482.1606
5364,3887.0579
5364,3928.5059
5364,3887.0579
5364,3887.0579
5364,3887.0579
5366,4346.232
5366,4486.778
5366,5839.848
5366,5242.0024
5367,4555.055
5367,3908.8062
5367,3901.2703
5368,5030.6934
5368,5030.6934
5369,4207.4014
5370,4325.717
5370,4060.7573
5370,4017.9143
5370,4263.194
5370,7387.1865
5371,5170.621
5372,4439.4414
5372,5186.7046
5372,4534.619
5373,6825.8003
5373,3626.6853
5373,4224.0337
5373,4532.18
5373,3565.481
5373,4194.75
5373,4626.3877
5373,5219.0474
5374,5180.05
5375,4060.3738
5375,3995.1855
5375,3390.3052
5375,4534.619
5376,5963.0
5376,5040.882
5376,4171.021
5376,4566.3096
5376,5919.907
5376,4909.3086
5376,4887.8057
5376,4866.856
5376,4866.856
5376,5821.7446
5376,4887.8057
5376,4887.8057
5376,4887.8057
5376,4614.9985
5378,3604.2295
5378,3889.1719
5378,4658.684
5378,4030.0325
5378,4346.232
5379,4392.6084
5381,4740.3037
5382,7528.8184
5382,5559.5654
5382,4652.7065
5383,3762.8914
5383,4073.0046
5384,5068.059
5384,4552.1147
5384,4297.6343
5384,4903.01
5384,5128.6724
5384,4903.01
5385,3925.9995
5385,5384.3335
5385,3624.7346
5385,4737.284
5385,4737.284
5386,4838.8413
5386,3772.1565
5386,4357.4067
5386,4959.4917
5387,3490.6433
5387,3501.853
5387,3501.853
5387,3816.9175
5387,7087.98
5387,5935.1274
5387,5229.6216
5387,3909.1716
5387,3909.1716
5387,5341.7314
5388,4526.3647
5390,4563.819
5390,4734.226
5390,4734.226
5390,4734.226
5390,4784.7007
5390,4276.916
5390,3760.846
5390,5371.6167
5392,4387.8213
5392,4516.096
5393,4257.7236
5393,3762.8914
5393,3681.5332
5393,4318.889
5393,5055.062
5393,4814.5415
5393,5080.057
5394,2971.3892
5394,4838.8413
5395,5055.5684
5395,4357.4067
5395,4629.818
5395,4629.818
5395,4422.8213
5396,5292.172
5396,4389.7725
5396,4343.459
5396,4436.575
5396,4389.7725
5397,7025.331
5398,3901.2703
5398,4163.0117
5398,5112.7734
5398,4207.4014
5398,4252.2603
5398,5090.86
5400,3720.7903
5400,4559.9854
5401,4412.7876
5402,4498.314
5404,3640.3386
5405,5402.174
5405,28956.275
5405,4417.1465
5405,5445.258
5405,6838.9316
5406,6821.394
5406,3741.605
5407,5252.1323
5407,4145.168
5407,8274.884
5407,4767.7524
5407,4327.1943
5407,4234.071
5408,4836.2393
5408,5857.46
5408,4764.711
5408,4764.711
5408,4764.711
5408,4749.424
600,1009.48505
600,979.18805
600,952.5768
600,1096.3629
600,823.5608
600,893.8756
600,903.41486
600,832.3505
600,970.1866
600,916.40405
600,893.8756
600,863.3837
600,797.0714
600,848.12177
600,993.8066
600,956.5902
600,983.3135
600,993.8066
600,993.8066
600,1004.4111
600,1004.4111
600,983.3135
600,993.8066
600,1004.4111
600,993.8066
600,1004.4111
601,924.9075
601,793.145
601,945.9675
601,945.9675
5408,4699.3213
5408,4699.3213
5410,5482.1606
5410,10417.258
5410,5108.9614
5410,4504.0933
5410,4027.431
5411,4439.4414
5411,4439.4414
5411,3484.9473
5411,4088.279
5411,4737.2437
5411,4392.6084
5411,4658.724
5411,4860.6113
5412,5109.512
5412,8130.7734
5412,4866.856
5412,5141.859
5412,5439.885
5412,5232.96
5412,5983.026
5412,4658.684
5412,6529.637
5412,7949.0703
5412,7865.221
5413,4343.459
5415,4106.704
5416,3911.7007
5416,4439.4414
5416,3995.563
5416,4160.324
5416,9218.561
5416,3972.9568
5416,4015.3206
5418,3658.3398
5418,3658.3398
5418,3970.426
5418,5950.3867
5419,5398.177
5419,5698.9434
5420,4234.071
5421,9404.086
5421,6629.0015
5421,4109.3296
5421,4995.819
5421,4921.9263
5421,5262.7285
5421,4921.9263
5422,4838.8413
5423,3870.0093
5423,4626.3877
5424,4537.5483
5424,4263.194
5424,4242.217
5424,5017.7925
5426,4704.403
5426,3901.2703
5426,3843.5642
5426,3803.0156
5427,5501.438
5428,6766.785
5428,4749.424
5428,4171.021
5429,4585.9263
5429,6085.7993
5430,5445.258
5430,4163.0117
5430,29596.027
5430,3816.9175
5430,4325.2876
5430,4486.778
5430,4737.284
5430,4818.1064
5430,4716.98
5431,5288.796
5431,5591.725
5431,3644.2786
5432,3803.0156
5433,3428.3474
5433,3428.3474
5433,4896.7188
5433,4705.3545
5433,4311.4346
5433,4311.4346
5434,5572.7373
5435,4168.3604
5436,4743.3345
5436,4948.9253
5436,4693.2915
5436,5624.924
5436,5565.582
5437,4222.781
5437,6494.023
5438,4078.2375
5438,5497.367
5438,4284.311
5438,4068.1587
5439,4098.791
5439,3828.791
5439,4447.9824
5439,5059.312
5439,4311.4346
5442,5587.5874
5443,4787.796
5443,4890.436
5443,4787.796
5443,4942.575
5443,4838.8413
5443,4787.796
5443,4787.796
5443,4838.8413
5443,5193.368
5443,5232.96
5444,6981.078
5444,5996.355
5444,4351.8154
5445,4389.7725
5445,4389.7725
5445,4389.7725
5445,4952.122
5445,5624.972
5445,3987.4832
5446,5618.843
5446,5583.496
5447,3931.0437
5447,5646.065
5449,7340.7173
5450,4629.818
5450,4580.9727
5450,5559.5654
5450,3565.481
5451,6825.8003
5451,5259.3716
5451,4854.3794
5451,4284.7114
5451,5232.96
5452,5152.277
5452,4870.0
5452,5154.0317
5453,4205.1143
5453,4305.903
5453,4351.8154
5454,4809.3364
5454,3803.0156
5455,5470.319
5455,3789.1611
5455,3504.112
5455,5203.3545
5455,4207.4014
5455,4020.4792
5456,5200.04
5456,4409.9727
5456,4537.5483
5456,5853.673
5456,4357.4067
5456,4357.4067
5457,4870.0
5457,4540.4404
5457,4453.697
5457,5489.2036
5457,3501.853
5457,5088.093
5458,4603.6245
5458,4436.575
5458,3644.2786
5458,4714.4473
5458,5476.234
5458,4603.6245
5458,4555.055
5459,3530.8281
5460,3786.7473
5460,11988.191
5460,10263.204
5461,4439.4414
5461,4439.4414
5461,4257.7236
5461,3865.069
5461,5760.871
5463,5800.5376
5463,6202.164
5464,4711.3994
5465,3950.486
5466,5030.6934
5466,5030.6934
5466,5030.6934
5466,5106.2134
5468,4060.7573
5468,4060.7573
5469,4083.8591
5469,4268.671
5469,3739.1858
5469,4684.28
5470,4389.7725
5473,5610.499
5474,5271.3296
5474,5171.1094
5475,3928.536
5476,4085.671
5476,4764.711
5476,4737.2437
5476,4737.2437
5476,4218.2153
5477,5315.4487
5478,4272.2354
5479,4439.4414
5480,4106.704
5480,4078.2375
5480,3923.8655
5480,4809.3364
5480,5618.843
5481,5294.5146
5483,3617.4358
5483,5122.092
5483,4552.1147
5484,3884.5781
5484,4207.4014
5484,3224.8594
5484,3884.5781
5484,3884.5781
5484,3843.5972
5484,3843.5972
5484,5384.3335
5485,5004.924
5485,5004.924
5486,5278.102
5486,3826.7317
5486,4160.324
5487,4327.64
5487,4507.003
5487,5365.272
5487,7895.5645
5487,4797.003
5488,5325.213
5488,4784.7007
5488,4784.7007
5488,4784.7007
5488,4784.7007
5488,4784.7007
5489,4835.718
5489,4563.819
5489,5207.2075
5490,4437.0576
5490,5486.8115
5491,4543.378
5491,4543.378
5491,4808.364
5491,5108.9614
5491,4411.4785
5492,3975.527
5493,4634.824
5494,4845.058
5494,6396.6816
5495,4442.2754
5496,4057.7524
5496,4546.274
5497,4893.5947
5497,6258.3926
5497,4893.5947
5497,4842.452
5497,3736.804
5497,3816.9175
5497,3970.426
5498,5055.062
5498,3992.6064
5498,4242.217
5499,4439.4414
5499,4392.6084
5499,4439.4414
5499,4439.4414
5500,5682.957
5500,4389.7725
5500,3884.5781
5500,5314.947
5500,4163.0117
5501,4652.7065
5501,4787.796
5501,4281.9824
5501,5727.1216
5502,2894.6763
5502,5285.382
5502,5160.6533
5502,5160.6533
5504,4395.412
5504,4425.6787
5504,3965.7058
5504,5379.0205
5504,5065.8115
5504,6749.439
5504,6821.394
5504,4473.2866
5504,9109.611
5504,5490.314
5505,4234.071
5505,4279.218
5505,3579.2417
5506,4145.168
5506,4292.955
5506,4705.3545
5508,4537.5483
419,965.0312
419,1030.4852
419,885.3114
419,885.3114
419,885.3114
419,885.3114
419,885.3114
419,885.3114
419,885.3114
419,812.17
419,812.17
419,812.17
419,812.17
419,812.17
419,872.20514
419,872.20514
419,872.20514
419,872.20514
419,950.7466
419,950.7466
419,1036.3519
419,1036.3519
419,1036.3519
419,829.5993
419,829.5993
419,890.92126
420,1008.1887
420,1082.6958
420,721.1652
420,721.1652
601,945.9675
601,945.9675
601,945.9675
601,1207.036
601,981.41626
601,1038.6552
601,1120.5021
601,1131.003
601,1155.2662
601,1167.5919
602,896.39764
602,896.39764
602,977.11456
602,967.51447
602,957.29913
602,973.64465
602,967.51447
602,988.27295
602,973.64465
602,967.51447
602,988.27295
602,953.1926
602,949.1042
602,967.51447
602,977.8387
603,933.76605
603,1009.48505
603,994.5426
603,760.1605
603,851.2253
5508,4971.233
5509,4526.3647
5509,4634.824
5510,5304.7007
5510,4815.515
5510,4887.8057
5510,5274.695
5510,8130.7734
5510,4866.856
5510,5439.885
5510,4815.515
5511,3656.0095
5511,4387.386
5513,5291.6724
5514,5684.9414
5515,4290.2207
5515,3995.563
5515,3911.7007
5515,4486.778
5516,3995.1855
5516,3848.5024
5516,3724.8137
5517,4080.8372
5518,5936.888
5518,5271.3296
5518,3987.4832
5519,4012.7588
5519,5842.1265
5519,5297.8945
5519,7915.8633
5520,4543.378
5520,4150.4937
5520,5876.262
5521,5521.5464
5521,3984.9395
5521,4173.716
5521,4453.697
5522,3656.0095
5522,4764.711
5522,3579.2417
5523,4174.11
5523,4174.11
5524,4111.9805
5524,4290.2207
5524,5940.162
5525,4349.0396
5525,4486.778
5526,6157.919
5526,5001.7314
5526,4857.5156
5527,4160.324
5527,4955.283
5528,3984.9395
5528,4841.93
5529,5445.258
5530,5470.319
5530,4114.1934
5531,4390.66
5531,4508.964
5531,5591.725
5532,4890.436
5532,4351.8154
5533,4838.8413
5533,10386.027
5534,4439.4414
5534,5565.582
5534,4685.191
5534,5148.946
5534,4848.151
5534,4534.619
5534,4534.619
5535,4591.818
5535,4068.1587
5535,4327.1943
5535,4866.856
5535,3972.1533
5535,4239.5103
5536,8511.2705
5537,5170.064
5537,5109.9897
5538,5074.5703
5538,3970.426
5538,3928.536
5538,4055.5469
5539,5287.7266
5539,3108.1235
5539,3108.1235
5539,3108.1235
5539,3108.1235
5539,3108.1235
5540,3460.7861
5540,5675.6655
5541,4849.1313
5542,4838.8413
5543,4942.575
5543,4890.436
5543,4890.436
5543,4890.436
5543,4787.796
5543,4838.8413
5543,4523.9043
5543,4890.436
5543,4890.436
5543,4890.436
5543,4486.778
5544,4389.7725
5544,4664.202
5544,4027.431
5544,3884.5781
5544,3925.9995
5544,6196.369
5544,3392.1782
5544,4787.796
5544,3827.1223
5544,6326.393
5544,4389.7725
5544,4389.7725
5544,4389.7725
5544,4510.3013
5544,4218.2153
5545,4646.741
5546,6132.1934
5546,5370.5254
5546,4684.28
5546,5618.843
5546,5763.9985
5547,5611.6387
5547,5727.1216
5547,4387.386
5547,5706.2593
5548,5071.2896
5548,6115.231
5548,5017.7925
5548,4785.673
5548,4337.8857
5549,4252.2603
5549,4456.995
5550,4629.818
5550,5628.557
5550,4089.106
5550,4038.1638
5551,4385.0264
5551,5055.062
5551,5163.43
5551,4351.8154
5551,4231.769
5551,5372.1187
5551,6898.576
5551,6898.576
5551,4854.3794
5553,4634.824
5553,4537.5483
5554,27575.994
5554,4809.3364
5554,4860.6113
5554,4809.3364
5555,4269.1064
5555,3816.9175
5555,3816.9175
5555,4436.575
5555,4436.575
5555,4436.575
5555,5255.48
5556,5387.8164
5556,4439.4414
5556,4974.4062
5556,4921.9263
5556,5847.3506
5556,5207.2075
5556,5496.256
5556,4921.9263
5557,3548.6538
5557,5166.7656
5557,4492.542
5557,4492.542
5557,4540.4404
5557,4492.542
5558,5387.8164
5559,3681.5332
5559,4776.4424
5559,4116.431
5560,4327.64
5560,4373.781
5561,4693.2915
5561,4594.7886
5561,3972.9568
5562,6688.7925
5562,5045.861
5562,6678.236
5562,5384.3335
5564,3990.809
5564,5566.1074
5565,3762.8914
5565,4872.6206
5567,5193.368
5567,6325.162
5569,5497.367
5569,5497.367
5569,4083.8591
5569,4083.8591
5569,4127.405
5570,4851.2827
5570,5436.4146
5570,4075.6008
5571,4343.459
5571,4534.619
5571,4836.696
5572,3640.3386
5572,5591.725
5572,3779.443
5572,3955.9314
5573,4242.217
5574,4027.431
5575,5118.8296
5576,4140.6904
5576,4708.3984
5576,3816.9175
5577,4311.838
5577,4311.838
5577,4132.7036
5578,4866.856
5578,4939.922
5579,6158.5884
5579,3887.0579
5580,4360.6294
5580,4591.818
5581,3945.417
5581,4145.168
5581,5350.967
5582,5643.0283
5582,4656.1562
5583,4263.194
5583,6337.3306
5584,6433.7627
5584,5294.5146
5584,5200.04
5585,5222.9116
5586,4664.6694
5586,4540.4404
5586,6425.508
5587,5074.5703
5587,4788.723
5587,4788.723
5588,4570.58
5588,5812.29
5588,5611.6387
5588,5829.224
5589,3501.853
5590,4534.619
5592,5278.102
5592,4234.071
5592,5248.737
5592,3975.527
5593,3953.4077
5593,8130.7734
5593,5492.7495
5593,4145.168
5595,5081.0894
5595,5081.0894
5595,5135.261
5595,4936.7705
5595,3665.0115
5595,4346.232
5596,4716.4985
5597,4484.339
5597,5724.631
5598,4040.7725
5598,3998.144
5598,4945.768
5598,4945.768
5598,6258.3926
5599,4486.778
5599,3970.426
5599,4890.436
5599,3970.426
5599,3970.426
5599,4534.619
5599,4486.778
5599,4534.619
5599,4534.619
5599,4486.778
5599,4116.431
5599,4486.778
5599,4486.778
5600,3925.9995
5600,3925.9995
5600,4838.8413
5600,5196.678
5600,3884.5781
5600,5436.4146
5600,4909.3086
5600,4389.7725
5601,4239.5103
5601,5887.6123
5601,11361.673
5601,4987.705
5601,4431.783
5602,4814.5415
5602,5014.5913
5602,5030.6934
603,927.87915
603,927.87915
603,927.87915
603,1031.1431
603,1031.1431
603,1031.1431
603,1031.1431
603,1031.1431
603,914.14386
603,1015.88086
603,916.22424
603,1043.3873
603,1065.0922
603,878.21704
603,998.827
603,1026.0652
603,965.6477
603,1037.014
603,1037.014
603,1026.0652
603,1037.014
603,1041.4807
603,871.55963
604,1114.369
604,1074.1229
604,926.688
604,926.688
604,920.25775
604,1032.3717
604,915.31934
5602,5030.6934
5602,5084.328
5602,5160.6533
5602,5160.6533
5602,5084.328
5604,5152.277
5604,5262.7285
5605,5166.7656
5605,5112.2617
5606,4647.2153
5606,5953.589
5606,5587.5874
5606,4324.8423
5606,4324.8423
5606,4234.071
5607,4928.25
5607,5660.581
5607,34488.133
5607,5435.86
5608,4737.2437
5609,5271.3296
5610,4939.922
5610,4646.741
5610,7026.752
5611,3720.7903
5612,5643.0283
5612,4790.8477
5612,5703.196
5613,6067.501
5613,4939.922
5613,4640.779
5614,4017.9143
5615,6388.4746
5616,4002.4714
5616,4327.64
5617,18560.008
5617,4609.5386
5618,5936.888
5618,8891.557
5618,8039.01
5619,3867.9314
5619,4838.8413
5620,4055.5469
5620,7538.49
5620,3846.0508
5620,5313.872
5620,4055.5469
5621,4395.412
5621,4734.226
5621,4734.226
5621,3884.5781
5622,5621.3354
5622,4838.8413
5622,4436.575
5622,5521.5464
5622,5135.261
5622,4974.4443
5622,3734.3914
5623,3925.9995
5624,10763.12
5624,4174.11
5624,4174.11
5624,5049.0815
5624,4540.4795
5624,4974.4062
5625,4785.673
5625,4382.196
5625,7578.075
5626,5031.1636
5626,4442.2754
5627,4409.9727
5627,4439.4414
5627,4392.6084
5628,5623.0034
5628,5623.0034
5628,4737.284
5628,5344.101
5629,4436.575
5630,5586.5005
5631,10161.42
5631,5984.236
5632,4355.038
5632,5929.271
5632,4679.1797
5633,4504.5527
5633,4664.202
5634,5226.2456
5635,5261.168
5636,4263.194
5637,5394.733
5637,5394.733
5637,5682.957
5638,3681.5332
5638,5703.7285
5638,6169.8125
5639,4835.718
5640,3638.3596
5640,3532.7285
5640,5344.101
5641,6658.1567
5641,7243.92
5641,5274.695
5642,4684.28
5642,5004.924
5643,7206.8154
5644,5375.594
5644,4890.436
5645,3884.5781
5645,8494.135
5645,6262.429
5645,3884.5781
5645,3925.9995
5645,5030.185
5645,5258.308
5645,5548.853
5645,3967.8628
5645,4027.431
5645,4784.7007
5645,5171.1094
5645,4734.226
5645,4734.226
5646,4999.513
5646,4946.773
5646,4392.6084
5646,4486.778
5646,5837.2583
5646,4160.324
5647,11361.673
5648,5219.0474
5648,5141.859
5648,5727.1216
5649,5379.0205
5649,5402.174
5650,5017.7925
5650,4836.696
5650,4836.696
5650,4395.412
5650,4373.781
5650,6115.231
5650,5071.2896
5651,4132.7036
5652,5643.0283
5652,4529.7163
5653,3638.3596
5653,4900.8306
5653,5108.9614
5653,5163.43
5653,3987.4832
5654,5284.883
5654,4838.8413
5654,6559.688
5655,4640.779
5655,4866.856
5655,3970.426
5655,4634.824
5655,4585.9263
5656,4506.0913
5656,4890.436
5656,3886.272
5656,4486.778
5656,4070.3713
5657,4728.6255
5657,4314.6274
5659,5337.244
5661,4074.2131
5661,4507.4287
5661,4776.4424
5662,4740.3037
5662,4373.781
5662,4467.547
5662,4693.2915
5663,4442.2754
5664,3824.2903
5664,3501.853
5664,3501.853
5664,6760.108
5664,4711.3994
5665,5545.3135
5665,4955.283
5665,5779.9536
5665,5660.581
5666,3843.5642
5666,3928.536
5666,4445.145
5666,3843.5642
5666,4924.575
5666,3803.0156
5666,4300.7837
5667,4958.4844
5667,23242.117
5667,3884.5781
5668,3827.1223
5669,5094.1484
5669,5248.737
5669,4194.75
5670,5510.3867
5670,4195.574
5670,6856.508
5671,4734.226
5671,4631.8677
5671,5030.6934
5671,5106.2134
5671,6530.9575
5672,4870.0
5673,4287.4834
5673,4864.211
5674,3972.9568
5674,4971.233
5674,5591.725
5675,4722.558
5676,5883.8115
5676,6268.286
5677,4431.783
5677,4431.783
5677,4431.783
5678,5186.7046
5678,6052.519
5678,4708.3984
5679,4012.7588
5681,4442.3135
5682,8829.923
5683,3843.5642
5683,6216.8467
5684,4439.4414
5684,3987.4832
5684,4245.358
5686,4207.4014
5686,4207.4014
5687,3953.4077
5688,4357.4067
5688,18643.496
5689,4740.3037
5689,5327.5347
5689,7211.4707
5690,5611.6387
5690,4761.6353
5690,5611.6387
5690,5671.466
5690,5874.2563
5692,5049.0815
5692,5438.7847
5694,4866.856
5694,4942.575
5694,5334.379
5694,5334.379
5695,6716.225
5695,4933.5786
5695,6200.3247
5695,8130.7734
5696,4012.7588
5696,5024.239
5696,23755.627
5696,23755.627
5697,3765.2937
5697,3583.8403
5698,5271.3296
5698,5081.0894
5698,3816.9175
5698,4287.447
5698,5135.261
5698,5135.261
5699,5171.1094
5699,5171.1094
5699,5314.947
5699,5171.1094
5699,5806.8154
5699,5226.2456
5700,4943.575
5700,4327.64
5700,4787.796
5701,4055.5469
5701,4163.0117
5701,4012.7588
5701,3970.426
5701,3970.426
5701,4012.7588
5701,3970.426
5701,3970.426
5701,4055.5469
5701,4890.436
5702,3884.5781
5702,3884.5781
5702,3925.9995
5702,3925.9995
5702,4634.824
5702,4132.7036
5702,5023.2227
5702,4942.575
5702,4809.3364
5703,5160.6533
5703,5160.6533
5703,4506.0913
5704,4518.0996
5704,5575.731
5704,4814.5415
5704,3821.8213
5706,5510.3867
5706,4127.015
5706,4357.847
5707,4900.8306
605,946.5791
605,984.7634
605,984.7634
605,857.1733
605,957.2009
605,1057.5405
605,1057.5405
605,1008.7375
605,819.4204
605,819.4204
605,822.9508
605,877.64954
605,877.64954
605,971.0543
605,935.9795
605,912.38745
605,935.9795
605,926.0963
605,922.12396
605,945.9675
605,945.9675
605,889.3894
605,918.16864
605,902.75354
605,945.9675
605,918.16864
605,945.9675
605,931.96436
605,926.0963
605,889.3894
5708,5221.8555
5708,5112.2617
5708,4096.563
5709,4945.768
5710,4737.2437
5710,4687.2695
5712,4939.922
5712,3145.346
5712,4815.515
5712,5806.8154
5712,4939.922
5713,4073.0046
5713,5397.636
5713,4116.431
5713,4055.5469
5714,5311.5156
5714,5624.924
5715,5635.788
5715,6132.1934
5715,6266.427
5715,6224.2456
5717,5011.354
5717,6258.3926
5717,6750.8037
5717,3972.1533
5717,5141.859
5717,5141.859
5717,5219.0474
5718,5248.737
5718,4343.459
5718,4324.8423
5719,5398.177
5720,4664.202
5720,6373.3804
5721,7130.7886
5721,5891.3706
5722,3887.0579
5722,5384.3335
5722,5148.946
5722,7697.465
5723,6201.5786
5723,3884.5781
5723,8248.345
5723,8357.78
5723,3925.9995
5723,4784.7007
5723,4784.7007
5724,5116.5547
5724,4392.6084
5724,4395.412
5725,5278.102
5726,5615.7886
5728,4104.057
5728,5555.9814
5728,3982.3667
5728,4436.575
5728,4436.575
5728,4836.696
5729,4566.3096
5729,3456.0188
5729,4481.9272
5729,4529.7163
5731,4327.64
5731,4838.8413
5731,4838.8413
5732,4479.0337
5733,4053.3423
5733,4945.768
5733,38470.152
5736,5226.2456
5736,5513.9463
5738,3931.0437
5739,5565.582
5739,5675.6655
5739,5565.582
5739,6542.249
5739,7738.955
5740,5371.6167
5740,5452.2534
5740,5682.957
5740,5452.2534
5741,4055.5469
5741,6337.3306
5741,4486.778
5743,4073.0046
5743,5042.6035
5743,3827.1223
5744,4174.11
5744,5703.196
5744,5703.196
5745,4382.196
5746,5935.1274
5746,5248.737
5746,5248.737
5746,5248.737
5747,4012.7588
5747,4787.796
5747,5432.9053
5748,6992.12
5748,3848.5024
5748,3663.0403
5749,4486.778
5750,7965.289
5750,4999.513
5750,4699.3213
5751,4534.619
5751,4915.6113
5751,4968.024
5751,7875.318
5752,3908.8062
5752,3894.5105
5754,4195.574
5755,4734.226
5755,4835.718
5756,9367.946
5756,4080.8372
5756,3970.426
5757,4387.386
5757,4387.386
5758,4153.1787
5758,4101.439
5758,4107.48
5758,5698.9434
5758,8784.695
5758,4640.779
5759,6996.6367
5759,4012.7588
5759,4012.7588
5759,4012.7588
5759,4279.218
5759,4012.7588
5759,4055.5469
5759,4055.5469
5759,4012.7588
5759,4012.7588
5759,4439.4414
5759,7062.161
5759,7062.161
5759,4961.6494
5759,5940.723
5760,4767.275
5760,4921.9263
5761,5459.768
5761,7343.911
5761,6846.026
5761,8145.599
5762,5337.244
5763,5119.821
5763,5087.6123
5763,4866.856
5763,4652.7065
5764,4555.4854
5765,16473.799
5765,5612.1636
5765,6162.5137
5765,5958.0312
5766,3925.9995
5766,3884.5781
5766,4790.8477
5766,6667.34
5766,9132.962
5766,4690.298
5767,5516.9136
5767,5635.1807
5767,4300.7837
5767,4066.3547
5767,9624.22
5768,5664.189
5768,3300.055
5768,4955.283
5768,5841.5806
5769,5014.5913
5769,4958.4844
5770,4845.058
5771,4363.038
5771,4151.3096
5771,5287.7266
5771,5800.5376
5771,5837.2583
5773,6322.9546
5773,4252.2603
5773,5462.196
5773,6390.364
5774,4617.945
5775,4784.7007
5775,4835.718
5775,4835.718
5775,4784.7007
5775,5394.733
5775,4784.7007
5775,4335.9624
5775,7417.4756
5777,3972.9568
5777,4767.275
5777,4038.1638
5778,4945.768
5778,6154.607
5778,6442.636
5779,4012.7588
5779,4836.696
5779,3974.7231
5779,5138.5786
5779,4887.8057
5779,4059.9363
5779,6268.286
5779,6329.1997
5780,4265.9478
5780,4890.436
5780,4890.436
5781,4629.818
5781,6135.4873
5783,5501.438
5783,5501.438
5783,5584.023
5783,4150.4937
5783,4150.4937
5783,4106.704
5783,4779.532
5784,4297.6343
5784,4281.9824
5785,6236.8564
5786,4647.2153
5786,7044.0513
5787,5528.123
5787,4055.5469
5787,6333.288
5788,7225.3438
5789,5463.3003
5789,4073.0046
5791,4705.799
5791,3945.417
5792,7078.886
5793,6388.4746
5793,5364.7246
5794,6066.2744
5795,4387.386
5795,3537.2673
5795,5711.056
5795,4442.2754
5796,6716.8975
5797,5391.2505
5797,5311.5156
5797,5087.103
5798,3790.4553
5798,5058.284
5799,4431.3643
5799,5824.872
5799,7940.477
5800,6167.0767
5800,4980.2983
5801,5024.239
5801,7847.492
5801,5017.7925
5802,5135.261
5802,5582.894
5803,4945.768
5804,3984.9395
5804,5163.43
5804,5163.43
5804,5163.43
5804,4835.718
5805,6860.1973
5805,4817.6514
5805,4015.3206
5805,3669.7205
5805,4529.7163
5806,3967.8628
5806,3967.8628
5806,3925.9995
5806,3925.9995
5806,3967.8628
5806,4634.824
5807,5084.328
5807,5084.328
5807,5160.6533
5807,5160.6533
5807,5084.328
5808,9456.686
5808,6693.0684
5809,5308.629
5809,6762.4746
5809,6497.5107
5810,5510.3867
5812,4838.8413
5812,4942.575
5813,4523.9043
5813,4815.9653
5813,4693.2915
5814,4537.5483
5814,5049.0815
5814,4236.7734
5815,4838.8413
5815,5775.6772
5815,4971.233
5816,4058.1667
5816,4189.3677
5816,4189.3677
5816,4955.283
5816,4955.283
5816,4764.711
605,918.16864
605,889.3894
605,945.9675
605,922.12396
605,898.8808
605,918.16864
605,935.9795
605,931.96436
605,918.16864
605,912.38745
605,935.9795
605,935.9795
605,912.38745
605,912.38745
605,918.16864
605,908.4734
605,945.9675
605,912.38745
605,889.3894
605,902.75354
605,898.8808
605,912.38745
605,912.38745
605,912.38745
605,912.38745
605,889.3894
605,918.16864
605,912.38745
605,902.75354
605,935.9795
5817,4327.64
5817,4015.7302
5817,5455.1875
5818,4656.1562
5818,4453.697
5818,5436.4146
5818,5436.4146
5819,5411.5137
5819,4614.9985
5820,4197.46
5820,4287.447
5820,4839.326
5820,5763.9985
5821,5280.9424
5821,5579.3325
5821,4426.0967
5821,5337.244
5821,4896.7188
5821,5011.354
5822,5248.737
5822,5248.737
5822,5304.7007
5822,5248.737
5822,6258.3926
5823,4392.6084
5824,7013.2065
5824,4010.1682
5825,4175.962
5825,5972.7456
5826,5308.1274
5826,3995.563
5826,4236.7734
5826,5384.3335
5828,3512.7437
5828,3261.021
5829,6424.8154
5829,4716.98
5829,4546.742
5831,4999.513
5831,4996.2856
5831,4907.628
5831,6952.571
5831,4915.6113
5832,6568.115
5832,5841.029
5832,5402.174
5832,4942.575
5832,4838.8413
5832,4838.8413
5832,6576.553
5832,5958.0312
5833,5696.416
5833,5576.8584
5833,4104.057
5833,4498.773
5833,9218.561
5834,5804.833
5834,6433.7627
5834,4640.779
5836,5584.023
5836,4808.364
5836,4797.003
5837,5902.108
5837,4737.2437
5838,4453.697
5839,4055.5469
5839,4012.7588
5839,4945.768
5839,4382.196
5840,4634.824
5840,4189.404
5841,3392.13
5841,6200.3247
5842,6529.637
5842,4540.4404
5844,4370.957
5845,4708.8384
5845,5081.5645
5846,8853.526
5846,5327.5347
5846,4887.8057
5846,5806.8154
5849,4174.11
5849,6358.328
5850,4382.196
5851,6409.0366
5851,4734.226
5851,5128.6724
5851,5128.6724
5852,6840.961
5852,4860.6113
5853,4127.4365
5853,5988.661
5854,3601.9302
5854,4357.4067
5854,4116.431
5855,3450.0535
5855,4151.3096
5855,5087.6123
5855,5196.678
5856,6361.786
5857,5932.4956
5858,4943.575
5858,5278.102
5859,14077.894
5860,3925.9995
5860,3884.5781
5860,4759.047
5860,4890.436
5861,3681.5332
5861,4073.0046
5861,4652.7065
5862,6655.204
5863,4453.697
5863,4922.391
5863,4171.447
5864,4055.5469
5864,4055.5469
5864,4055.5469
5864,4055.5469
5864,4055.5469
5864,4055.5469
5864,4234.071
5864,4324.8423
5864,4324.8423
5864,4055.5469
5864,4055.5469
5864,4055.5469
5864,4510.3013
5865,5615.7886
5865,4343.459
5866,5615.7886
5866,5619.3735
5866,4946.2637
5867,4080.8372
5868,5193.368
5868,4646.741
5868,5720.93
5869,6124.3257
5871,5308.1274
5871,6464.932
5871,16473.799
5871,5364.7246
5871,4303.156
5872,5575.731
5872,5635.1807
5876,5618.843
5877,5058.284
5878,6713.2466
5879,4575.9546
5879,4586.3594
5880,4784.7007
5880,4784.7007
5880,5510.3867
5880,5745.555
5880,5226.2456
5880,4835.718
5880,4784.7007
5880,4784.7007
5880,4784.7007
5880,4835.718
5880,4436.575
5880,4835.718
5882,4038.1638
5882,4667.2197
5882,5822.289
5882,5822.289
5882,4395.412
5882,4442.2754
5882,4818.1064
5882,4266.3506
5882,4818.1064
5883,3601.9302
5883,4174.11
5884,5116.5547
5884,3059.9268
5884,4836.2393
5884,5226.2456
5885,6873.4536
5885,6000.1826
5885,4836.696
5885,4888.267
5885,4836.696
5886,4012.7588
5886,3825.0127
5886,4360.6294
5887,3748.4285
5887,4010.1682
5887,4010.1682
5887,3967.8628
5888,6413.1274
5888,4578.0156
5889,4830.4897
5889,4194.75
5889,4150.4937
5889,7051.0156
5889,5643.5615
5889,4150.4937
5889,5486.8115
5889,6404.8994
5889,5643.5615
5889,5664.189
5889,6337.3306
5890,4998.5024
5891,6250.3633
5892,5255.976
5893,6004.6255
5893,4231.3374
5893,5252.1323
5894,6266.427
5894,4790.8477
5897,3681.5332
5897,4173.2617
5898,5654.462
5898,4355.038
5898,6388.4746
5899,5836.1226
5899,5248.737
5899,6074.0674
5902,4373.781
5902,4327.64
5902,7842.419
5902,6252.2114
5902,6287.1895
5902,5391.2505
5902,5311.5156
5904,3953.4077
5904,4109.3296
5906,4171.447
5906,5033.396
5907,3175.1077
5908,5297.8945
5908,5582.894
5908,5228.5645
5908,4127.4365
5909,4743.3345
5910,5322.2773
5911,3681.5332
5911,4552.1147
5911,6860.1973
5912,6547.7485
5913,6236.8564
5913,7252.4927
5914,4197.8564
5914,4481.9272
5914,25332.744
5914,5394.152
5914,5394.152
5914,4527.2544
5914,5040.3384
5914,5008.63
5914,7145.236
5914,11443.291
5914,5226.2456
5914,9557.517
5914,8332.652
5915,6020.9478
5915,4189.3677
5916,5643.0283
5916,8020.889
5917,4379.4
5918,5660.581
5918,4998.5024
5919,4012.7588
5919,4012.7588
5919,4012.7588
5919,6224.2456
5919,9322.862
5919,11075.574
5920,4171.447
5920,5675.1294
5920,6469.059
5921,5829.224
5921,4171.447
5921,5315.4487
5922,6976.6313
5922,4058.1667
5922,4189.3677
5922,4955.283
5922,4955.283
5923,5899.541
5923,4420.4175
5924,5055.062
5924,5950.3867
5925,5469.213
5925,5469.213
5925,5587.5874
5925,5768.2666
5926,6013.8247
5927,5579.3325
5927,4426.0967
5927,5337.244
5929,4370.957
5929,4835.718
5929,4153.5674
5929,4279.218
5929,4279.218
5929,4234.071
5929,6758.103
5930,4163.0117
605,945.9675
605,931.96436
605,931.96436
605,922.12396
605,945.9675
605,931.96436
605,912.38745
605,922.12396
605,918.16864
605,902.75354
605,945.9675
605,945.9675
605,922.12396
605,898.8808
605,908.4734
605,931.96436
605,935.9795
605,945.9675
605,889.3894
605,902.75354
605,931.96436
605,912.38745
605,908.4734
605,912.38745
605,922.12396
605,898.8808
605,931.96436
605,918.16864
605,902.75354
605,926.0963
5930,5031.1636
5930,5888.1685
5931,5229.6216
5932,6571.023
5932,4341.939
5932,5510.3867
5932,4160.324
5935,5401.0815
5935,4436.575
5935,5312.058
5936,3760.4622
5936,6424.8154
5936,5421.925
5937,6138.8296
5937,6165.8296
5937,5391.2505
5937,4996.2856
5937,4943.575
5937,4996.2856
5937,9416.167
5938,4279.218
5938,5664.189
5938,5254.4175
5938,4436.575
5939,3925.9995
5939,4890.436
5939,4890.436
5939,4942.575
5939,4890.436
5939,4942.575
5939,4012.7588
5940,3967.8628
5940,3925.9995
5940,5804.833
5940,4260.8765
5941,5116.5547
5942,4930.902
5943,4058.1667
5944,4012.7588
5944,5888.1685
5944,5902.108
5946,5513.3467
5946,4055.5469
5946,4055.5469
5946,4055.5469
5946,4098.791
5947,4592.2515
5947,7695.182
5947,6898.576
5947,5720.93
5948,5055.062
5948,5421.925
5948,5364.7246
5949,6529.637
5949,5821.7446
5950,4083.4773
5950,5452.2534
5950,5452.2534
5950,3928.536
5951,5903.307
5951,4357.847
5951,4896.7188
5951,4759.047
5951,5274.695
5952,5280.9424
5952,5081.5645
5952,5277.528
5953,5552.4375
5954,4716.98
5955,5116.5547
5955,4764.711
5956,4585.9263
5956,6579.4707
5958,5301.8174
5958,7867.5474
5960,5459.768
5962,5254.4175
5962,7611.346
5962,5285.382
5963,6361.786
5963,4676.636
5964,4284.7114
5964,6396.6816
5966,5739.8857
5966,6153.9966
5967,4965.323
5967,3967.8628
5967,3925.9995
5967,3967.8628
5967,3967.8628
5967,4010.1682
5969,6655.204
5969,6162.5137
5969,7528.8184
5972,4716.98
5972,5255.48
5973,5421.925
5973,4534.619
5973,4439.4414
5973,4486.778
5974,12531.792
5974,4346.232
5974,5039.8623
5975,5768.2666
5975,5707.413
5975,6167.659
5975,4073.0046
5975,5138.5786
5975,6597.003
5975,5248.737
5976,7139.949
5976,5311.5156
5976,5311.5156
5977,4040.7725
5978,4145.168
5978,3990.809
5979,5345.1816
5979,12383.701
5979,6018.278
5980,6167.659
5980,4839.2983
5982,5935.1274
5982,4743.3345
5983,4586.3594
5983,5455.1875
5983,5895.733
5984,4614.9985
5984,5760.322
5985,5541.7334
5986,5116.5547
5986,4943.575
5986,5141.3438
5987,8206.988
5987,4379.4
5987,4734.226
5988,4373.781
5988,4373.781
5988,4200.568
5988,4420.4175
5988,4420.4175
5988,4373.781
5988,4327.64
5988,4327.64
5988,5806.8154
5989,4943.113
5989,3366.8
5989,5106.696
5989,9230.395
5991,5861.1934
5992,3807.1282
5993,4431.783
5993,17093.996
5993,4104.057
5994,4015.3206
5994,9528.772
5995,4098.791
5995,6413.1274
5995,4309.0913
5996,5998.403
5996,5781.9277
5996,5932.4956
5996,6485.6846
5997,5483.2695
5997,4273.727
5997,7051.0156
5998,5632.15
5998,5572.7373
5998,4998.5024
5998,15957.849
5998,4145.168
5998,4998.5024
5998,6550.6533
5998,4998.5024
5999,4012.7588
5999,3970.426
5999,4055.5469
5999,4098.791
6000,4260.8765
6000,5576.8584
6001,6009.994
6001,6004.6255
6002,5516.9136
6002,27049.236
6002,27049.236
6004,3867.5107
6004,4716.98
6005,5749.2227
6005,5193.8584
6006,4260.8765
6006,6396.6816
6006,8244.75
6006,10047.814
6006,10047.814
6006,10047.814
6007,4470.4326
6007,5962.437
6007,15078.5625
6010,14842.978
6010,6992.12
6012,4376.5728
6012,6612.002
6012,5801.08
6012,5084.328
6013,4279.218
6013,5255.976
6013,5077.8047
6015,5119.821
6017,5503.317
6017,7335.979
6018,3828.791
6019,4012.7588
6019,5193.368
6019,5193.368
6019,5193.368
6019,5193.368
6019,5193.368
6019,5193.368
6019,4098.791
6019,4098.791
6020,4684.28
6021,4595.2183
6021,5552.962
6022,4460.2954
6022,5308.1274
6022,5252.1323
6022,4623.8774
6023,5895.733
6024,4098.791
6025,5421.925
6025,14467.857
6025,6601.264
6025,6814.6636
6025,5364.7246
6026,5720.93
6027,4055.5469
6027,4055.5469
6027,4098.791
6028,4379.4
6028,10307.367
6028,4171.447
6030,5510.3867
6030,4234.071
6031,7051.0156
6031,9236.295
6031,5962.437
6032,6341.4243
6032,4937.237
6032,4924.575
6033,5469.213
6033,5469.213
6036,4192.0737
6036,4192.0737
6036,4860.6113
6037,4373.781
6037,4327.64
6037,4234.071
6037,4197.8564
6037,4324.8423
6038,6200.3247
6038,8962.465
6038,3982.3667
6039,5954.793
6039,4160.324
6040,4734.226
6040,5051.799
6040,4673.176
6040,4623.8774
6041,6158.5884
6041,6641.089
6041,4281.9824
6042,5954.2305
6043,4767.275
6043,4764.1978
6043,5401.0815
6044,4346.232
6045,5402.174
6045,4888.267
6045,6274.477
6046,6138.8296
6046,7206.8154
6046,5664.189
6046,9282.907
6046,9282.907
6047,4012.7588
6047,4470.4326
6047,4945.768
6047,4324.8423
6048,3967.8628
6048,3967.8628
6048,5636.3203
6048,4764.1978
6048,3967.8628
6048,3967.8628
6048,3967.8628
6048,3967.8628
6048,7926.025
6048,3967.8628
6048,7146.619
6048,3925.9995
6048,3967.8628
605,931.96436
605,922.12396
605,945.9675
605,898.8808
605,912.38745
605,945.9675
605,926.0963
605,902.75354
605,918.16864
605,926.0963
605,922.12396
605,931.96436
605,926.0963
605,902.75354
605,926.0963
605,935.9795
605,945.9675
605,898.8808
605,931.96436
605,918.16864
605,945.9675
605,931.96436
605,935.9795
605,912.38745
605,926.0963
605,908.4734
605,931.96436
605,945.9675
605,902.75354
605,935.9795
6049,4743.3345
6050,4614.9985
6052,4732.127
6052,5009.132
6053,5905.9204
6055,5806.8154
6055,5513.3467
6056,6186.2593
6056,5108.9614
6058,4058.1667
6058,4145.168
6058,4101.439
6058,4101.439
6058,5308.1274
6059,4346.232
6059,4357.847
6060,4711.844
6060,4132.7036
6060,4814.5415
6061,6063.636
6061,4643.777
6061,4919.251
6062,4101.439
6062,6392.601
6062,5397.636
6062,5084.328
6063,5280.9424
6064,10084.547
6065,3843.5642
6065,4749.424
6065,6469.059
6066,4263.629
6066,4746.8423
6066,4401.4707
6066,5141.3438
6066,4890.436
6066,5428.8853
6068,5490.314
6069,5421.925
6069,4437.8916
6069,8453.062
6070,4379.4
6070,4426.0967
6070,6566.787
6071,6425.508
6071,5425.422
6071,6469.059
6072,5033.396
6073,4373.781
6073,4373.781
6073,6985.5874
6073,4835.718
6073,4614.9985
6075,4073.0046
6075,5200.04
6075,4552.1147
6075,4890.436
6076,5077.8047
6076,5703.7285
6076,4965.323
6077,5193.368
6077,4609.974
6078,5759.7007
6078,6856.567
6078,5135.261
6078,7735.5234
6079,6102.0225
6080,4058.1667
6081,5087.103
6082,4604.059
6083,4373.781
6084,4860.6113
6084,6167.659
6084,5768.2666
6085,6286.596
6085,5745.555
6085,7216.0737
6086,5456.2905
6086,9836.88
6086,10135.44
6087,5291.097
6087,4145.168
6088,4264.0312
6088,6712.619
6088,5274.695
6088,5957.4287
6088,12383.701
6089,8368.445
6089,4327.64
6089,6216.26
6090,3997.736
6091,29189.932
6091,6029.2866
6091,4687.2695
6092,5935.1274
6093,7823.0474
6093,5735.6387
6093,5821.7446
6094,4186.695
6095,4284.7114
6095,4996.2856
6095,4943.575
6095,10385.938
6095,5789.35
6095,7168.1714
6096,4426.0967
6096,8472.288
6096,4676.1943
6097,4942.575
6097,4260.8765
6097,5517.461
6097,5435.86
6097,4420.4175
6097,4245.358
6097,4420.4175
6097,4420.4175
6097,4420.4175
6097,4420.4175
6097,4420.4175
6097,4327.64
6097,4420.4175
6098,4921.9263
6098,4595.2183
6098,4234.071
6098,4595.2183
6098,6724.853
6098,5646.065
6098,5049.0815
6098,4995.819
6098,5462.196
6099,6228.8545
6100,5497.886
6101,6410.938
6101,4575.0947
6103,4872.6206
6104,3452.2822
6104,7931.152
6104,4098.791
6105,4012.7588
6105,5998.403
6106,4755.5254
6108,5251.5615
6108,4055.5469
6108,4012.7588
6108,4055.5469
6108,4098.791
6108,4055.5469
6108,4012.7588
6108,4055.5469
6108,4098.791
6108,4098.791
6108,4098.791
6108,4055.5469
6108,4055.5469
6108,10148.461
6108,4055.5469
6108,4055.5469
6108,4055.5469
6109,3970.426
6110,4782.5786
6110,5531.093
6111,6404.8994
6112,5575.731
6112,10086.587
6112,5277.528
6112,5534.623
6113,5793.095
6113,5141.3438
6114,5058.284
6115,5083.819
6115,8547.904
6115,4260.8765
6115,4260.8765
6115,4498.773
6115,4498.773
6115,5081.5645
6115,5221.8555
6115,4260.8765
6116,6026.0093
6116,6485.6846
6118,6840.961
6120,5435.3154
6121,6612.002
6121,6612.002
6121,4937.237
6121,5801.08
6122,4330.3984
6122,4330.3984
6123,3928.5059
6124,5575.731
6124,4213.631
6124,6197.575
6125,6805.284
6125,6976.6313
6125,6805.284
6126,4404.314
6126,8309.6045
6126,3970.426
6126,9088.0205
6127,5538.198
6128,4767.275
6128,4572.137
6129,5727.1216
6129,9528.8545
6129,5248.737
6129,5248.737
6129,5248.737
6129,5248.737
6129,5248.737
6130,6262.429
6132,4314.6274
6132,4439.4414
6132,6153.9966
6132,9416.167
6132,4098.791
6132,4098.791
6132,6130.9536
6132,4534.619
6132,4507.85
6132,8639.029
6132,5242.0024
6133,4015.3206
6133,3679.1565
6133,4961.6494
6133,5886.9775
6133,5886.9775
6134,5584.023
6134,5822.289
6135,5341.7314
6135,14935.522
6137,6033.751
6138,5166.7656
6139,11482.792
6139,5814.819
6139,6913.2456
6140,6017.7153
6140,6972.128
6140,5862.3784
6140,5862.3784
6140,5862.3784
6140,5862.3784
6140,8221.945
6141,4221.339
6143,4086.08
6144,5388.3203
6145,6768.1533
6145,6243.606
6146,4281.9453
6146,4752.9404
6146,5064.7827
6146,4236.7734
6146,4236.7734
6147,9799.067
6147,21296.66
6147,6483.4766
6148,7643.3853
6149,7149.1216
6149,7149.1216
6149,5402.174
6150,31147.648
6150,6018.278
6151,4552.579
6152,4309.0913
6152,4309.0913
6152,5274.695
6152,8973.079
6153,5483.2695
6153,4569.2246
6153,4830.4897
6154,4324.8423
6156,5402.174
6156,8553.425
6157,6678.236
6157,5051.799
6157,6730.5063
6158,5051.799
6159,4098.791
6159,4373.781
6159,4373.781
6159,4373.781
6159,4373.781
6159,4327.64
6159,4373.781
6159,4373.781
6159,4420.4175
6159,5065.304
6159,5024.239
6160,3967.8628
6160,5781.9277
6160,4614.9985
6162,6051.9414
6163,5030.185
6163,4355.038
6163,5278.6006
6164,4192.0737
6164,5735.6387
6164,5821.7446
6165,4420.4175
6165,4104.057
6165,5033.9434
605,918.16864
605,922.12396
605,912.38745
605,931.96436
605,902.75354
605,912.38745
605,912.38745
605,945.9675
605,912.38745
605,935.9795
605,935.9795
605,945.9675
606,1090.2593
606,876.6998
606,902.08496
606,895.51227
606,750.6803
606,758.6931
606,734.90735
606,914.7349
606,1123.9803
606,1123.9803
606,825.60236
606,1119.0543
607,1023.6394
607,1029.4677
607,1029.4677
607,1029.4677
607,1029.4677
607,898.3
6166,6228.8545
6166,4670.1943
6166,4533.0664
6166,5438.7847
6167,5494.3794
6168,4676.1943
6168,5370.5254
6169,4101.439
6169,5304.7007
6169,4952.122
6169,4145.168
6169,4101.439
6169,4189.3677
6169,4145.168
6169,4145.168
6169,4145.168
6169,4145.168
6169,4189.3677
6171,6259.658
6171,6259.658
6171,8015.7036
6172,6758.103
6173,8829.923
6173,5046.814
6174,5225.229
6174,5337.244
6175,6671.0166
6175,10300.714
6175,7031.2373
6176,5141.3438
6176,5087.103
6176,4746.8423
6176,4401.4707
6176,5141.3438
6176,4890.436
6177,4376.5728
6177,4376.5728
6177,4284.7114
6177,4330.3984
6177,5988.661
6177,4284.7114
6177,4171.447
6178,5465.724
6178,4346.232
6180,5421.925
6180,5364.7246
6181,4426.0967
6181,8419.781
6181,4426.0967
6182,6696.0312
6182,5138.5786
6183,4234.071
6183,4279.218
6183,4413.2383
6183,4279.218
6183,10205.1455
6183,5196.678
6183,5033.396
6183,4346.232
6184,5888.1685
6186,10541.845
6186,6769.4316
6187,4171.447
6188,5991.924
6189,5700.0957
6189,5700.0957
6189,5030.185
6189,5030.185
6190,5083.819
6190,5785.6626
6190,6840.961
6190,7126.1855
6191,5002.7046
6191,5051.799
6192,5494.3794
6192,4234.071
6194,5411.5137
6194,5308.1274
6194,4109.745
6194,10711.18
6194,13323.621
6195,4163.0117
6196,4373.781
6196,4734.226
6196,5394.152
6198,5514.4673
6199,5193.368
6199,5521.5464
6199,5274.695
6199,6755.1064
6199,5274.695
6200,4743.3345
6201,5379.0205
6202,9974.684
6202,5164.4746
6203,6797.9272
6203,5759.7007
6204,4012.7588
6204,4373.781
6204,4040.7725
6206,4330.3984
6206,5521.5464
6207,4343.459
6208,3925.9995
6208,4387.386
6209,4575.527
6209,5212.8433
6209,4370.957
6209,4324.8423
6209,6393.2046
6209,4234.071
6209,3967.8628
6209,7039.565
6209,8368.51
6210,5612.1636
6210,6251.627
6210,4189.404
6212,4476.1763
6212,4428.9556
6213,4012.7588
6213,4623.8774
6214,4236.7734
6214,9025.024
6215,5728.28
6215,4924.575
6215,7931.152
6216,9013.454
6216,3967.8628
6217,5402.174
6217,4476.1763
6218,4569.2246
6220,4518.0996
6221,4355.038
6221,4767.275
6221,4767.275
6221,4716.98
6221,4716.98
6221,4716.98
6221,7969.5674
6222,4782.5786
6223,4234.071
6223,10086.587
6223,6469.059
6223,7423.017
6224,4845.058
6224,10263.204
6224,9082.231
6225,4412.7876
6225,4412.7876
6225,6282.5376
6229,5308.1274
6229,4236.7734
6229,4281.9453
6230,5452.2534
6230,4111.537
6232,5311.5156
6232,5493.268
6232,4284.7114
6233,6134.9136
6235,4010.1682
6236,6479.285
6236,6216.26
6236,6345.4717
6237,6845.3794
6237,6845.3794
6237,6612.002
6237,3990.809
6238,9030.854
6238,4451.276
6238,4851.7407
6239,4309.0913
6239,4309.0913
6239,4355.038
6239,4098.791
6239,5632.15
6240,4572.137
6241,4281.9453
6241,5727.1216
6244,4420.4175
6244,4420.4175
6245,4664.202
6246,10354.802
6246,11455.675
6246,6434.37
6247,4263.629
6248,4614.9985
6248,6976.6313
6249,4153.5674
6249,4640.779
6250,5163.43
6250,4716.98
6250,4999.046
6250,5636.3203
6250,6235.595
6250,5552.962
6250,5401.633
6250,9416.167
6250,9121.313
6252,7263.2227
6254,6585.0015
6254,5789.35
6255,4311.838
6255,3821.8213
6255,9322.782
6256,5388.3203
6256,6497.5107
6256,8408.979
6257,5643.5615
6257,4373.781
6257,4373.781
6257,4627.297
6257,4942.575
6259,5886.9775
6260,4841.93
6260,6617.5605
6260,7724.869
6261,7225.3438
6261,6946.731
6261,6946.731
6261,12131.553
6261,6916.9653
6261,4764.1978
6262,4507.4287
6262,5180.05
6263,4215.9224
6263,6150.6865
6264,3579.2417
6265,4767.275
6266,9282.907
6266,10489.971
6267,4234.071
6267,4373.781
6268,4439.4414
6268,4566.3096
6270,4838.8413
6270,4838.8413
6271,3928.536
6271,4420.4175
6271,4420.4175
6271,4420.4175
6271,4420.4175
6271,4327.64
6271,4373.781
6271,4420.4175
6271,4281.9824
6271,5251.5615
6271,4420.4175
6271,4098.791
6271,4420.4175
6272,4713.935
6272,5372.1187
6272,3967.8628
6272,13483.066
6272,4614.9985
6272,4010.1682
6272,3967.8628
6272,4614.9985
6272,4713.935
6274,4575.0947
6274,5039.8623
6275,5190.0156
6275,4297.6343
6277,6691.077
6278,9428.263
6278,5913.5073
6278,4719.991
6278,4581.401
6279,6860.9434
6279,3765.2937
6279,5736.1807
6279,4614.9985
6279,6295.2666
6281,6197.575
6282,5248.737
6283,4279.218
6283,6259.658
6283,4263.629
6284,4937.237
6285,4664.202
6285,4566.3096
6286,5418.461
6286,4376.5728
6286,4376.5728
6288,4373.781
6288,4373.781
6288,4373.781
6288,6830.157
6288,6232.83
6288,4479.0337
6288,4327.64
6288,4327.64
6288,5976.558
6289,4322.491
6289,4373.781
6289,62218.727
6289,7444.5933
6289,7444.5933
6290,6366.4907
6290,4376.5728
6290,4330.3984
607,979.18805
607,979.18805
607,979.18805
607,1031.4492
607,964.6936
607,1051.554
607,1051.554
607,982.67816
607,1035.9894
607,1035.9894
607,1035.9894
607,881.99365
607,1005.8052
608,936.6727
608,936.6727
608,936.6727
608,1021.0127
608,1021.0127
608,1005.8998
608,1005.8998
608,1005.8998
608,1005.8998
608,908.38794
608,941.82104
608,848.9603
608,848.9603
608,848.9603
608,848.9603
608,787.7153
608,784.3355
6290,4376.5728
6290,4376.5728
6290,4260.8765
6290,4376.5728
6290,4330.3984
6290,4306.309
6290,4260.8765
6291,4012.7588
6291,6018.278
6291,9322.862
6291,3648.9575
6291,9322.862
6291,5642.4204
6292,5736.1807
6294,4130.0713
6294,6852.1406
6295,4098.791
6295,4098.791
6295,4098.791
6295,4098.791
6296,3925.9995
6296,4523.9043
6296,4460.2954
6296,4324.8423
6296,4324.8423
6296,4279.218
6299,6312.686
6299,5163.43
6299,10541.845
6300,5942.7524
6300,5768.2666
6300,5767.722
6300,12064.065
6300,6013.8247
6300,4363.001
6300,4363.001
6300,12375.696
6300,11936.815
6300,6006.109
6301,4145.168
6301,4404.314
6301,5653.3184
6302,5822.289
6302,5928.7114
6302,3716.3633
6303,5226.2456
6303,5138.025
6303,8816.811
6304,5002.7046
6306,4566.275
6306,7759.695
6306,9036.617
6307,6462.0654
6307,4617.945
6308,6224.8335
6309,5135.746
6310,4767.275
6311,4993.0986
6313,19658.807
6313,5183.3564
6315,4664.202
6315,28221.457
6315,4614.9985
6316,7549.7007
6316,4948.9253
6316,6870.3994
6317,5059.7847
6317,4127.405
6318,5432.392
6319,4279.218
6319,5096.89
6319,8084.7383
6320,5921.1045
6320,12186.138
6320,13611.964
6320,5469.213
6321,6295.2666
6321,6554.835
6321,5814.819
6322,5212.8433
6323,6576.553
6323,5425.422
6323,5425.422
6324,6873.4536
6324,5334.8774
6324,4673.176
6324,4436.575
6324,5612.1636
6325,4523.9043
6325,4476.1763
6326,4309.0913
6327,8403.623
6327,5728.28
6327,5435.86
6327,4236.7734
6328,34399.734
6328,6123.0874
6328,4684.28
6328,4324.8423
6328,4010.1682
6328,4324.8423
6330,4420.4175
6330,4327.64
6332,5870.4644
6332,4327.64
6333,4518.0996
6333,5636.3203
6333,4189.3677
6334,4284.7114
6334,5913.5073
6334,6339.211
6334,6406.7935
6335,4355.038
6335,5656.922
6335,4716.98
6335,4818.1064
6335,4818.1064
6335,4818.1064
6335,4767.275
6335,4355.038
6336,4863.7515
6337,5678.752
6337,8172.5874
6338,6646.6655
6338,3836.908
6339,6474.491
6340,4279.218
6340,4098.791
6340,5051.799
6340,9794.807
6340,6683.85
6342,4376.5728
6342,4670.1943
6342,4634.824
6342,12462.09
6342,9341.67
6343,7578.0103
6343,6682.492
6344,6753.7983
6344,5033.396
6344,4578.0156
6344,26151.586
6344,6753.7983
6346,4534.619
6346,4534.619
6346,28844.977
6346,28844.977
6346,4722.558
6347,5049.0815
6349,4306.309
6349,4306.309
6349,4171.447
6350,5895.733
6350,5572.7373
6350,5193.368
6350,12239.73
6350,6913.2456
6350,4473.2866
6350,5958.5884
6351,6612.002
6352,4234.071
6352,5890.775
6352,4279.218
6352,4324.8423
6352,4324.8423
6352,4189.3677
6352,5428.8853
6352,5455.1875
6353,4218.65
6353,4355.038
6353,4309.0913
6353,4355.038
6353,4098.791
6354,4627.297
6354,5752.931
6354,5888.1685
6354,5483.2695
6354,5801.08
6355,4623.8774
6355,4575.0947
6355,4673.176
6355,4575.0947
6355,4575.0947
6356,4189.3677
6356,6660.132
6357,36296.223
6359,4713.935
6360,3940.723
6360,4552.579
6360,4650.1777
6361,4670.1943
6361,9166.42
6362,6138.8296
6363,5514.4673
6363,4640.779
6364,8457.731
6366,4872.6206
6366,7263.2227
6366,4598.191
6366,6227.5947
6366,5087.103
6367,8891.557
6368,4309.0913
6368,8285.514
6368,7168.1714
6368,4311.838
6368,4311.838
6368,4968.024
6369,4885.149
6369,7167.4946
6369,3884.5781
6371,4676.636
6371,4627.297
6371,6006.109
6372,7283.6465
6372,5924.884
6373,5670.898
6373,6724.853
6375,9133.031
6377,4664.202
6377,29482.271
6377,30435.232
6377,4010.1682
6377,11363.884
6377,6907.4385
6377,4306.309
6377,4260.8765
6378,6194.7856
6379,5271.8276
6380,5612.1636
6381,5311.5156
6381,5605.0107
6382,4279.218
6383,6507.788
6383,7454.15
6384,9726.828
6386,3925.9995
6387,7262.5366
6387,5483.2695
6387,4937.237
6387,4989.875
6387,5425.422
6388,4779.532
6388,5541.7334
6389,3925.9995
6389,5196.678
6389,5030.185
6389,4546.742
6390,7377.709
6391,4598.191
6391,5408.0205
6393,4566.275
6393,11433.593
6394,8516.768
6396,6197.575
6396,6539.9653
6397,4537.5483
6397,8790.37
6397,13720.512
6397,6329.1997
6397,4498.773
6397,4924.575
6397,5664.238
6397,4423.273
6397,4145.168
6398,5160.6533
6398,5084.328
6399,4767.275
6399,4716.98
6399,4716.98
6399,4767.275
6399,4767.275
6399,5880.058
6399,4983.4727
6399,4532.5776
6399,4930.902
6400,4713.935
6400,7394.483
6401,6130.9536
6401,6571.687
6401,10067.153
6401,6090.2534
6403,8090.7705
6403,4875.731
6403,5756.609
6403,7100.2275
6403,6830.157
6405,4670.1943
6405,4557.963
6405,6807.2964
6405,6494.023
6406,4012.7588
6406,4012.7588
6406,6082.4453
6406,6081.8706
6407,4263.629
6409,5506.8716
6409,6999.0264
6410,4189.3677
6411,4382.196
608,776.05225
608,776.05225
608,776.05225
608,784.3355
608,776.05225
608,776.05225
608,776.05225
608,776.05225
608,767.8563
608,784.3355
608,784.3355
608,776.05225
608,776.05225
608,776.05225
608,776.05225
608,776.05225
608,776.05225
608,767.8563
608,776.05225
608,759.7469
608,767.8563
608,787.7153
608,787.7153
608,796.12286
608,787.7153
608,787.7153
608,779.396
608,787.7153
608,787.7153
608,787.7153
6411,4572.137
6412,4263.629
6412,4355.038
6412,6413.1274
6412,4566.275
6415,4726.055
6415,4676.1943
6415,6470.972
6416,4145.168
6416,4467.547
6416,4420.4175
6416,4327.64
6416,4373.781
6416,4420.4175
6416,4420.4175
6416,4467.547
6416,5636.3203
6416,5636.3203
6416,5636.3203
6416,4189.3677
6416,4145.168
6418,4189.3677
6418,4189.3677
6418,5736.1807
6419,5345.1816
6419,5829.769
6419,4479.0337
6419,5414.9683
6421,5913.5073
6421,7759.695
6423,5576.8584
6424,4284.7114
6424,4370.957
6424,6457.8877
6425,8310.508
6425,4818.1064
6426,4080.8372
6426,5513.3467
6429,5862.3784
6429,5141.3438
6430,6443.2446
6431,6326.393
6431,6353.6235
6432,4101.439
6435,4215.9224
6435,5984.236
6435,5992.4897
6435,5331.474
6435,6235.595
6436,12186.138
6437,3617.4358
6438,6177.739
6438,6576.553
6439,4696.7627
6439,4098.791
6439,4098.791
6439,4098.791
6439,5664.189
6440,5083.819
6440,5077.8047
6440,7312.4995
6440,6946.731
6441,5435.3154
6441,10399.28
6441,4355.038
6441,4434.1636
6441,4355.038
6442,6697.3857
6442,7302.372
6442,6434.37
6443,5962.437
6443,9890.834
6443,8403.623
6443,9416.167
6444,4265.488
6445,4614.9985
6445,5046.3374
6446,4327.64
6446,4420.4175
6447,5310.984
6448,5469.213
6449,5976.558
6449,4012.7588
6449,3925.9995
6449,5976.558
6449,4098.791
6449,6840.961
6449,5196.678
6449,5141.3438
6450,5304.7007
6451,3967.8628
6451,6055.8047
6451,6159.164
6451,5248.737
6451,5883.8115
6451,3967.8628
6451,5720.93
6453,5132.47
6453,4479.0337
6455,6913.9443
6455,9714.433
6456,6583.664
6458,5545.3135
6458,3739.1858
6458,4719.991
6458,4376.5728
6458,6990.0464
6458,8237.762
6458,10503.446
6458,9416.167
6458,5767.1006
6459,5954.793
6459,5954.793
6459,5862.932
6459,5093.5996
6460,5163.43
6460,5033.396
6462,4821.2188
6462,4260.8765
6463,7158.3057
6464,7234.626
6464,6428.9653
6465,4171.447
6465,4306.309
6465,4306.309
6466,4322.491
6467,4667.1797
6468,4595.2183
6468,4595.2183
6468,5518.0293
6468,4324.8423
6468,4324.8423
6468,7662.2026
6468,5953.589
6468,4324.8423
6469,5862.932
6469,5862.932
6470,4676.636
6470,8014.84
6470,4916.075
6470,4676.636
6471,4673.176
6471,4623.8774
6471,4673.176
6471,4623.8774
6471,4623.8774
6471,5304.7007
6472,6181.682
6473,7787.2095
6474,12194.009
6476,6048.0405
6477,4756.0107
6477,9462.73
6477,7293.0034
6478,6346.0713
6479,4470.4326
6479,4566.275
6479,4470.4326
6479,4518.0996
6479,4423.273
6479,4566.275
6479,4604.059
6479,4549.64
6480,4767.275
6480,4881.995
6480,6563.2554
6480,7078.218
6482,6425.508
6483,4476.1763
6484,6282.5376
6484,4617.945
6485,5304.7007
6486,4473.2866
6486,4473.2866
6486,4379.4
6487,4501.645
6487,5696.416
6488,4818.1064
6488,4767.275
6488,4355.4453
6488,5789.35
6492,5976.558
6492,5566.1074
6492,5507.3916
6494,5720.93
6494,6957.062
6494,11605.225
6494,6194.7856
6495,7724.869
6497,5168.2983
6499,4309.0913
6499,4355.038
6499,4355.038
6499,4263.629
6499,4355.038
6499,4263.629
6499,4355.038
6499,4355.038
6499,4401.4707
6499,4189.3677
6500,5636.3203
6500,5331.474
6501,4467.547
6501,4439.4414
6502,5781.9277
6502,7906.454
6503,32175.453
6503,6404.8994
6503,5157.848
6504,4401.4707
6504,5256.5127
6504,4830.4897
6504,5801.08
6504,4098.791
6504,4830.4897
6505,4451.276
6505,5364.7246
6505,7326.567
6505,7051.0156
6505,7051.0156
6509,7144.5063
6509,4263.629
6509,5065.304
6509,6362.381
6509,4566.275
6509,6173.751
6511,9624.22
6511,10290.551
6511,8516.768
6512,5304.7007
6512,4098.791
6512,5176.706
6512,10054.237
6512,230126.06
6513,6330.4795
6513,4359.7476
6516,4767.275
6516,4767.275
6516,4818.1064
6516,4098.791
6517,4767.275
6517,4716.98
6517,6157.919
6518,4664.202
6518,5304.7007
6518,6130.9536
6520,8448.476
6521,4324.8423
6521,21551.348
6522,4767.275
6522,4767.275
6522,4767.275
6522,4716.98
6523,8332.652
6525,4575.0947
6525,5328.0327
6526,6036.4277
6526,5660.581
6526,5660.581
6527,4629.818
6529,4376.5728
6529,4355.038
6529,4309.0913
6529,4309.0913
6529,4263.629
6529,6216.26
6530,4776.4424
6530,5728.8643
6530,6445.494
6531,5506.8716
6532,5886.9775
6532,4726.055
6532,4726.055
6532,4776.4424
6532,5075.0444
6532,6470.972
6532,4726.055
6532,30095.016
6532,4726.055
6533,4373.781
6533,4420.4175
6533,4420.4175
6533,4420.4175
6533,4420.4175
6533,4467.547
6533,4420.4175
6533,4373.781
6534,4989.875
6534,4937.237
6534,6724.853
6534,5046.3374
6535,41381.5
6535,4555.9155
6535,5358.347
6537,6228.8545
6539,4501.645
6539,4501.645
6539,5759.7007
6539,5759.7007
6540,4373.781
608,787.7153
608,779.396
608,787.7153
608,787.7153
608,787.7153
608,787.7153
608,787.7153
608,779.396
608,1088.7571
608,787.7153
608,1077.2542
608,1105.819
608,1117.6176
608,1105.819
608,945.6443
608,1117.6176
608,1094.1449
608,955.73535
608,1094.1449
608,1117.6176
608,1105.819
608,1117.6176
608,1094.1449
608,945.6443
608,1094.1449
608,1332.425
608,1114.369
609,945.6443
609,1122.1536
609,1223.1763
6541,5372.1187
6541,7548.1743
6541,4601.122
6541,5541.7334
6542,4376.5728
6542,5545.3135
6542,7436.5454
6542,5968.8896
6543,4521.0186
6543,4667.1797
6543,8595.592
6543,7886.179
6544,6865.316
6544,9836.88
6545,4773.4
6545,6194.2065
6545,5980.4185
6546,5132.47
6546,8015.7036
6546,5921.1045
6546,7381.714
6547,5636.3203
6548,4572.137
6548,6413.1274
6549,3075.6194
6549,5785.6626
6552,6146.7104
6552,4767.275
6552,9941.83
6552,4546.742
6552,4260.8765
6552,10047.814
6552,4215.9224
6554,11686.218
6557,5507.3916
6557,7994.287
6557,4281.9453
6558,5900.093
6558,5334.8774
6558,4598.1514
6558,4673.176
6559,5552.4375
6559,7088.7036
6559,6040.281
6559,7302.372
6560,4530.144
6561,4776.4424
6561,5170.064
6561,5271.8276
6562,4473.2866
6562,4705.799
6562,6243.606
6563,5196.163
6563,5894.5405
6563,4498.7344
6563,5523.9956
6563,5141.3438
6564,4330.3984
6564,5866.719
6564,40971.484
6565,7078.218
6565,5513.3467
6566,5308.1274
6566,6264.2935
6566,7348.655
6566,5364.7246
6566,5364.7246
6568,4684.28
6569,4101.439
6569,5193.368
6569,5304.7007
6569,5304.7007
6570,5132.47
6573,6613.339
6573,5364.7246
6573,5421.925
6573,7137.45
6577,4767.275
6577,6018.278
6577,6683.85
6578,5304.7007
6579,7760.4204
6579,4942.575
6579,6534.472
6580,6251.627
6580,6251.627
6580,6449.6084
6580,4872.6206
6580,4924.575
6580,6078.565
6580,4370.957
6581,6026.5728
6581,7234.626
6582,4872.6206
6582,4523.9043
6583,6613.9634
6583,7234.626
6586,5696.416
6586,4776.4424
6586,5720.93
6586,4916.075
6586,4473.2866
6586,5202.8335
6587,4420.4175
6587,4098.791
6587,5635.1807
6588,6389.7666
6588,6389.7666
6588,5304.7007
6588,5248.737
6588,6457.8877
6589,4376.5728
6589,4330.3984
6589,5500.3257
6591,4189.3677
6592,4830.4897
6592,26447.451
6593,4993.0986
6593,4993.0986
6595,6251.627
6595,4806.718
6596,13157.776
6597,8752.705
6597,5310.984
6597,34355.605
6597,34355.605
6597,5632.15
6597,5548.853
6597,4470.4326
6597,4566.275
6597,9948.167
6597,4518.0996
6598,4373.781
6600,4764.1978
6600,4713.935
6600,4664.202
6600,4713.935
6600,4713.935
6600,4664.202
6600,4713.935
6600,4664.202
6602,6216.26
6602,6825.8003
6602,6282.5376
6603,7003.547
6604,4473.2866
6604,4473.2866
6604,6235.595
6604,7601.581
6604,4473.2866
6606,4620.9277
6606,4260.8765
6606,4818.1064
6606,4716.98
6606,4818.1064
6606,4818.1064
6606,4818.1064
6607,6186.2593
6607,7130.7886
6607,4242.6133
6607,3075.6194
6608,6449.6084
6608,5888.1685
6608,4324.8423
6608,4324.8423
6609,7643.3853
6610,4912.9395
6610,5163.43
6611,6470.972
6612,4010.1682
6612,4872.6206
6612,5520.9985
6613,4309.0913
6613,4309.0913
6613,4432.1973
6613,4263.629
6614,4566.275
6614,7488.455
6616,5279.0938
6617,7137.45
6617,4376.5728
6617,4881.995
6617,5664.189
6618,4355.038
6618,4309.0913
6618,4355.038
6618,4355.038
6618,4401.4707
6618,4263.629
6618,4401.4707
6618,4355.038
6618,4355.038
6618,4355.038
6618,4098.791
6619,4279.218
6619,6972.128
6619,4630.251
6619,5388.3203
6619,4194.75
6620,5421.925
6620,5483.2695
6621,5064.7827
6622,4767.275
6622,4404.314
6623,5698.9434
6623,5312.5596
6625,5667.848
6626,4647.2153
6626,4518.0996
6626,6730.5063
6626,6052.519
6627,4878.881
6628,4549.64
6628,4501.645
6628,7984.891
6628,4996.2856
6628,4376.5728
6629,5421.925
6629,10650.587
6630,8736.774
6630,4838.8413
6630,4916.075
6632,22345.975
6632,4470.4326
6632,4309.0913
6632,4699.7607
6633,7423.711
6635,6181.682
6635,8841.257
6636,13423.915
6636,6972.128
6638,4530.144
6639,5232.96
6639,5612.1636
6639,9691.407
6640,9428.263
6640,5364.7246
6640,4324.8423
6640,4324.8423
6642,4215.9224
6643,4809.7905
6644,5328.0327
6644,4623.8774
6644,4623.8774
6645,4281.9453
6646,7243.92
6648,4189.3677
6648,4189.3677
6648,4673.176
6649,4373.781
6651,5003.2153
6651,4598.191
6652,5212.8433
6652,5494.3794
6652,4518.0996
6652,4580.4746
6653,6030.471
6653,43747.582
6653,4937.237
6653,6259.658
6653,6653.9097
6653,4962.156
6653,4937.237
6653,6796.5527
6653,4989.875
6653,4989.875
6654,5541.7334
6654,5552.4375
6656,5913.5073
6657,6620.496
6659,4470.4326
6659,4598.1514
6659,4549.64
6659,9453.466
6659,6441.3335
6659,6373.3804
6660,4572.137
6660,7548.1743
6661,5917.282
6661,6322.9546
6661,5372.1187
6662,4906.6357
6662,8941.29
6662,8941.29
6662,5573.2583
6662,4521.0186
6662,4667.1797
6663,4806.718
6663,4806.718
6663,4098.791
6664,6194.2065
6664,5984.236
6664,4835.718
6665,6044.1826
6666,5636.3203
6666,4767.275
6666,4767.275
6666,4767.275
6666,4716.98
6666,4716.98
420,721.1652
420,790.59796
421,810.8434
421,746.49945
421,705.55493
421,705.55493
421,705.55493
421,913.8725
421,757.71893
421,757.71893
421,757.71893
421,703.88617
421,725.742
421,688.2099
421,725.742
421,786.1208
421,830.0577
421,743.77734
421,725.742
421,718.0764
421,743.77734
421,741.3185
421,725.742
421,751.71655
421,725.742
421,733.48895
421,838.91656
421,718.0764
421,830.0577
421,875.3144
609,946.5791
609,938.4759
609,938.4759
609,938.4759
609,828.0881
609,880.86096
609,880.86096
609,880.86096
610,1100.3737
610,1108.0605
610,918.16864
610,988.27295
610,912.9699
610,912.9699
610,810.1666
610,783.25433
610,791.6144
610,1181.6865
610,1169.2123
610,1194.2938
611,1013.9291
611,1089.3496
611,1089.3496
611,927.19995
611,843.31964
611,927.19995
611,825.60236
611,838.00916
611,947.09436
612,1114.369
6666,4818.1064
6666,4767.275
6666,5696.416
6666,5636.3203
6666,5660.581
6667,4572.137
6668,7714.966
6669,5771.3706
6669,4309.0913
6669,4601.122
6670,4676.636
6670,7135.34
6670,5173.892
6670,4676.636
6670,4888.267
6671,8107.1626
6672,4467.547
6672,4401.4707
6672,6905.7324
6673,5700.0957
6673,4930.902
6674,4420.4175
6674,5894.5405
6674,3753.9463
6675,5304.7007
6676,7463.7256
6677,6869.7573
6678,5768.8115
6679,4696.7627
6680,3990.809
6680,8699.34
6681,5275.233
6681,5664.189
6682,5894.5405
6683,4498.7344
6683,5157.848
6683,5212.8433
6683,4451.276
6683,4451.276
6683,4498.7344
6684,5700.0957
6685,4870.92
6685,7078.218
6686,5728.28
6686,6059.7163
6686,31087.85
6687,8332.652
6689,4173.2617
6689,5075.0444
6691,5736.1807
6691,5736.1807
6692,4770.314
6692,4644.2153
6694,5227.2676
6694,4404.314
6694,7294.478
6695,5976.558
6697,4818.1064
6698,4837.148
6699,4215.9224
6701,4279.218
6701,6251.627
6701,6318.276
6702,9138.86
6702,4575.527
6702,4420.4175
6702,4947.7026
6703,6724.853
6703,5286.4155
6704,5913.5073
6704,4977.0786
6706,4776.4424
6707,4806.718
6707,4420.4175
6708,6306.1504
6708,5324.6387
6708,6800.943
6708,4626.8643
6708,5760.871
6709,4330.3984
6709,4376.5728
6709,4330.3984
6710,7288.358
6710,5518.0293
6710,5760.871
6710,5760.871
6712,8101.1646
6713,5988.661
6713,5679.3315
6713,5046.3374
6713,5100.1436
6713,5046.3374
6713,5046.3374
6714,4373.781
6714,4767.275
6714,6502.973
6715,6048.0405
6716,5374.502
6716,10849.976
6717,8368.51
6719,4696.7627
6720,4713.935
6720,4713.935
6720,10263.204
6720,10372.613
6720,6014.4443
6720,4713.935
6720,4764.1978
6720,4764.1978
6720,4713.935
6720,4713.935
6720,4713.935
6720,4764.1978
6720,6052.519
6722,5760.871
6726,6544.19
6727,6052.519
6727,8892.464
6727,5421.925
6727,5541.7334
6727,4260.8765
6727,9807.305
6727,4620.9277
6728,4572.137
6728,4572.137
6729,5728.28
6730,4965.323
6730,4965.323
6730,7807.2295
6731,8457.731
6732,4664.202
6732,4872.6206
6732,4977.0786
6733,4558.859
6733,4906.6357
6733,6453.7744
6733,6453.7744
6733,5639.3535
6734,4098.791
6734,4098.791
6734,4566.275
6736,4630.286
6737,7062.161
6737,5642.4204
6738,5196.163
6738,4357.847
6738,6592.1216
6740,6972.128
6741,5071.2896
6741,5781.9277
6742,8090.7705
6742,6796.5527
6742,5304.7007
6743,3925.9995
6743,5520.4297
6743,5361.3022
6743,5271.8276
6745,5700.0957
6745,5083.819
6745,8602.014
6746,7759.695
6748,6056.423
6748,4479.4907
6749,4549.64
6749,4549.64
6750,6194.7856
6750,7759.695
6750,7926.025
6750,6108.626
6750,5664.189
6751,4840.2773
6751,4667.1797
6751,9177.197
6751,7096.4087
6752,4872.6206
6753,32134.176
6753,4996.2856
6754,5996.355
6754,4767.275
6754,6655.204
6754,7507.707
6754,7022.216
6755,6568.115
6755,6293.988
6756,9481.893
6757,13423.915
6758,6462.0654
6758,4609.974
6759,4355.038
6759,4263.629
6759,4598.191
6760,6457.8877
6762,6159.164
6762,5083.819
6762,4872.6206
6762,7144.5063
6762,5781.9277
6763,5801.08
6763,5739.8857
6763,8469.3955
6763,6470.367
6765,5524.5176
6766,5305.743
6766,4702.797
6766,5760.322
6768,5774.5093
6768,4670.6357
6769,4776.4424
6770,4373.781
6770,9316.845
6770,9218.561
6771,4767.275
6772,5106.696
6773,4012.7588
6773,4373.781
6773,8015.7036
6773,4376.5728
6773,4518.0996
6774,6235.595
6774,5157.848
6774,5612.1636
6774,5212.8433
6774,5212.8433
6776,4614.9985
6776,5803.654
6776,5483.2695
6776,5138.025
6776,5083.819
6776,5541.7334
6777,4558.859
6777,4676.1943
6777,4309.0913
6777,5976.558
6779,4623.8774
6779,7777.226
6779,7895.5645
6779,5129.1567
6780,4912.9395
6781,5456.2905
6781,7643.3853
6782,4719.991
6783,5731.98
6783,4958.9526
6783,5854.857
6783,5917.282
6784,6252.2114
6785,5310.984
6785,4800.5547
6785,6181.682
6786,4192.0737
6787,4818.1064
6787,4869.475
6787,4767.275
6787,4818.1064
6787,4818.1064
6787,4767.275
6787,4767.275
6787,4373.781
6787,4355.038
6787,4818.1064
6787,4467.547
6787,4467.547
6787,4467.547
6788,13265.282
6788,10958.656
6788,5106.696
6789,7381.714
6790,7714.966
6791,6563.2554
6793,10406.9795
6793,7142.0674
6793,5018.261
6793,5765.1313
6793,4281.9453
6793,5743.5444
6793,6014.4443
6793,9258.159
6794,5196.163
6794,4647.2153
6794,4401.4707
6794,4401.4707
6794,4467.547
6795,4309.0913
6796,4189.3677
6796,21324.016
6797,5642.996
6797,4432.1973
6797,4432.1973
6798,9218.561
6800,5642.4204
6801,4266.7534
6803,5202.8335
6803,5331.474
6804,4370.957
6804,4931.866
6804,8059.6772
6805,8170.935
6805,8935.519
6806,6983.1494
6806,6909.488
612,1196.7152
612,1009.48505
612,1021.47186
612,1179.004
612,1044.2587
612,1138.275
612,1077.2542
612,1015.88086
612,1015.88086
612,1015.88086
612,1015.88086
612,788.1441
612,1043.3873
612,1043.3873
612,776.47473
612,776.47473
612,1271.5748
612,975.8603
612,965.55695
612,844.2328
612,835.3178
612,835.3178
612,835.3178
612,835.3178
612,844.2328
612,826.4968
612,835.3178
612,835.3178
612,835.3178
612,996.8057
6806,8511.2705
6806,4869.475
6806,4192.0737
6807,3945.786
6808,4773.4
6808,5728.28
6809,6724.853
6809,4572.137
6809,4376.5728
6809,4667.1797
6810,5324.6387
6810,6193.6216
6810,4875.731
6810,13883.209
6811,8129.967
6813,13183.074
6814,6527.4077
6814,4601.122
6814,5988.661
6814,6117.0454
6814,5607.449
6814,7127.6265
6814,4770.314
6814,6621.172
6814,4650.1777
6816,4872.6206
6816,9322.862
6817,40034.383
6817,5580.4185
6817,5580.4185
6818,4527.2544
6818,4476.1763
6818,4279.218
6819,8736.774
6819,6836.5967
6819,5456.2905
6821,17601.277
6822,5746.0977
6822,4955.789
6822,6033.751
6823,4878.881
6825,4696.7627
6825,4647.2153
6826,5463.3003
6826,4098.791
6827,5132.47
6827,5251.5615
6828,4934.087
6828,5902.108
6830,8649.27
6830,5310.984
6830,3512.7437
6831,5449.29
6831,7263.2227
6831,4699.7607
6833,4407.1255
6833,6413.1274
6833,5576.8584
6833,7366.058
6834,6252.2114
6834,4366.2065
6837,5395.752
6837,4473.2866
6837,4646.741
6837,6048.0405
6838,6224.8335
6838,5374.502
6838,9794.807
6838,9794.807
6840,7528.8184
6841,4279.218
6841,4234.071
6843,4676.636
6843,4716.98
6843,4818.1064
6843,4578.483
6843,4627.297
6843,4676.636
6844,4263.194
6846,4309.0913
6846,9218.561
6847,15899.739
6848,5954.793
6848,5829.185
6849,5760.871
6849,5401.0815
6850,6151.2617
6851,8516.768
6851,8607.57
6851,8699.34
6852,5029.6763
6853,4857.9697
6854,4977.0786
6854,4924.575
6854,4924.575
6854,27905.746
6855,6264.2935
6855,4098.791
6856,5920.4604
6856,5053.2974
6856,6381.5684
6856,5242.4976
6857,5100.1436
6857,4498.7344
6857,7325.0854
6857,6535.1826
6857,13765.968
6858,6181.682
6858,5681.8076
6859,4764.1978
6860,9333.823
6860,50978.75
6860,4713.935
6861,6800.943
6861,4404.314
6863,5500.3257
6863,4806.718
6863,4945.768
6863,5046.852
6864,4598.1514
6865,5202.8335
6867,4215.9224
6867,6512.6006
6867,5789.35
6868,5138.025
6870,5576.8584
6870,102850.69
6871,6056.423
6871,4764.1978
6871,6120.9966
6871,4764.1978
6872,4711.3726
6872,6169.8125
6872,4955.283
6873,6646.6655
6874,6385.6963
6874,6805.284
6875,7417.4756
6875,4664.202
6876,5421.925
6877,6760.108
6881,5083.819
6882,4355.038
6882,4263.629
6882,4355.038
6883,4595.2183
6884,7101.663
6884,4848.151
6885,6987.66
6885,5412.025
6887,7020.7964
6887,5700.0957
6887,17471.676
6887,5862.932
6887,5862.932
6887,6514.216
6888,6108.626
6888,9276.916
6889,4621.36
6889,7066.002
6890,4572.137
6890,5362.315
6890,8841.257
6891,5328.0327
6892,4322.491
6892,5308.1274
6892,6116.468
6894,8886.725
6895,6310.1694
6896,6293.988
6897,8704.951
6899,13918.9
6899,4324.8423
6900,4420.4175
6901,13745.528
6902,4667.1797
6903,4623.8774
6904,6708.28
6905,5196.163
6905,5196.163
6905,4309.0913
6905,4881.995
6905,8742.427
6906,4101.439
6906,4830.4897
6906,6147.3438
6906,4719.991
6907,4160.324
6908,4719.991
6909,5367.606
6909,6108.626
6909,5310.984
6910,4595.2183
6911,4470.4326
6911,6720.5117
6912,5141.3438
6912,13265.282
6913,4598.1514
6914,4473.2866
6914,8736.774
6915,4872.6206
6915,5957.991
6915,12914.663
6915,7109.3486
6917,6507.174
6917,5018.261
6917,5826.6
6918,5597.771
6918,7228.163
6921,6576.553
6921,6576.553
6922,7185.1475
6922,11810.908
6922,4667.1797
6922,5033.396
6922,4667.1797
6923,4420.4175
6925,5562.557
6925,5503.8784
6926,5365.226
6927,4279.218
6927,14220.125
6928,8296.047
6929,6473.843
6930,5258.308
6931,4192.0737
6931,4776.4424
6931,6909.488
6931,6983.1494
6932,6514.216
6932,4355.038
6932,4990.3843
6933,4875.731
6934,5242.4976
6934,5888.1685
6934,13727.894
6935,8398.19
6936,9145.627
6936,4803.619
6936,4752.9404
6936,4309.0913
6936,8216.638
6937,5083.819
6937,6990.76
6937,4098.791
6939,4989.875
6942,8607.57
6942,6641.089
6944,4373.781
6944,6354.2236
6944,5514.4673
6945,4765.6064
6946,6251.627
6947,4930.902
6947,5950.943
6951,5245.884
6951,4780.4307
6951,5187.1943
6951,4401.4707
6951,4401.4707
6953,4993.0986
6954,5219.54
6955,6169.8125
6955,4376.5728
6955,5507.3916
6956,4767.275
6956,5696.416
6956,4869.475
6957,4279.218
6957,6018.278
6958,5909.69
6958,4614.9985
6958,5789.35
6960,5534.623
6961,7101.663
6961,5426.447
6962,16670.812
6962,4453.697
6962,5395.752
6962,6151.2617
6962,6350.1646
6962,6085.1436
6963,7377.709
6963,7222.877
6963,8408.979
6963,6946.731
6964,4098.791
6965,7528.8184
6966,10201.661
6966,8935.519
6968,4676.636
6968,4869.475
6968,4498.7344
6968,5304.7007
6968,4627.297
6968,4716.98
6968,15565.967
6968,4818.1064
6969,5565.582
6969,8611.389
612,1018.1925
612,1018.1925
612,986.28143
612,835.3178
612,788.72833
612,788.72833
612,800.5813
612,800.5813
612,975.8603
612,965.55695
612,965.55695
612,965.55695
612,965.55695
612,965.55695
612,945.27466
612,975.8603
612,835.3178
612,835.3178
612,844.2328
612,844.2328
612,1018.1925
612,1018.1925
612,1018.1925
612,986.28143
612,1018.1925
612,1018.1925
612,1018.1925
612,1036.916
612,844.2328
612,844.2328
6969,6653.9097
6969,7206.8154
6970,4171.021
6971,17329.95
6971,12753.799
6972,4989.875
6973,6120.9966
6973,6169.8125
6973,7843.9004
6974,5310.984
6974,5891.337
6974,5760.871
6975,4627.297
6976,8699.34
6976,8607.57
6976,8426.932
6979,9416.167
6980,8107.1626
6980,4815.9653
6980,4815.9653
6981,4473.2866
6981,4281.9453
6981,5920.4604
6982,9347.704
6982,5075.0444
6982,5075.0444
6982,5100.1436
6984,5358.347
6985,6169.8125
6987,8421.483
6987,5324.6387
6987,8421.483
6987,6861.5845
6988,10916.532
6989,4260.8765
6989,6910.134
6989,4260.8765
6989,4764.1978
6990,5209.5176
6990,13323.621
6994,6310.1694
6996,5119.308
6996,8941.29
6996,7408.7646
6996,4650.1777
6997,5119.308
6997,5545.3135
6998,4912.9395
6998,5141.3438
6999,6646.6655
6999,4696.7627
6999,5307.555
6999,4647.2153
6999,4746.8423
6999,5141.3438
7000,6805.284
7000,6453.7744
7001,5196.163
7001,4696.7627
7001,4990.3843
7002,8583.762
7002,5008.63
7002,6159.7456
7003,4806.718
7003,6135.4873
7005,6666.71
7006,46621.734
7006,4465.118
7006,8537.735
7007,4810.2817
7010,4702.797
7013,4869.475
7014,4467.547
7015,5122.5757
7016,7621.124
7016,4882.493
7016,5328.0327
7017,4746.8423
7018,6396.6816
7018,9624.22
7019,5144.6255
7019,38273.125
7021,4309.0913
7022,4937.237
7022,8704.951
7023,7454.15
7024,26168.477
7025,4824.292
7025,6684.4814
7026,31127.781
7026,5030.185
7026,4566.275
7027,4803.619
7028,4473.2866
7031,6402.7124
7032,5251.5615
7032,5251.5615
7032,5914.066
7032,4830.4897
7034,8699.34
7035,4770.314
7036,6457.8877
7037,4566.275
7037,4373.781
7037,5736.1807
7037,4803.619
7037,8314.908
7037,6720.5117
7038,4922.391
7039,5119.308
7040,5368.697
7041,6021.516
7042,5664.767
7042,5445.772
7042,6260.2437
7044,4376.5728
7044,8583.762
7047,5144.6255
7047,6147.3438
7047,6252.2114
7049,4552.579
7049,4601.122
7050,5667.848
7051,5503.8784
7054,6600.5903
7055,5046.3374
7055,5546.3555
7055,4498.7344
7056,5984.236
7056,10836.149
7056,4644.2153
7056,4644.2153
7056,4644.2153
7056,4644.2153
7056,4797.4556
7056,5258.308
7056,10836.149
7056,4693.7305
7056,11186.429
7056,8639.029
7058,7311.753
7059,4401.4707
7059,6793.539
7059,4996.2856
7059,4990.3843
7059,6514.216
7059,4355.038
7062,4420.4175
7062,9145.627
7063,4752.9404
7063,4803.619
7064,4281.9453
7064,6990.76
7066,6424.8154
7066,11160.001
7066,11160.001
7068,4749.9087
7068,13720.512
7068,4676.636
7069,5018.261
7069,47682.594
7070,4473.2866
7072,4324.8423
7072,5576.8584
7072,10194.114
7072,5696.416
7072,5696.416
7074,5689.102
7074,5629.089
7074,4989.875
7074,6869.0103
7075,4983.4727
7076,5692.782
7076,4916.113
7076,13289.457
7077,4498.7344
7078,4566.275
7078,5242.4976
7079,5317.807
7079,6793.539
7079,4696.7627
7079,6026.5728
7079,4652.7065
7079,4652.7065
7079,4652.7065
7079,5388.3203
7079,8191.942
7079,5151.235
7079,5388.3203
7080,6335.765
7080,7558.5776
7080,10187.621
7081,4881.995
7083,5344.6465
7084,5714.713
7084,7648.2563
7085,7175.9287
7086,6614.5884
7086,8269.55
7087,6366.4907
7087,7166.722
7088,7047.8823
7088,7020.7964
7089,16848.54
7089,6018.278
7090,7377.709
7090,7222.877
7090,8408.979
7091,5514.9824
7091,4903.4683
7092,6605.478
7092,6535.7935
7092,6939.221
7092,6105.3
7093,7016.318
7094,4767.275
7094,6186.2593
7094,5119.308
7094,10201.661
7094,6382.2197
7094,7979.7446
7096,5031.1636
7096,5062.0293
7096,6653.9097
7096,8611.389
7098,4373.781
7098,10154.938
7098,10263.204
7098,9121.313
7098,6784.8228
7098,6713.2466
7099,5445.772
7100,13987.715
7100,4755.5254
7101,5367.606
7102,5428.3413
7102,6163.1484
7103,10601.809
7104,7335.979
7105,6322.9546
7106,6177.739
7106,6428.9653
7106,7734.793
7107,4696.7627
7107,6704.0005
7108,5636.8525
7108,10836.056
7109,5100.1436
7109,9447.364
7109,6318.276
7110,5206.155
7111,5736.1807
7111,5358.347
7113,5700.0957
7113,5689.102
7114,5030.185
7114,6625.3984
7114,4644.2153
7114,4306.309
7115,5381.4067
7117,6910.134
7118,5354.9287
7118,5825.422
7119,6750.8037
7119,4598.1514
7119,4598.1514
7120,3833.7065
7122,4797.4556
7123,5374.502
7123,13618.002
7123,5483.787
7125,6650.9653
7125,8607.57
7125,6051.9414
7126,7144.5063
7127,4746.8423
7127,4696.7627
7127,5307.555
7127,5065.304
7127,5196.163
7127,4746.8423
7128,8171.816
7128,5689.102
7129,4451.276
7129,4498.7344
7130,6082.4453
7130,4857.9697
7130,4857.9697
7130,8583.762
7130,6010.556
7131,4418.0146
7131,49812.816
7132,4806.718
7133,6666.71
7134,6159.7456
7134,4810.2817
7135,4373.781
7136,8607.57
7136,5395.752
7137,4627.297
612,844.2328
612,844.2328
612,835.3178
612,1018.1925
612,976.24976
612,997.1955
613,1068.0421
613,1068.0421
613,905.16144
613,1039.0186
613,852.31995
613,852.31995
613,852.31995
613,852.31995
613,852.31995
613,1119.0543
613,1056.7665
613,1133.8059
613,845.86505
613,1133.8059
614,959.8528
614,959.8528
614,959.8528
614,959.8528
614,1066.6708
614,959.2322
614,973.64465
614,1088.6459
614,1024.6512
614,933.76605
7137,4578.483
7137,4578.483
7137,5011.8223
7137,5880.6133
7139,8736.774
7139,9717.314
7140,5328.0327
7140,8639.029
7140,13375.02
7140,9179.054
7141,6803.5967
7142,5760.871
7143,7180.564
7143,7066.73
7144,11189.736
7145,4343.459
7145,10489.971
7145,6285.9126
7145,9582.983
7146,5083.819
7146,8410.68
7147,7123.0796
7147,5859.192
7147,5328.0327
7148,6943.651
7149,5796.207
7150,4921.8984
7150,8547.904
7151,5271.8276
7152,7065.2944
7152,6256.256
7152,5797.385
7153,6285.9126
7153,6861.5845
7154,4824.292
7154,13644.303
7154,6995.222
7154,10379.323
7155,9751.834
7155,6244.19
7155,4803.619
7155,10576.761
7157,7871.8257
7157,8325.582
7159,5328.0327
7160,4572.137
7161,9218.561
7161,9316.845
7161,13600.531
7162,8829.923
7162,6326.393
7162,8516.768
7162,6805.284
7163,4527.2544
7163,6822.7803
7164,4260.8765
7167,4726.4966
7168,4912.9395
7168,4764.1978
7168,4713.935
7168,4713.935
7168,4324.8423
7171,6973.538
7171,5445.772
7171,5725.166
7173,6852.1406
7174,5324.6387
7175,5449.29
7175,4566.275
7175,5604.963
7175,5144.6255
7176,6498.825
7177,4527.2544
7177,8947.91
7177,8947.91
7177,9043.309
7177,4764.1978
7177,4693.7305
7177,4552.579
7177,5954.793
7178,4401.4707
7179,4309.0913
7179,4098.791
7179,4098.791
7179,4401.4707
7179,5500.3257
7181,5992.4897
7181,5984.8013
7182,12192.683
7182,6952.631
7182,5917.282
7186,6943.651
7186,9932.021
7187,4776.4424
7187,9416.167
7187,9121.313
7188,10750.419
7188,4627.297
7189,6604.854
7190,5551.839
7190,11436.984
7190,4955.789
7190,5696.416
7191,7329.81
7192,5033.396
7192,4498.7344
7193,5194.344
7193,5212.8433
7195,4767.275
7196,6120.9966
7197,4851.7407
7197,13720.512
7197,4749.9087
7197,4749.9087
7197,8660.372
7198,4869.475
7198,5018.261
7198,5018.261
7199,5445.772
7200,5030.185
7201,5764.587
7203,6946.731
7203,5308.1274
7203,5689.102
7203,8559.685
7203,5629.089
7204,4595.2183
7204,6973.538
7204,4987.163
7204,26430.355
7207,5015.065
7207,6799.2046
7207,9145.627
7207,9082.231
7208,11193.654
7208,4841.93
7209,6793.539
7209,4797.4556
7210,6022.165
7211,8547.904
7211,9794.807
7211,4598.1514
7213,6641.089
7213,7648.2563
7214,9625.212
7214,4592.72
7215,4527.2544
7215,9092.052
7215,7175.9287
7216,10047.814
7216,5855.4097
7216,7166.722
7217,7047.8823
7218,6904.3755
7218,5642.4204
7219,6568.115
7219,6638.1377
7220,5392.8193
7220,5667.2373
7222,5018.261
7222,6605.478
7222,6675.905
7222,6675.905
7223,4306.309
7223,6186.2593
7225,8248.345
7226,4627.297
7226,54907.19
7226,5321.7446
7227,6220.8623
7227,4881.995
7229,4467.547
7229,13987.715
7230,9269.124
7230,4632.7427
7230,6592.1216
7231,7020.7964
7232,5412.025
7233,9282.907
7233,4906.6357
7233,8969.938
7234,5065.304
7234,4627.297
7234,4627.297
7234,4627.297
7235,9624.22
7235,5696.416
7235,14424.375
7235,4840.7344
7236,5822.289
7236,6438.5264
7238,5321.201
7239,7717.255
7239,8797.759
7240,4420.4175
7240,5551.839
7240,4869.475
7240,11075.49
7240,4818.1064
7240,4818.1064
7240,4797.4556
7242,4527.2544
7243,6208.8706
7243,5689.102
7244,8918.362
7244,4644.2153
7244,4824.292
7245,10080.076
7246,6120.9966
7246,6287.1895
7247,4803.619
7250,5377.979
7250,5822.289
7250,13375.02
7251,5291.637
7253,5232.4307
7253,8731.135
7255,8699.34
7255,4572.137
7255,11494.703
7255,5847.897
7256,9636.583
7256,6434.9775
7257,6373.3804
7257,5310.984
7257,4800.5547
7257,54363.113
7258,4373.781
7258,6143.3696
7258,6143.3696
7258,30095.016
7258,8511.2705
7260,5062.0293
7260,4527.2544
7260,4955.789
7260,7581.3794
7260,6082.4453
7260,6082.4453
7262,7100.2275
7262,4401.4707
7266,8639.029
7267,5279.0938
7267,4627.297
7270,14281.327
7270,6750.8037
7270,4803.619
7272,5324.6387
7272,12594.938
7273,6078.565
7273,5309.13
7273,14733.545
7274,7257.1216
7274,6796.5527
7275,5374.502
7275,4673.176
7275,4673.176
7275,5431.8066
7275,5873.0684
7275,5558.966
7276,6394.4976
7276,15304.759
7276,5125.885
7277,7168.1714
7277,4420.4175
7277,4537.5483
7277,7353.345
7277,5921.6636
7278,5196.163
7279,6120.9966
7279,6120.9966
7279,4916.577
7280,5517.429
7280,5858.0073
7281,5083.819
7281,5132.47
7281,5459.2266
7282,6235.595
7283,6750.8037
7283,4604.094
7283,6322.9546
7284,9429.144
7286,4415.162
7286,4743.3345
7287,4818.1064
7287,11200.788
7288,4869.475
7288,8884.089
7289,7135.34
7290,4767.275
7290,4401.4707
7290,5328.0327
7291,10951.666
7291,9316.845
7291,9218.561
7291,7831.5728
7291,9416.167
7291,9218.561
7292,4729.5547
7292,4881.995
7292,4679.657
614,939.6826
614,943.73096
614,1059.8472
614,943.73096
614,1071.1556
614,1071.1556
614,943.73096
614,1048.658
614,1048.658
614,1071.1556
614,1048.658
614,998.827
614,1059.8472
614,1059.8472
614,1048.658
614,1009.48505
614,953.80164
614,1071.1556
614,1059.8472
615,1071.8486
615,968.13214
615,933.1627
615,1015.88086
615,971.434
615,971.434
615,1174.9979
616,1039.0186
616,947.1839
616,947.1839
616,993.8066
7292,8829.923
7292,8829.923
7293,5811.1094
7293,5439.34
7294,6117.0454
7294,4699.7607
7294,4699.7607
7294,30759.957
7295,4776.4424
7296,5011.8223
7297,6181.682
7299,6434.9775
7300,10675.891
7302,6973.538
7302,12325.163
7303,5520.9985
7303,11624.755
7304,9230.395
7305,6220.8623
7305,9367.946
7306,5119.308
7306,4578.483
7308,9043.309
7308,8947.91
7308,9139.724
7310,6724.853
7310,5906.478
7310,5888.1685
7311,9587.234
7311,4924.575
7312,5962.437
7313,5545.3135
7313,5664.189
7314,12200.558
7314,8699.34
7316,7905.7075
7318,6279.123
7318,6078.565
7319,10503.446
7319,7932.6426
7320,11562.953
7320,6279.123
7321,9624.22
7324,4498.7344
7324,4498.7344
7324,7817.2593
7325,6943.651
7326,6059.0635
7326,4566.275
7326,11357.708
7328,6751.4414
7328,4958.9526
7328,5490.8325
7329,5457.316
7332,5119.308
7332,4578.483
7333,6836.5967
7333,11666.149
7334,4983.4727
7334,6946.731
7335,5977.168
7336,6830.157
7336,4644.2153
7338,4467.547
7338,9906.5625
7338,7407.966
7338,5538.721
7338,5122.5757
7339,7653.204
7340,9422.258
7340,9624.22
7340,9624.22
7341,9025.024
7341,8408.979
7343,4279.218
7345,5351.472
7345,5796.207
7345,8895.501
7345,10406.007
7346,7578.0103
7347,4467.547
7349,6441.3335
7349,9093.891
7350,4595.2183
7351,8084.7383
7351,4851.7407
7351,4851.7407
7352,5392.8193
7353,4746.8423
7354,5761.4097
7355,4869.475
7356,8986.346
7357,8248.345
7357,9341.67
7357,4881.995
7357,4803.619
7357,4498.7344
7358,8286.296
7358,6605.478
7358,7275.7725
7359,6147.3438
7362,6796.5527
7362,8924.0625
7364,5212.8433
7365,9316.845
7365,9080.387
7365,9282.907
7365,4958.9526
7365,6354.2236
7366,4726.4966
7366,4676.636
7366,4676.636
7366,5119.308
7367,5008.63
7367,6949.448
7368,8947.91
7369,5807.3584
7370,4373.781
7370,9347.704
7370,9347.704
7370,4764.1978
7371,6078.565
7371,5445.772
7371,5500.3257
7372,4746.8423
7372,6445.494
7372,5660.581
7372,5781.9277
7372,5781.9277
7373,5235.771
7375,4699.7607
7378,5132.47
7378,6287.1895
7380,6014.4443
7384,13298.04
7385,5321.201
7385,11608.656
7385,10174.474
7387,7013.8687
7387,8410.68
7388,9941.755
7388,9528.8545
7388,9528.8545
7389,6750.8037
7389,4851.7407
7389,6010.556
7389,9224.445
7389,8485.632
7389,5367.606
7391,4598.1514
7391,4598.1514
7392,5062.0293
7392,4903.5103
7392,8547.904
7392,8547.904
7392,4667.1797
7392,4575.527
7392,5062.0293
7392,4955.789
7392,5138.025
7393,4481.444
7395,7100.2275
7395,7100.2275
7395,6675.2744
7397,6010.556
7399,4962.156
7399,5301.8174
7400,8736.774
7400,6048.0405
7402,9043.309
7403,4624.3096
7403,26185.178
7404,5661.1104
7404,5661.1104
7404,5721.47
7405,6143.3696
7405,4885.149
7406,9127.136
7408,5374.502
7409,10649.592
7409,4996.2856
7409,15304.759
7409,4467.547
7409,4746.8423
7411,4373.781
7411,4467.547
7412,4969.0
7412,4797.4556
7413,5814.819
7413,6208.8706
7413,5814.819
7414,6220.8623
7414,15889.477
7414,7515.832
7415,4553.0093
7415,5924.2905
7415,7092.552
7415,4376.5728
7415,6886.6704
7416,10303.77
7416,6212.881
7416,6212.881
7418,9341.67
7418,9243.124
7418,9145.627
7418,9243.124
7418,9341.67
7418,9656.106
7418,6390.364
7419,8258.94
7420,5062.0293
7421,4869.475
7421,8978.807
7421,27923.557
7422,5187.1943
7422,5196.163
7423,5814.819
7423,5917.282
7424,9601.482
7424,7020.7964
7424,6494.63
7426,9217.567
7426,5822.289
7426,5700.0957
7428,9043.309
7429,7735.5234
7429,5011.8223
7430,4578.483
7430,5229.058
7430,5459.768
7431,6018.278
7432,6204.9097
7433,10232.436
7434,10789.71
7437,8182.2666
7437,7739.7964
7437,9328.804
7437,5621.866
7438,8725.565
7438,8725.565
7438,8725.565
7438,9367.946
7439,5943.3076
7440,4604.059
7440,4498.7344
7440,4803.619
7441,8736.774
7441,11433.593
7441,8699.34
7441,8736.774
7443,5100.1436
7443,5799.907
7445,6120.9966
7445,9587.234
7448,5196.163
7450,4595.2183
7451,4309.0913
7451,5689.102
7452,5062.0293
7453,4479.4907
7453,4527.2544
7453,9190.845
7453,5008.63
7453,5438.7847
7453,9269.124
7454,6279.123
7455,4696.7627
7455,9341.67
7457,5275.731
7457,4699.7607
7457,4699.7607
7458,5229.058
7459,7168.1714
7459,5553.481
7459,4770.314
7459,10004.763
7459,6059.0635
7459,11810.908
7459,10004.763
7463,7038.84
7463,6302.0737
7464,12402.01
7464,13094.343
7465,4797.4556
7465,4797.4556
7465,4746.8423
7465,4797.4556
7465,4977.0786
7466,4676.636
7466,5984.8013
7466,5173.892
7466,4676.636
7466,4676.636
7466,5065.304
7467,9447.364
7467,4699.7607
7467,4810.2817
7468,12963.186
7469,12873.331
7472,5100.1436
616,1015.78485
616,1005.06036
616,1015.78485
616,1005.06036
616,1015.78485
616,1005.06036
616,1026.6237
616,848.67017
616,1088.7571
616,857.72797
616,1123.9803
616,866.88184
616,848.67017
616,1123.9803
617,1001.49084
617,798.1716
617,1126.9867
617,1126.9867
617,1227.4198
617,1077.8492
617,942.51904
618,1132.5636
618,872.12317
618,931.96436
618,930.7675
618,930.7675
618,862.91394
619,1060.6326
619,1060.6326
619,1070.4723
7472,6973.538
7473,5558.966
7473,6117.0454
7475,7989.9956
7476,8639.029
7476,9145.627
7476,12128.557
7477,5462.706
7477,5348.058
7477,5921.1045
7477,8280.947
7479,5351.472
7479,12127.318
7479,5858.0073
7479,8990.341
7480,7295.167
7480,5869.322
7481,4940.8877
7481,4598.1514
7483,5093.5996
7484,10743.47
7484,10067.153
7485,5367.606
7485,6260.2437
7485,5018.261
7485,4851.7407
7485,4851.7407
7486,8084.7383
7486,12208.345
7487,5196.163
7487,5242.4976
7491,8986.346
7491,10675.81
7492,9043.309
7492,4479.4907
7493,6575.8945
7493,6605.478
7494,12208.345
7495,5068.5327
7495,5597.771
7495,9316.845
7495,9218.561
7496,6568.115
7498,6530.9575
7500,5401.633
7500,7578.0103
7500,9416.167
7500,9218.561
7501,5151.235
7501,10687.443
7502,9494.073
7503,5361.8086
7503,5232.4307
7503,9237.158
7503,9139.724
7503,6568.115
7504,4595.2183
7504,9189.846
7504,5807.3584
7504,9447.364
7504,9447.364
7506,9589.173
7506,5950.943
7507,4861.567
7507,4746.8423
7508,5251.5615
7508,12279.122
7508,4770.314
7508,7486.941
7508,37050.543
7509,5324.6387
7509,10011.226
7511,4501.645
7512,10124.407
7513,5354.9287
7513,5822.289
7513,6457.8877
7515,9237.158
7518,8511.2705
7519,13298.04
7519,6746.4395
7520,4624.3096
7520,8602.014
7520,5321.201
7521,5587.028
7522,4818.1064
7523,5075.0444
7523,4803.619
7525,6220.8623
7526,4803.619
7526,4693.7305
7526,6466.184
7526,8639.029
7526,8639.029
7526,8639.029
7527,6675.2744
7528,4527.2544
7528,5229.058
7528,4627.297
7528,5065.304
7528,4578.483
7528,5008.63
7528,5358.347
7532,16848.54
7532,5008.63
7533,5087.064
7534,11097.928
7534,5015.065
7534,10750.419
7535,5914.066
7535,11020.99
7536,7013.2065
7539,4851.7407
7539,9224.445
7539,5254.9536
7539,4800.5547
7539,4800.5547
7540,4989.875
7541,5858.0073
7544,4583.4336
7544,8607.57
7544,5703.7285
7546,6441.3335
7548,6208.8706
7548,5814.819
7548,5814.819
7548,5674.5176
7548,5614.6533
7549,7945.614
7549,7740.52
7550,10478.632
7550,10590.348
7550,5358.347
7550,7168.1714
7550,9863.091
7550,5814.819
7550,5987.456
7550,4667.1797
7551,5129.1567
7553,5129.1567
7553,5265.601
7553,9341.67
7553,9341.67
7553,9341.67
7553,9341.67
7553,9341.67
7553,9341.67
7554,10510.23
7554,9759.055
7555,6186.2593
7556,4955.789
7557,9243.124
7557,9611.873
7559,10563.191
7560,11810.908
7560,11068.425
7560,12192.683
7560,6751.4414
7560,6477.975
7562,5760.871
7562,5822.289
7562,5822.289
7563,7261.8096
7564,5093.5996
7564,5051.799
7564,6178.3223
7565,5229.058
7565,4627.297
7567,6358.328
7567,7677.0015
7567,5459.2266
7568,6212.881
7568,6271.067
7569,4764.1978
7571,5249.2324
7572,4479.4907
7573,8818.594
7573,5917.282
7573,8818.594
7574,4498.7344
7575,5639.3535
7575,5579.8594
7577,8829.923
7577,4673.176
7577,4673.176
7577,11264.511
7577,6462.6694
7577,9968.321
7577,8924.0625
7577,8829.923
7579,10649.592
7580,8136.7935
7582,9121.244
7582,9121.244
7583,5511.4644
7583,10622.284
7584,4527.2544
7584,8506.645
7584,10465.188
7584,5950.943
7585,11264.511
7585,11145.683
7587,4800.5547
7587,5566.1074
7587,4598.1514
7587,4598.1514
7587,6678.8604
7588,5653.847
7588,5062.0293
7589,5229.058
7589,6062.977
7589,9328.804
7589,5681.8076
7589,9328.804
7589,5980.9775
7589,4909.7676
7589,4527.2544
7589,9288.824
7589,4575.527
7589,5438.7847
7589,7652.372
7592,7877.6543
7592,10245.492
7592,4983.4727
7592,12552.797
7593,5331.9775
7594,4909.7676
7594,4909.7676
7597,5275.731
7597,5119.308
7597,4726.4966
7597,4869.475
7598,5594.2056
7598,6886.6704
7600,9733.11
7600,5689.102
7602,4797.4556
7602,4779.979
7602,5177.2344
7602,4779.979
7602,6604.142
7602,5307.555
7602,4797.4556
7602,4746.8423
7602,4797.4556
7602,5307.555
7603,6014.4443
7603,6143.3696
7604,8627.946
7607,4664.202
7607,4664.202
7608,10796.597
7608,5100.1436
7609,7362.7915
7610,12462.09
7611,4575.0947
7611,6279.123
7613,5011.8223
7614,5405.081
7616,5135.746
7616,14067.277
7617,7295.167
7617,10161.42
7619,5995.1426
7619,7362.7915
7621,8555.84
7623,4527.2544
7623,5950.943
7623,5906.478
7625,7930.2896
7625,5206.155
7627,5216.703
7627,10219.22
7629,5206.155
7630,7653.927
7631,9428.263
7631,8004.557
7632,4566.275
7632,5068.5327
7632,5597.771
7633,5573.2583
7634,5212.8433
7635,5129.1567
7636,7977.0205
7636,10870.931
7636,7052.4414
7636,10111.418
7637,4983.4727
7637,8607.57
7637,5151.235
7638,9494.073
7639,5476.7515
7639,7945.614
7640,10024.0
7641,4983.4727
7643,12745.664
7643,5367.606
7644,4913.4033
7644,11186.429
7644,11186.429
619,959.2322
619,1010.12946
619,1008.83234
619,1083.3868
619,1083.3868
619,1020.81195
619,1104.0223
619,1031.1431
619,998.827
619,1213.6781
619,1168.3466
619,1193.4102
619,1156.0131
620,919.9437
620,1000.2053
620,1000.2053
620,1090.2593
620,1090.2593
620,1090.2593
620,1090.2593
620,1188.4138
620,1188.4138
620,1074.1229
620,1170.8254
620,1170.8254
620,1170.8254
620,1170.8254
620,912.38745
620,912.38745
620,912.38745
7644,7377.012
7644,6945.009
7644,4965.7876
7644,16020.936
7644,4752.9404
7644,10836.149
7646,7329.81
7648,4306.309
7648,4598.1514
7650,12271.185
7651,6426.7217
7651,9441.257
7652,5196.163
7652,11746.381
7653,5548.292
7654,4903.4683
7654,10137.413
7655,7052.4414
7655,4699.7607
7655,4699.7607
7656,11112.174
7657,5078.8022
7658,5438.7847
7659,7203.62
7660,7199.6978
7660,6633.9097
7661,9121.244
7661,6143.3696
7662,7056.2295
7664,14733.545
7665,5065.304
7665,4676.636
7665,4676.636
7665,5065.304
7665,4627.297
7665,5229.058
7666,6346.0713
7666,5587.028
7666,6555.504
7666,6178.3223
7667,5050.0737
7667,5445.772
7670,5493.268
7672,5401.633
7672,5284.308
7673,14578.141
7673,6256.256
7673,7285.119
7676,5008.63
7676,7436.5454
7677,10369.072
7677,5348.058
7677,5405.081
7677,5405.081
7677,4851.7407
7677,4851.7407
7677,8978.807
7677,5310.984
7677,4851.7407
7678,9322.782
7678,10445.025
7679,5548.292
7679,5858.0073
7679,5295.0146
7680,15304.759
7682,5220.566
7682,4800.5547
7683,8105.5234
7683,6119.7593
7685,11944.435
7687,5480.289
7687,5721.47
7687,6082.4453
7688,5358.347
7688,7159.6504
7691,6974.19
7692,5321.7446
7693,8924.0625
7695,9869.461
7695,10710.168
7695,5161.6675
7695,10361.411
7695,12676.042
7695,10445.025
7695,11193.654
7695,10269.833
7695,10489.971
7696,6469.719
7697,5544.716
7697,4875.731
7699,5183.8853
7701,6216.8467
7701,6048.0405
7701,7496.559
7702,7921.717
7702,13448.493
7703,11500.954
7703,6873.4536
7706,4878.881
7707,11200.788
7708,5302.318
7708,10004.763
7710,4595.2183
7711,6592.1216
7711,5113.222
7713,13038.227
7714,7531.059
7714,9218.561
7715,6498.825
7715,8639.029
7715,7909.954
7715,5043.594
7716,5597.771
7717,5083.819
7718,5486.22
7720,5661.1104
7721,9184.912
7722,13010.575
7722,9179.054
7722,8597.339
7723,9522.703
7723,9522.703
7723,9422.258
7724,4729.5547
7725,4861.567
7726,4281.9453
7727,5229.058
7727,10951.666
7727,9428.263
7727,9133.031
7727,9428.263
7727,5681.8076
7728,6143.3696
7728,12064.065
7729,6417.876
7729,4885.61
7729,10675.81
7729,8115.936
7730,8992.159
7730,14000.901
7730,7591.1187
7731,5357.8413
7732,7168.1714
7733,10947.844
7737,10024.0
7737,12330.631
7738,10951.666
7738,5232.4307
7738,6390.364
7738,8863.1
7738,5419.4844
7739,11435.905
7740,4800.5547
7740,5558.966
7740,10362.38
7741,5473.7744
7741,12550.427
7741,4779.979
7741,4779.979
7741,6208.8706
7741,6078.565
7742,7047.8823
7743,3925.9995
7743,6675.905
7744,9243.124
7744,5062.0293
7744,4624.3096
7745,4797.4556
7745,11975.13
7746,9387.9375
7747,7451.605
7747,4984.452
7748,5018.261
7750,10649.592
7750,5847.897
7751,5466.235
7751,7137.45
7751,5987.456
7751,6826.445
7752,5011.8223
7754,12859.317
7755,11608.656
7755,9392.0205
7756,5807.3584
7757,13468.389
7758,9548.077
7758,5476.7515
7759,10334.842
7759,8797.759
7760,8555.84
7761,6036.9976
7761,7486.941
7762,5778.785
7762,5706.798
7762,4575.527
7763,10420.349
7764,9836.88
7766,8829.923
7767,8697.573
7768,5836.674
7768,6117.0454
7769,5439.34
7771,14452.108
7773,9935.403
7773,8942.979
7774,9316.845
7775,9316.845
7775,10870.931
7776,4983.4727
7777,5378.4814
7778,5405.081
7779,5232.4307
7779,16178.136
7780,8342.449
7780,10445.025
7781,5206.155
7781,6036.9976
7783,6486.297
7785,5579.8594
7785,8356.872
7785,5639.3535
7786,6700.3633
7786,6120.9966
7787,6212.881
7788,5431.8066
7789,7741.982
7790,4909.7676
7790,7672.0454
7792,5307.555
7792,4797.4556
7792,6346.0713
7792,6279.123
7792,4746.8423
7794,5670.898
7795,6143.3696
7796,5799.907
7797,9801.049
7797,5132.9546
7797,6454.384
7797,14362.56
7799,7826.5176
7800,4679.657
7800,7199.6978
7802,6861.5845
7802,18559.85
7803,6531.574
7803,6070.766
7805,5075.524
7806,4726.4966
7806,6346.0713
7808,5721.47
7809,10531.434
7810,5421.925
7810,5421.925
7811,11126.448
7811,6252.2114
7812,5517.429
7812,5517.429
7812,8607.57
7812,5291.097
7812,9416.167
7812,5517.429
7813,10538.246
7813,5799.907
7813,5738.725
7814,4098.791
7815,8644.618
7815,5601.3926
7816,7653.927
7816,6322.9546
7817,5405.081
7817,9188.986
7819,5935.682
7819,9507.239
7820,5242.4976
7821,5173.892
7821,5173.892
7821,4676.636
7821,4944.042
7822,8699.34
7822,5276.224
7822,5276.224
7823,9522.703
7823,5558.966
7824,6119.7593
7824,7185.1475
7826,5528.086
7826,6916.9653
7826,6771.7954
7826,6771.7954
7827,5538.721
7827,5597.771
7828,7431.802
7832,10538.246
7832,10538.246
7832,9794.807
7832,5906.478
7832,9814.566
7834,35867.29
7835,5043.594
620,1084.0878
620,1021.6645
620,1113.6486
620,1113.6486
620,1097.1664
620,933.1627
620,893.2136
620,992.1913
620,975.6185
621,1090.2593
621,937.0944
621,1031.1431
621,1031.1431
621,1031.1431
621,1031.1431
621,1031.1431
621,1148.8345
621,1015.88086
621,1015.88086
621,1015.88086
621,1015.88086
621,1015.88086
621,1088.7571
621,886.6293
621,974.2741
621,984.67035
622,1164.1978
622,1164.1978
622,1164.1978
622,1164.1978
7835,10406.007
7836,5272.3203
7836,4903.4683
7836,10361.411
7836,7696.7383
7839,5173.892
7840,8106.2812
7840,10428.063
7840,16528.25
7840,4575.527
7841,8736.774
7844,11623.568
7845,6974.19
7847,4627.297
7847,13774.859
7847,9441.257
7848,4913.4033
7848,12330.631
7848,9820.905
7848,10031.422
7848,9820.905
7848,8665.9
7848,11200.788
7848,11826.069
7848,10987.856
7849,6568.115
7849,5040.3384
7850,6891.7695
7850,7568.295
7850,5469.724
7852,5607.449
7854,82343.305
7855,7531.059
7858,14596.866
7858,5018.261
7859,9322.782
7861,5078.8022
7861,5025.226
7862,10682.705
7862,13010.575
7862,11286.266
7862,25872.943
7862,5392.31
7862,4746.8423
7862,4676.636
7863,6397.3345
7864,9624.22
7864,9624.22
7864,5921.6636
7865,6696.0312
7866,8929.818
7869,6117.0454
7870,4797.4556
7870,5541.7334
7870,6417.876
7875,6079.139
7875,11193.654
7876,4937.698
7877,13166.162
7877,5459.2266
7877,6306.1504
7877,6026.5728
7879,5180.539
7880,4598.1514
7881,6781.1284
7881,5992.4897
7882,5473.7744
7885,4627.297
7885,4624.3096
7885,4624.3096
7885,5062.0293
7887,8006.9316
7887,4797.4556
7888,9316.845
7889,4662.1074
7891,9381.868
7893,8322.739
7893,8557.954
7897,9218.561
7898,4830.946
7899,9548.077
7900,5710.4844
7900,5272.3203
7900,6082.4453
7900,4869.475
7903,11688.58
7903,12211.967
7903,8445.97
7903,7486.941
7903,6036.9976
7903,6036.9976
7904,10420.349
7906,6212.881
7906,10635.929
7906,5011.8223
7906,9836.88
7909,7329.81
7909,5898.9053
7910,6453.7744
7911,10195.086
7911,12210.813
7911,6700.3633
7912,8986.423
7915,4990.3843
7915,13439.8125
7916,7865.9565
7916,4903.4683
7917,5476.7515
7917,5476.7515
7917,5206.155
7918,5265.601
7918,7823.0474
7919,5405.081
7920,5781.9277
7922,19796.04
7923,6486.297
7923,12643.538
7923,5206.155
7924,8263.385
7925,5129.1567
7927,6337.929
7927,8009.7275
7928,6771.7954
7928,6903.6777
7928,10883.806
7928,6252.2114
7929,9422.258
7930,6208.8706
7931,9404.086
7932,17084.559
7933,10496.746
7934,5272.3203
7934,4726.4966
7934,35982.72
7936,10372.613
7937,6638.1377
7938,6159.7456
7939,7966.7856
7941,4726.4966
7942,7755.4106
7942,4729.5547
7943,11688.58
7943,10471.867
7943,7488.455
7945,4861.567
7946,6531.574
7948,6852.7812
7948,5847.897
7949,10865.022
7950,4527.2544
7950,12753.799
7950,11334.831
7950,10245.57
7951,4699.7607
7951,8907.77
7953,9925.61
7953,4993.57
7953,11126.448
7954,5987.456
7954,6713.881
7955,5520.9985
7955,5235.771
7955,7020.7964
7955,9276.916
7956,8218.3
7956,6882.2773
7957,8644.618
7959,26168.477
7960,5419.531
7961,4881.995
7962,6044.7476
7963,14522.1045
7963,8367.607
7964,4676.636
7964,5173.892
7964,5173.892
7964,5173.892
7965,7573.1836
7965,5792.4653
7966,5576.2573
7968,11544.088
7969,5587.028
7970,5597.771
7971,9801.049
7972,9941.83
7972,9636.583
7972,6048.652
7974,5335.926
7974,5335.926
7975,5275.731
7976,10067.153
7978,7577.259
7978,5799.907
7978,10629.054
7979,4624.3096
7979,8869.585
7980,13971.195
7980,7920.115
7982,4746.8423
7982,7488.455
7983,8796.812
7983,6078.565
7983,13654.3
7983,10539.23
7985,7043.393
7986,7813.748
7986,7950.6777
7987,9595.294
7987,9595.294
7988,6629.621
7989,9481.893
7989,6386.2935
7990,9121.244
7990,9726.828
7991,9948.167
7991,9925.61
7991,8665.9
7992,5132.47
7992,5242.4976
7996,6346.0713
7996,6346.0713
7996,6279.123
7999,5977.1226
7999,7735.5234
8000,7578.0103
8001,13035.591
8001,10232.436
8001,11343.137
8001,6346.0713
8002,5220.566
8003,5216.703
8004,6939.877
8005,5025.226
8005,5132.9546
8006,6465.543
8008,5298.9355
8008,4913.4033
8008,5192.8037
8010,10011.226
8010,9025.024
8011,4749.9087
8011,4903.4683
8011,5344.606
8012,5046.814
8013,12082.005
8014,9711.032
8014,6862.2324
8014,6862.2324
8014,6862.2324
8015,5898.9053
8016,4676.636
8017,5935.682
8018,6446.103
8019,10022.059
8019,6079.139
8020,12931.253
8020,6049.223
8020,6814.6636
8020,4937.698
8020,5517.429
8020,13306.528
8021,9322.782
8022,4803.619
8024,4903.4683
8024,15276.817
8025,6781.1284
8029,4726.4966
8029,4726.4966
8030,7817.2593
8030,6143.3696
8032,6078.565
8032,6014.4443
8032,6078.565
8033,9624.22
8033,12277.787
8033,9441.257
8034,4726.4966
8034,6523.1943
8034,10161.42
8035,10024.0
8036,7327.252
8037,24958.113
8037,9065.572
8038,7366.7466
8039,5988.661
8039,9711.032
8039,6117.0454
8040,6930.3184
8040,6208.8706
8040,218100.33
8042,4830.946
8043,10047.814
8044,5771.3706
8044,5272.3203
8044,11294.622
8044,14362.56
8044,225297.19
8048,9642.817
8048,17804.012
8049,8607.57
622,1189.1724
622,1053.9467
622,1031.1431
622,936.48895
622,1151.9078
622,1151.9078
622,1151.9078
622,1090.2593
622,1303.6018
622,1188.4138
622,1113.6486
622,1113.6486
622,1303.6018
622,1113.6486
622,1090.2593
622,1187.4222
622,1174.887
622,1077.8492
622,1174.887
622,1174.887
622,1213.9069
622,1113.6486
622,1195.9415
622,1188.4138
622,1183.3169
622,1113.6486
622,1174.887
622,1077.8492
622,1077.8492
622,1174.887
8049,8792.08
8050,11312.982
8051,5721.47
8055,9766.2705
8055,10195.086
8056,9739.323
8056,6597.003
8056,6597.003
8057,5653.847
8057,9925.61
8057,10030.483
8057,5629.62
8058,10004.763
8058,10479.621
8058,10369.072
8060,5358.347
8061,5689.102
8061,4903.4683
8062,7823.0474
8062,6417.876
8062,6486.297
8062,9322.782
8062,7823.0474
8062,9322.782
8063,5681.8076
8064,6633.9097
8064,25332.744
8064,6852.7812
8064,12192.683
8065,6055.77
8067,6486.297
8067,10138.37
8067,6417.876
8069,8585.498
8069,9636.583
8069,7168.848
8072,6319.5176
8072,6337.929
8073,7339.226
8073,9381.868
8074,5681.8076
8074,9624.22
8075,8212.994
8075,11181.458
8076,10718.098
8077,5459.2266
8077,4797.4556
8079,7826.5176
8079,8183.851
8079,7013.8687
8079,4882.493
8080,5597.771
8081,9179.054
8081,4696.7627
8085,6629.621
8088,10303.77
8089,4906.6357
8090,5015.065
8092,10138.37
8092,9528.772
8093,4909.7676
8093,4909.7676
8093,4909.7676
8093,4909.7676
8094,7735.5234
8095,10843.056
8095,9697.667
8096,5344.606
8097,9282.907
8097,6346.0713
8098,4993.57
8099,6751.4414
8099,6751.4414
8099,6147.3438
8100,5235.771
8101,5579.8594
8102,8489.444
8104,4726.4966
8104,26447.451
8104,25400.242
8106,7168.1714
8107,4830.946
8107,10201.661
8107,6044.7476
8108,13289.457
8108,13010.575
8109,13999.58
8109,6454.384
8109,7493.2993
8110,10253.077
8110,10253.077
8110,6048.0405
8110,6048.0405
8112,5476.7515
8112,9899.224
8113,7004.2085
8114,7207.4893
8114,5180.539
8115,4861.567
8115,14272.218
8115,10476.513
8118,13653.011
8119,5307.555
8120,5419.4844
8120,5388.829
8120,5392.8193
8120,5392.8193
8121,5847.897
8124,6078.565
8124,7087.98
8124,5517.429
8127,9836.88
8127,9179.054
8128,6559.688
8129,5476.7515
8131,5811.1094
8131,8986.346
8131,6713.881
8133,6629.621
8133,5011.8223
8133,4797.4556
8133,8126.3545
8133,13161.667
8134,13853.211
8135,12462.09
8138,4527.2544
8138,5083.819
8138,10703.255
8139,7317.167
8139,6843.9956
8144,10047.814
8145,7044.0513
8145,5388.829
8146,13853.211
8148,9416.167
8148,10154.938
8149,5629.62
8149,5216.703
8150,6527.4077
8151,10608.656
8154,5355.4346
8154,4913.4033
8157,5807.3584
8157,4903.4683
8157,4903.4683
8158,5799.907
8161,9082.231
8162,5570.7554
8163,8197.226
8163,4676.636
8164,7758.851
8165,10630.148
8165,10630.148
8167,12064.065
8167,6390.364
8168,5187.6797
8169,5011.8223
8170,5601.916
8170,10138.37
8172,4934.5483
8173,8453.062
8174,10392.656
8176,10471.867
8176,5062.0293
8176,12027.807
8177,6597.003
8181,10951.666
8181,5763.966
8181,5763.966
8181,5825.422
8183,11063.518
8184,11716.261
8184,9316.845
8184,4649.743
8185,7366.7466
8189,5212.8433
8190,12192.683
8190,12192.683
8190,9276.916
8190,10263.204
8190,11810.908
8190,10047.814
8192,5957.991
8192,11562.953
8192,6143.9497
8193,9582.983
8194,9733.11
8196,9435.243
8196,7349.3486
8201,5639.3535
8202,11010.117
8202,6051.289
8202,5597.771
8203,9441.257
8204,5653.847
8204,10031.422
8205,10479.621
8205,10479.621
8207,10825.364
8210,10704.348
8212,5043.594
8212,5388.829
8212,9660.391
8213,6486.297
8213,6417.876
8214,9381.868
8214,9381.868
8216,4934.5483
8216,10253.077
8216,10042.354
8217,10144.919
8217,4965.7876
8217,9441.257
8219,5710.4844
8219,6386.8965
8219,10980.857
8220,18375.95
8220,11349.305
8220,53789.227
8221,10024.0
8223,10074.598
8223,8126.3545
8223,8126.3545
8224,12654.082
8225,5697.53
8225,4977.0786
8226,6449.6084
8227,4934.5483
8227,8014.84
8227,12966.92
8228,10174.474
8231,7515.832
8232,6625.3984
8232,11186.429
8233,5844.1665
8233,5558.966
8233,6629.621
8235,6978.701
8235,5388.829
8237,5011.8223
8238,6974.19
8239,4624.3096
8239,5005.9077
8242,9801.049
8242,9282.907
8243,9422.258
8244,5344.606
8245,9282.907
8245,11193.654
8246,4861.567
8248,5302.318
8251,5681.8076
8252,4726.4966
8253,6329.7974
8254,9528.772
8254,9082.231
8256,6271.067
8256,9166.289
8256,8724.617
8256,7758.851
8256,9059.789
8257,25908.969
8257,6216.8467
8257,14148.817
8258,9082.231
8258,10124.407
8258,10253.077
8258,10253.077
8260,10011.226
8261,7092.552
8261,7244.597
8263,14578.141
8264,20820.768
8265,5043.594
8265,6621.115
8265,5639.3535
8266,6696.0312
8266,7093.8916
8268,10567.877
8268,5419.4844
8270,12881.548
8271,9128.851
8271,9820.905
8275,10081.027
8275,8148.0156
8275,6117.0454
8276,10318.059
8279,6750.07
8279,5307.555
8279,7298.4033
8279,5840.394
8280,10496.746
8281,8485.632
8282,5629.62
8282,13853.211
8283,11384.594
8283,11384.594
8283,8218.3
8284,5462.706
8285,4909.7676
622,1212.894
622,1089.3496
623,907.2214
623,859.8418
623,850.76215
624,874.4498
624,967.51447
624,931.96436
624,931.96436
624,931.96436
624,931.96436
624,931.96436
624,931.96436
624,931.96436
624,931.96436
624,846.40515
624,1034.6597
624,759.18414
624,767.28754
624,838.62305
624,838.62305
624,858.576
624,858.576
624,945.8781
624,945.8781
624,841.1548
624,992.5304
625,956.0698
625,1240.5145
625,929.07227
8286,7209.6274
8286,5639.3535
8287,11075.574
8287,9863.175
8287,10445.025
8288,15342.567
8289,10911.692
8291,12064.065
8291,9179.054
8291,9375.8125
8293,7044.0513
8294,6279.123
8294,7660.31
8294,6346.0713
8295,5629.62
8296,5242.4976
8298,7123.7524
8298,10138.37
8298,7385.686
8299,9691.407
8299,12873.221
8299,6675.905
8299,6675.905
8299,10721.748
8301,10167.983
8301,9595.294
8303,5344.606
8305,6742.779
8305,5242.4976
8311,5570.7554
8311,13583.096
8312,8541.53
8313,9282.907
8313,6965.2417
8314,10476.513
8315,6801.5786
8316,9752.83
8316,10263.204
8316,12192.683
8317,5232.4307
8317,10622.284
8317,5187.6797
8319,5097.371
8319,5601.916
8321,6208.8706
8321,5590.589
8324,13765.968
8324,11189.736
8325,10471.867
8329,6437.8325
8330,4373.781
8333,11716.261
8333,9416.167
8333,5517.429
8333,5517.429
8334,6625.3984
8334,6767.424
8334,11939.139
8339,5520.9985
8340,6350.1646
8341,6021.516
8341,6085.7124
8342,9582.983
8342,11686.218
8344,5351.472
8346,5847.897
8346,7181.242
8347,5825.422
8347,5914.6245
8347,9608.601
8348,5119.308
8348,8095.8887
8348,6916.9653
8349,6283.7725
8353,6725.488
8355,9184.991
8357,15030.177
8358,6196.9487
8358,5272.3203
8359,5714.713
8359,6429.5728
8361,6422.622
8362,16233.483
8362,6417.876
8362,6486.297
8363,10764.137
8364,15442.806
8364,5629.62
8365,6823.418
8365,10796.597
8366,13670.549
8366,10253.077
8366,4965.7876
8366,13883.209
8370,18375.95
8371,10031.422
8371,9375.8125
8372,9522.703
8373,4969.0
8374,5800.5044
8375,5268.962
8377,6350.1646
8377,10863.914
8377,13772.074
8380,7145.236
8381,7044.0513
8381,7044.0513
8385,15920.164
8385,4937.698
8385,7568.295
8387,6458.553
8387,11893.349
8388,9624.22
8391,10428.063
8392,7779.526
8393,5388.829
8394,5597.771
8396,9582.983
8396,9582.983
8397,17318.764
8398,5302.318
8400,12012.376
8400,9582.983
8400,5100.1436
8400,4987.163
8400,8227.962
8401,5497.336
8401,4830.946
8401,4830.946
8401,4830.946
8402,6279.123
8403,6771.7954
8403,5119.308
8404,6329.7974
8405,7373.6987
8405,5590.589
8408,6319.5176
8408,9733.11
8408,26185.178
8408,9179.054
8408,13306.528
8411,5818.5747
8411,6390.364
8413,5832.9004
8414,6208.8706
8414,6382.1646
8415,5439.34
8415,11198.021
8415,5952.1123
8415,4770.314
8415,6621.115
8416,7194.378
8416,5639.3535
8417,6995.222
8418,10703.255
8419,11833.617
8419,125972.5
8419,10680.545
8421,11291.175
8422,5714.1294
8424,8776.027
8426,9382.763
8426,10253.077
8427,11010.117
8427,10428.063
8429,7779.526
8429,7779.526
8430,6329.7974
8430,6346.7188
8430,6750.07
8431,8087.893
8431,11068.425
8431,9961.887
8431,6559.688
8436,6625.3984
8436,6767.424
8437,5829.185
8438,7018.3926
8441,13135.069
8442,6458.553
8442,6597.003
8442,6667.34
8442,6527.4077
8442,6458.553
8442,40391.35
8444,9522.703
8445,5210.01
8446,7660.31
8448,4987.163
8449,7199.6978
8449,7276.4595
8451,5792.4653
8451,4909.7676
8452,6916.9653
8454,6625.3984
8454,5302.318
8454,5570.229
8455,10843.056
8455,17103.045
8456,6742.779
8456,6742.779
8457,8170.935
8457,16642.043
8458,7317.167
8462,11312.982
8463,8632.589
8464,9282.907
8465,7119.154
8467,9232.138
8467,9608.601
8467,4934.5483
8467,77989.875
8469,6326.357
8470,10465.188
8470,5097.371
8471,9516.548
8475,9179.054
8476,11189.736
8476,9445.454
8477,9691.407
8479,10081.027
8480,9910.872
8481,6185.0083
8483,4937.698
8485,6486.297
8485,5187.6797
8486,7149.7964
8486,6767.424
8486,6767.424
8487,12074.206
8488,5661.645
8489,5511.985
8489,7698.1846
8490,9416.167
8491,6078.565
8491,5388.829
8491,50440.688
8492,11936.815
8496,12693.608
8498,10303.77
8498,6354.2236
8499,10054.237
8499,10161.42
8501,6350.77
8501,8412.268
8504,6279.123
8504,6776.1113
8505,6771.7954
8505,12402.01
8508,5794.184
8509,7013.8687
8511,8857.378
8512,11513.399
8513,6502.322
8515,11821.941
8515,11821.941
8517,10849.976
8517,13010.575
8518,14049.23
8518,13149.2705
8518,13010.575
8518,13289.457
8520,6616.898
8521,9691.407
8521,7788.004
8523,7759.5767
8524,10031.422
8524,9925.61
8524,10031.422
8524,10138.37
8525,5043.594
8526,11009.077
8527,5325.1367
8528,5844.1665
8529,5779.375
8529,8579.956
8529,11893.246
8530,13918.9
8530,7478.847
8530,10863.914
8532,5151.717
8532,5043.594
8532,5097.371
8532,5151.717
8532,6021.516
8533,6283.179
8537,10757.2705
8537,5504.393
8538,10538.246
8538,12064.065
8540,12542.326
8541,6082.4453
8541,10225.82
8543,7769.545
8543,8400.689
8545,6667.34
8545,6667.34
8545,5344.606
8546,5539.2393
8548,11064.552
421,725.742
421,761.47626
421,777.81866
421,695.55676
421,702.98193
421,725.742
421,725.742
421,718.0764
421,777.81866
421,718.0764
421,866.07153
421,695.55676
421,786.1208
421,769.6042
421,769.6042
421,830.0577
421,847.87
421,875.3144
421,725.742
421,735.9219
421,725.742
421,769.6042
421,725.742
421,777.81866
421,875.3144
421,725.742
421,730.3419
421,875.3144
421,718.0764
421,733.48895
625,897.5503
625,897.5503
625,897.5503
625,859.12415
625,1137.3253
625,1212.894
625,1059.9469
625,1059.9469
625,1075.871
625,1087.248
625,942.51904
625,932.5673
625,956.6802
625,966.8889
625,938.4759
625,946.5791
625,946.5791
625,952.5768
625,922.7202
625,938.4759
625,946.5791
625,932.5673
625,956.6802
625,966.8889
625,966.8889
625,966.8889
625,922.7202
625,938.4759
625,966.8889
625,952.5768
8549,7083.452
8549,7158.9814
8550,10658.473
8550,13298.04
8550,10452.759
8552,4797.4556
8553,4934.5483
8555,4934.5483
8555,9375.8125
8555,9752.83
8556,6382.1646
8557,6916.9653
8558,8127.1216
8561,6754.4297
8561,6386.8965
8562,8172.5874
8563,7145.236
8564,5884.968
8564,5943.3076
8566,10563.191
8567,5832.9004
8568,11317.407
8569,5439.34
8572,11959.778
8572,9053.086
8574,9481.893
8574,7831.513
8574,10379.323
8574,9582.983
8575,6780.4946
8575,6921.427
8576,6995.222
8576,21862.936
8577,6527.4077
8577,8776.027
8579,5097.371
8580,10154.938
8580,9082.231
8580,10372.613
8580,10372.613
8580,9276.916
8580,10154.938
8580,7281.1597
8580,10253.077
8580,7190.4673
8581,11312.982
8582,7558.5776
8583,7779.526
8583,7779.526
8583,6891.7695
8583,11865.148
8584,7276.4595
8585,8087.893
8587,11731.311
8588,6767.424
8590,9179.054
8590,11990.513
8590,6767.424
8590,5046.814
8592,6495.9062
8592,6418.476
8592,6011.1235
8593,10947.844
8593,13006.035
8595,11436.984
8596,6597.003
8596,5950.943
8596,6667.34
8596,6667.34
8596,6597.003
8596,6527.4077
8597,9018.295
8598,9624.22
8599,9558.41
8602,7298.4033
8602,6597.003
8602,4987.163
8602,4987.163
8602,6597.003
8603,10539.23
8608,10362.38
8608,5302.318
8608,6965.2417
8610,11939.139
8610,5442.812
8611,7137.45
8612,5954.1455
8614,9516.548
8616,6742.779
8616,6814.6636
8616,5210.01
8617,7779.526
8619,5746.635
8620,11096.869
8620,9941.755
8621,5335.926
8622,10428.063
8623,5539.2393
8623,6326.357
8624,8126.3545
8624,5453.8345
8624,11228.459
8626,5272.3203
8627,5155.0444
8627,10675.891
8629,7290.513
8629,7427.7056
8629,5462.706
8629,5405.081
8630,13825.203
8630,10749.312
8630,11097.928
8631,13883.209
8631,9691.407
8631,9445.454
8631,14031.206
8633,6819.0654
8633,7172.0283
8637,10379.323
8637,9381.868
8637,10379.323
8637,5419.4844
8637,9381.868
8637,10601.809
8637,9381.868
8637,4903.4683
8637,9322.782
8638,5378.4814
8639,6244.19
8640,24694.682
8640,5093.5996
8643,12087.272
8643,5511.985
8643,5661.645
8644,8925.808
8644,10238.957
8645,7132.904
8645,5158.335
8645,5158.335
8645,5158.335
8645,5954.1455
8645,9416.167
8646,6560.3013
8647,4990.3843
8647,5075.524
8648,6805.92
8649,13289.457
8650,6355.4663
8652,7128.293
8652,11502.04
8653,17084.559
8654,8919.204
8654,8585.498
8654,12881.548
8655,5697.53
8656,10757.2705
8658,5825.422
8658,5825.422
8660,6843.9956
8662,9711.032
8662,9856.799
8662,9856.799
8662,4726.4966
8663,9369.832
8663,14362.56
8666,16017.819
8668,5119.308
8669,10111.418
8669,6767.424
8669,7190.4673
8669,8776.027
8672,6563.9253
8674,6236.178
8674,6093.531
8674,10987.95
8676,7634.3
8678,10138.37
8678,10615.417
8679,7759.5767
8680,16468.049
8681,10911.786
8681,11245.07
8683,12177.052
8684,7399.958
8685,9375.8125
8686,8919.204
8687,10362.38
8687,6667.34
8688,13912.715
8688,5097.371
8688,5151.717
8688,10958.656
8688,5097.371
8688,5151.717
8689,6857.855
8690,13326.315
8690,13468.389
8690,13392.2
8691,6916.9653
8693,7698.1846
8693,5563.082
8693,7954.956
8694,9691.407
8698,6059.0635
8698,6667.34
8699,6814.6636
8701,5381.915
8701,6011.1235
8701,6667.34
8701,6667.34
8702,11068.425
8702,9752.83
8702,5103.92
8703,9589.173
8703,13774.859
8705,7158.9814
8705,7235.3022
8706,10658.473
8706,13298.04
8706,5416.027
8707,5388.829
8707,4918.7207
8709,6528.0244
8709,37493.625
8709,13654.3
8710,9726.828
8711,6771.7954
8711,82343.305
8712,7009.3945
8712,10428.063
8714,8127.1216
8714,17147.145
8716,5866.137
8716,12597.485
8718,7995.9116
8719,6675.905
8720,9968.321
8721,5947.7085
8722,5442.812
8724,6049.223
8726,5272.3203
8726,5272.3203
8726,6216.8467
8728,8070.7856
8730,5714.1294
8731,14290.538
8731,6995.222
8732,11246.218
8733,7069.804
8733,6995.222
8735,9243.124
8736,9082.231
8736,9608.601
8736,9082.231
8736,9276.916
8736,9276.916
8736,12763.242
8736,9375.8125
8736,5355.4346
8736,10263.204
8736,9082.231
8736,9375.8125
8736,11415.026
8736,10372.613
8736,10263.204
8736,10372.613
8736,7358.79
8736,24958.113
8737,13883.209
8739,6891.7695
8739,14189.953
8740,11393.022
8741,6601.264
8742,5954.1455
8742,13298.04
8743,6995.883
8743,6279.716
8743,13517.612
8743,11731.311
8745,5618.8105
8747,8400.689
8748,5869.876
8749,10947.844
8749,11415.026
8750,5321.7446
8752,5439.34
8752,9582.983
8752,9582.983
8752,10334.842
8752,11436.984
8752,12979.739
8753,5629.62
8758,9381.868
8758,13317.714
8758,9053.086
8759,7044.0513
8759,8401.475
8759,6814.6636
8760,10539.23
8763,11309.034
625,932.5673
625,942.51904
625,936.5846
625,942.51904
625,946.5791
625,932.5673
625,938.4759
625,966.8889
625,918.7623
625,966.8889
625,956.6802
625,966.8889
625,909.0612
625,918.7623
625,956.6802
625,942.51904
625,956.6802
625,928.56683
625,936.5846
625,956.6802
625,966.8889
625,942.51904
625,909.0612
625,932.5673
625,946.5791
625,932.5673
625,928.56683
625,938.4759
625,928.56683
625,938.4759
8764,7548.887
8767,8643.678
8768,5132.9546
8769,7221.41
8770,10772.106
8770,10772.106
8770,10658.473
8770,12140.431
8770,12012.376
8771,7735.5234
8772,4934.5483
8773,6011.1235
8774,5210.01
8774,7779.526
8774,6814.6636
8774,6742.779
8774,7395.174
8775,5358.347
8776,5746.635
8777,11215.1875
8778,10188.583
8778,6045.3184
8778,5450.314
8779,11841.159
8779,11384.691
8779,6891.7695
8780,9752.83
8780,25781.51
8780,8306.704
8782,10932.767
8783,7069.804
8785,5385.3916
8788,6510.669
8789,10658.473
8789,7327.252
8791,10004.763
8793,8443.875
8794,10601.809
8794,13789.753
8794,9589.173
8794,10489.971
8794,11717.468
8794,9481.893
8794,9481.893
8794,10161.497
8794,12907.645
8794,10601.809
8794,9481.893
8794,5419.4844
8795,6819.0654
8796,6696.0312
8796,5840.394
8796,5840.394
8796,6696.0312
8796,6393.2046
8797,5497.336
8797,6776.1113
8799,6776.1113
8799,10958.656
8800,13242.491
8803,6560.3013
8806,6805.92
8807,107445.59
8808,11542.998
8808,11082.633
8809,10308.341
8809,6228.183
8810,7564.1816
8810,12737.437
8811,5866.087
8812,8919.204
8813,5758.2783
8814,10629.054
8815,9576.871
8816,18492.266
8818,7813.0103
8818,10232.436
8818,11795.654
8818,5825.422
8820,6852.7812
8820,12064.065
8820,10951.666
8820,19318.455
8820,9961.887
8820,9961.887
8820,6220.192
8820,10263.204
8820,9961.887
8820,12818.162
8823,5639.3535
8824,6814.6636
8825,11343.137
8827,12064.065
8828,12277.787
8828,20853.518
8829,6625.3984
8829,12309.351
8830,7276.4595
8830,6965.2417
8831,11230.644
8831,14159.306
8831,14192.823
8835,11413.861
8835,16556.822
8836,10074.598
8836,13382.216
8840,14855.455
8840,14299.672
8840,16561.734
8840,7469.252
8842,7478.847
8843,5881.163
8846,8825.115
8847,8726.39
8847,4830.946
8848,13468.389
8848,10825.364
8849,5497.336
8850,5948.27
8850,5885.518
8851,8055.289
8852,6369.9165
8852,6117.0454
8852,9488.018
8852,9691.407
8852,11542.998
8852,9691.407
8852,10836.056
8854,7644.0996
8854,10117.959
8855,7149.7964
8855,9363.792
8856,9381.868
8858,15151.463
8858,13096.804
8858,5881.163
8858,11701.2295
8858,10689.523
8860,5381.915
8860,4797.4556
8861,10779.064
8863,6819.709
8863,7020.7964
8864,6814.6636
8865,12370.221
8866,10348.118
8868,13591.856
8868,13736.761
8868,6528.0244
8869,5450.314
8869,5450.314
8869,12963.186
8870,23389.234
8870,5622.397
8870,12211.967
8870,13038.227
8870,10539.23
8870,6625.3984
8870,6843.9956
8870,7084.128
8873,6351.364
8873,11327.515
8874,9305.761
8874,7317.167
8877,7995.9116
8877,6843.9956
8879,10290.551
8879,12462.09
8879,9863.175
8879,7349.3486
8879,7349.3486
8886,7380.982
8886,11493.53
8887,8050.0894
8887,7446.802
8887,11215.1875
8887,14462.809
8888,5435.8286
8888,5435.8286
8888,8792.08
8889,6143.9497
8889,14615.617
8891,11784.017
8893,12079.5625
8893,9856.799
8893,6357.6367
8895,7774.571
8895,5786.7554
8896,14752.471
8896,13526.343
8896,9711.032
8897,13883.209
8900,14212.396
8900,13912.715
8901,7204.355
8901,13021.5
8902,7842.374
8903,6995.883
8904,10865.022
8904,12342.149
8905,5097.371
8907,7230.687
8907,9375.8125
8910,11936.815
8910,11936.815
8910,10472.937
8910,5378.4814
8911,20793.896
8911,6597.003
8911,9905.542
8911,9905.542
8911,9905.542
8912,6700.9893
8912,5497.336
8915,7235.3022
8915,7611.346
8915,10341.518
8916,12330.631
8917,10871.957
8918,10818.47
8919,7044.0513
8920,7531.763
8920,9752.83
8921,5819.6685
8922,5043.594
8922,5043.594
8922,7896.31
8923,11320.203
8924,4987.163
8924,4987.163
8925,12075.347
8925,9445.454
8927,8202.457
8928,7720.671
8928,8401.475
8928,7526.959
8929,7230.687
8930,10772.106
8930,10772.106
8930,10772.106
8930,10166.888
8931,10004.763
8931,5539.2393
8932,5754.0176
8936,10743.47
8936,12932.462
8938,6597.003
8938,11320.289
8938,10297.197
8940,5155.0444
8941,8168.1455
8941,6780.4946
8941,7489.162
8943,5928.6772
8943,5928.6772
8943,10591.348
8946,5442.812
8946,5539.2393
8947,6705.2666
8949,23905.994
8950,4934.5483
8950,6713.881
8950,8310.381
8951,8447.678
8951,9726.828
8951,9968.321
8952,10074.598
8953,8075.9985
8953,6373.9824
8954,5746.635
8954,10735.521
8954,16038.395
8954,8173.351
8955,5302.318
8955,5570.7554
8956,4990.3843
8957,5450.314
8958,5040.3384
8959,7149.7964
8959,6461.363
8959,11064.552
8959,6974.19
8960,5321.7446
8962,6786.1494
8964,6696.0312
8969,11200.788
8969,8044.962
8969,10124.407
8969,11200.788
8969,9558.41
8970,7119.154
8970,5629.62
8971,7564.1816
8971,5151.717
8971,10011.14
8972,5866.087
8973,10379.323
8973,6714.566
8974,9856.799
8975,7322.585
625,932.5673
625,918.7623
625,952.5768
625,956.6802
625,938.4759
625,966.8889
625,928.56683
625,966.8889
625,928.56683
625,956.6802
625,942.51904
625,932.5673
625,952.5768
625,952.5768
625,966.8889
625,918.7623
625,938.4759
625,922.7202
625,942.51904
625,918.7623
625,956.6802
625,956.6802
625,966.8889
625,946.5791
625,946.5791
625,966.8889
625,956.6802
625,966.8889
625,956.6802
625,922.7202
8975,10704.348
8975,10704.348
8975,10629.054
8975,16350.595
8976,5439.34
8977,5438.7847
8977,8202.457
8977,8819.427
8978,11798.04
8979,5167.7417
8979,7813.0103
8981,11570.322
8981,8792.08
8981,10011.14
8982,6128.1997
8983,7114.613
8983,7385.686
8985,6814.6636
8988,12192.683
8989,7525.4873
8990,5535.711
8990,6555.504
8991,6650.242
8994,14686.405
8995,6785.515
8996,13018.867
8996,10303.858
8997,10182.007
8998,5268.962
8998,5961.7944
8999,6571.6494
9000,5158.335
9001,14040.282
9002,5497.336
9002,6965.2417
9003,7775.2974
9005,11723.839
9005,5500.84
9007,6625.3984
9007,6101.359
9009,7358.79
9009,13149.2705
9009,7688.308
9012,5358.894
9012,5948.27
9012,5885.518
9013,5823.433
9013,6279.716
9013,5097.371
9014,5040.3384
9014,10253.077
9016,7149.7964
9017,12581.323
9022,9905.542
9023,6896.872
9025,6819.709
9026,6814.6636
9027,10348.118
9028,12737.437
9028,10951.666
9028,11440.978
9030,6101.359
9030,13736.761
9030,13736.761
9030,7119.154
9030,6925.8447
9032,7601.581
9032,7317.167
9032,12211.967
9032,5622.397
9032,7267.124
9033,10584.592
9034,17092.137
9035,10004.763
9035,6351.364
9036,44541.914
9037,12095.079
9037,6743.409
9037,7792.975
9038,25143.268
9038,6667.34
9039,5758.2783
9040,5151.717
9041,5426.447
9041,13006.035
9043,5155.0444
9044,10615.417
9045,10174.551
9046,8683.457
9049,6597.626
9050,5633.257
9050,5435.8286
9050,5435.8286
9051,7644.0996
9051,5754.0176
9053,13842.962
9053,6495.9062
9055,9961.887
9055,12208.345
9057,5558.966
9057,11810.807
9057,10406.9795
9058,12330.631
9060,7725.5986
9063,5335.926
9065,5043.594
9065,5097.371
9067,9794.723
9068,42673.22
9068,6283.7725
9069,9282.907
9069,10290.551
9069,10379.323
9069,13298.04
9070,6844.6353
9071,18527.979
9071,7553.763
9072,10263.204
9072,11936.815
9072,12192.683
9072,12192.683
9072,59100.574
9073,7385.686
9074,6373.9824
9075,7044.717
9076,5497.336
9077,10856.984
9077,4797.4556
9077,6498.1245
9078,7601.581
9078,45045.832
9081,11849.926
9081,10849.976
9082,14842.978
9082,5686.015
9085,7813.0103
9085,7896.31
9086,8504.925
9088,8732.026
9089,5497.336
9090,12195.148
9090,5847.897
9090,5847.897
9092,5622.397
9092,5431.8066
9094,12362.33
9095,7359.485
9095,23921.457
9095,10925.709
9100,13332.227
9103,5210.01
9104,9516.548
9104,10601.809
9105,14070.122
9105,7946.3564
9106,14540.76
9107,7349.3486
9107,9522.703
9108,10406.9795
9110,6705.2666
9111,8050.0894
9115,5500.84
9116,15763.771
9116,10047.814
9116,7281.1597
9116,9863.175
9116,7119.154
9116,10182.007
9116,9968.321
9116,10750.327
9116,6373.9824
9117,10458.433
9118,9856.799
9118,5746.635
9119,7119.154
9120,7644.0996
9120,13695.462
9122,18937.34
9122,7149.7964
9123,14405.855
9123,7276.4595
9124,9794.723
9126,6858.503
9127,8254.452
9129,9589.173
9129,9488.018
9131,5381.915
9131,5381.915
9132,9998.296
9133,7119.154
9137,6781.1284
9138,7871.0376
9138,5622.397
9138,5681.8076
9139,7298.4033
9139,7298.4033
9139,5378.4814
9139,5378.4814
9139,7526.959
9139,19077.832
9139,4987.163
9139,15821.383
9140,12330.631
9140,5497.336
9141,11747.479
9144,12464.609
9144,5558.966
9146,6128.1997
9146,6491.0996
9148,5754.0176
9150,12148.283
9155,12084.287
9157,12192.683
9157,10004.763
9158,7991.558
9158,15325.982
9160,5706.798
9165,14070.122
9166,6965.2417
9167,11975.13
9168,6502.322
9169,7009.3945
9169,5388.829
9169,5500.84
9169,11723.839
9170,14310.246
9171,11624.654
9173,7358.79
9173,13289.457
9173,13010.575
9173,11536.714
9176,6767.424
9176,11167.113
9176,7303.1177
9176,5416.027
9176,10517.922
9177,9481.893
9177,5551.839
9178,10074.598
9178,8495.73
9182,5432.874
9183,9801.049
9185,10074.598
9188,6781.1284
9188,6776.1113
9189,10750.327
9189,10750.327
9193,24851.182
9193,7710.765
9193,12737.437
9193,11320.203
9193,7572.3604
9193,16000.383
9199,12195.148
9199,17274.355
9201,5298.9355
9203,7114.613
9203,7069.804
9205,6422.622
9205,5155.0444
9205,16041.5
9205,5804.2017
9207,14281.327
9208,14534.3125
9209,11413.861
9212,5265.5557
9214,6011.1235
9214,6597.626
9215,12351.287
9215,7539.202
9215,5754.0176
9216,7644.0996
9216,9734.03
9218,10117.959
9218,10225.82
9218,10225.82
9218,10445.025
9218,5500.84
9224,5378.4814
9224,12786.586
9225,14150.166
9225,6705.2666
9225,7725.5986
9229,11716.261
9229,16291.057
9229,13918.9
9230,7119.154
9231,11237.897
9231,5097.371
9232,8776.856
9233,8431.394
9233,11230.644
9234,10290.551
9234,13583.096
9234,11917.341
9234,10601.809
9234,9282.907
9235,10675.81
9236,11068.425
9236,4937.698
625,918.7623
625,936.5846
625,966.8889
625,956.6802
625,952.5768
625,946.5791
625,922.7202
625,928.56683
625,946.5791
625,918.7623
625,966.8889
625,942.51904
625,909.0612
625,928.56683
625,922.7202
625,938.4759
625,956.6802
625,938.4759
625,952.5768
625,938.4759
625,956.6802
625,942.51904
625,932.5673
625,956.6802
625,966.8889
625,966.8889
625,956.6802
625,966.8889
625,952.5768
625,922.7202
9236,7715.6943
9237,10004.763
9240,9814.566
9240,11186.429
9240,8050.0894
9242,9315.831
9243,5416.027
9243,7558.5776
9243,7601.581
9245,5381.915
9246,5155.0444
9248,5690.2197
9248,6109.1973
9248,6109.1973
9251,6560.3013
9251,12543.511
9252,6853.428
9253,13038.227
9253,10858.009
9253,8526.781
9254,5615.1836
9254,6397.9385
9254,5381.915
9254,8732.026
9256,12325.163
9257,6049.223
9257,8494.013
9257,5622.397
9258,11028.12
9259,7350.0425
9260,7359.485
9261,6819.0654
9261,10334.842
9261,5476.7515
9262,7769.545
9263,7667.876
9265,11020.99
9266,16353.901
9271,14070.122
9273,7446.802
9274,5924.85
9275,11841.159
9275,16944.373
9275,9315.831
9276,14301.009
9276,5786.7554
9278,10876.78
9278,10472.937
9278,10517.922
9279,7349.3486
9279,8081.1533
9281,10584.592
9281,12064.065
9281,11936.815
9281,11936.815
9281,5500.84
9282,6045.3184
9282,6925.8447
9282,10154.938
9282,7358.79
9283,9381.868
9285,10598.188
9286,4830.946
9287,6814.6636
9289,6705.2666
9290,9589.173
9290,6713.881
9290,13323.621
9290,5381.915
9292,6965.2417
9292,14130.679
9292,7624.505
9293,14129.264
9293,8342.449
9294,4624.3096
9295,11478.784
9295,9691.407
9295,9488.018
9296,29270.467
9296,7813.0103
9297,10290.551
9298,9950.046
9298,11089.717
9299,6437.8325
9301,11193.654
9301,10182.007
9301,12343.421
9301,11555.479
9302,8436.84
9302,12462.09
9304,12127.318
9304,6781.1284
9304,6781.1284
9306,10428.063
9310,5615.1836
9314,16182.936
9314,16781.455
9314,10124.407
9315,10011.14
9316,6844.6353
9317,7486.941
9319,7677.726
9322,12084.287
9323,6814.6636
9324,5378.4814
9324,9899.224
9326,6244.19
9328,11741.094
9330,13375.02
9330,15422.994
9330,17318.764
9331,6625.3984
9331,8014.84
9332,10682.705
9332,12662.267
9333,6143.9497
9333,7931.0386
9333,7847.3726
9333,7149.7964
9334,10886.951
9335,7857.453
9335,11167.113
9335,7427.7056
9336,17659.59
9336,10445.025
9336,9899.224
9337,7009.3945
9339,6965.2417
9341,12996.412
9341,12669.152
9341,12859.317
9342,9856.799
9342,7941.227
9343,12200.558
9343,10818.47
9343,12330.631
9343,12330.631
9343,13736.761
9343,6271.6587
9344,9582.983
9344,22360.258
9344,9481.893
9346,12412.364
9346,7596.732
9346,5799.907
9347,12140.431
9348,6658.7856
9352,10290.551
9352,10517.922
9354,9856.799
9354,5040.3384
9354,8031.0703
9355,15681.553
9358,7164.2754
9358,9794.723
9359,11320.203
9361,6214.0547
9361,7792.975
9362,7813.748
9366,6781.1284
9366,6862.2324
9368,11271.786
9370,7240.6597
9370,7190.4673
9371,7687.5894
9372,7941.227
9373,7159.6504
9374,11186.429
9376,7226.0195
9376,11666.05
9377,7390.464
9377,6342.622
9377,6892.4136
9380,13853.211
9383,12351.287
9383,7004.87
9384,10154.938
9384,15763.771
9384,12084.287
9385,11462.986
9386,10011.226
9389,13736.761
9391,9948.167
9391,11152.786
9391,10601.809
9394,9899.224
9397,6916.9653
9399,7078.886
9399,19685.918
9401,8431.394
9403,7004.87
9404,11309.034
9405,12873.221
9405,7048.6016
9407,7159.6504
9407,11666.05
9407,12519.427
9408,8070.7856
9408,10068.094
9408,11186.429
9411,7307.779
9412,5473.7744
9413,5381.915
9414,14301.009
9416,11617.251
9416,11908.523
9417,12148.283
9419,6843.9956
9419,6560.3013
9424,12976.5205
9424,11944.435
9424,8039.761
9425,16600.938
9425,15821.383
9428,12163.889
9428,16489.203
9431,7769.545
9432,6200.9043
9432,6200.9043
9433,6487.572
9435,25240.283
9435,25493.094
9439,11923.821
9440,6858.503
9442,6696.0312
9442,10290.551
9443,11486.21
9444,14733.545
9444,11841.159
9447,10992.73
9448,7408.6587
9448,10675.81
9448,7349.3486
9449,7539.202
9450,12192.683
9450,12192.683
9450,12064.065
9450,12117.133
9451,5991.884
9451,5754.605
9452,10750.419
9452,10385.938
9457,6418.476
9457,11167.113
9460,10925.709
9461,6551.8843
9462,7906.454
9463,5151.717
9464,10225.82
9465,5046.814
9465,5046.814
9465,10517.922
9467,10818.47
9467,10933.799
9467,14735.0625
9468,11075.49
9471,9961.887
9471,10290.551
9471,12343.421
9471,7677.726
9471,11312.982
9471,11555.479
9471,8526.781
9471,10290.551
9471,10182.007
9471,11433.593
9474,5416.027
9474,13241.064
9474,13241.064
9474,12127.318
9475,30285.508
9475,7544.072
9475,7084.128
9476,11767.798
9478,7385.686
9478,11608.656
9479,9961.887
9479,5615.1836
9482,25525.84
9483,11294.525
9483,5615.1836
9483,5622.397
9484,7164.2754
9486,5381.4067
9487,5862.3447
9489,7235.3022
9489,7677.726
9492,5298.9355
9494,18492.266
9494,10465.188
9494,12075.347
9494,18492.266
9495,7544.072
9498,6033.7104
9498,11741.094
9498,7941.227
9502,5424.8374
9503,5229.058
9504,12378.198
9505,7857.453
625,1182.4408
625,1162.5942
625,1162.5942
626,965.31775
626,796.12286
626,1066.4615
626,810.1666
626,1193.4102
626,1193.4102
626,874.92584
626,1142.3317
626,1142.3317
626,1118.3405
626,1130.2725
626,1118.3405
626,1118.3405
626,1148.8345
626,1131.832
626,1118.3405
626,1142.3317
626,1118.3405
626,1142.3317
626,1118.3405
626,1142.3317
626,1130.2725
626,865.6871
626,966.55896
626,1142.3317
626,1118.3405
626,1142.3317
9505,5442.812
9507,5881.163
9510,14949.603
9511,10334.842
9513,10818.47
9513,7307.779
9513,12330.631
9513,12330.631
9513,12462.09
9513,12594.938
9513,10933.799
9515,10904.742
9516,6469.6636
9516,12412.364
9516,5880.6133
9519,10584.592
9519,11340.844
9521,5265.5557
9521,15211.363
9523,10004.763
9524,7004.87
9525,7010.0566
9525,7644.8213
9526,15848.733
9526,7044.717
9526,15848.733
9526,13613.354
9526,18751.31
9527,10563.191
9527,10563.191
9529,7221.41
9530,11570.322
9530,11636.146
9530,11320.203
9532,6214.0547
9533,9856.799
9533,10811.477
9533,10811.477
9533,11810.807
9537,6781.1284
9539,6556.123
9539,13101.389
9540,15411.599
9540,20185.615
9540,7725.5986
9541,11127.499
9541,8010.484
9541,7240.6597
9541,7240.6597
9542,10602.891
9545,6641.71
9547,7226.0195
9547,5746.635
9547,7886.179
9548,12715.455
9548,12064.065
9548,8917.4
9548,6342.622
9549,27203.088
9550,5594.7285
9551,16353.901
9551,16353.901
9552,10511.223
9552,11562.953
9552,5995.7085
9555,5158.335
9555,10925.709
9555,13157.776
9555,12084.287
9556,12066.517
9556,13491.659
9557,13457.063
9557,11175.381
9561,13883.209
9562,11152.786
9562,10161.42
9565,16088.139
9568,7069.804
9569,7385.686
9569,10445.025
9569,10704.348
9570,7688.308
9571,8538.541
9572,11767.798
9572,9169.008
9573,10004.763
9574,7044.0513
9574,7114.613
9576,12873.221
9576,12737.437
9576,11057.505
9576,10111.418
9580,8070.7856
9580,8526.781
9580,21521.38
9581,7591.828
9581,7591.828
9581,8310.381
9581,10704.348
9586,14000.901
9586,10068.094
9586,8106.2812
9586,7114.613
9587,7004.87
9590,6925.8447
9593,11698.339
9596,8039.761
9596,4729.5547
9596,10750.327
9596,11075.49
9596,12976.5205
9596,11944.435
9596,18876.59
9596,7267.124
9598,5265.5557
9598,5779.3306
9600,10987.856
9600,12293.559
9604,13087.114
9604,7053.7666
9607,16715.246
9609,7526.959
9609,11119.351
9610,24958.113
9611,9856.799
9611,11923.821
9612,6858.503
9618,11366.106
9618,10811.477
9618,17364.908
9620,10630.148
9621,9524.493
9624,5314.374
9624,10385.938
9625,6059.0635
9625,6667.34
9625,6667.34
9625,6357.6367
9625,13653.011
9627,13439.8125
9627,5877.967
9630,6705.2666
9632,12651.704
9633,7591.828
9634,6551.8843
9636,4845.9688
9640,10818.47
9640,10933.799
9641,6271.6587
9641,7267.124
9642,5497.336
9642,10451.762
9645,11020.99
9645,10904.742
9645,5272.3203
9645,5654.381
9647,13382.216
9648,6882.9272
9650,6788.4673
9651,26933.32
9653,10536.115
9656,7271.818
9658,26334.115
9658,26334.115
9658,26334.115
9659,17583.928
9659,19955.762
9659,10871.957
9660,5630.195
9660,7759.5767
9660,5924.85
9660,10004.763
9663,15952.279
9664,11145.683
9664,9589.173
9664,18516.002
9665,104920.47
9667,5416.027
9668,6136.0728
9669,5840.394
9674,14279.884
9677,6143.3696
9677,10912.816
9678,10750.419
9680,6132.1523
9681,6361.7437
9681,11493.53
9681,10117.959
9682,10182.007
9682,14121.666
9682,8162.102
9682,8162.102
9683,12812.479
9683,15034.636
9683,11749.787
9683,11558.917
9691,5302.318
9693,15526.053
9694,7596.732
9694,10225.82
9694,7248.495
9694,10445.025
9694,12456.552
9697,10111.418
9697,10111.418
9698,15322.884
9698,7010.0566
9698,7644.8213
9699,8764.769
9700,10563.191
9700,10675.81
9702,10472.937
9702,10472.937
9702,7469.252
9703,5786.7554
9704,11636.146
9704,15355.464
9704,10818.47
9704,11570.322
9704,11343.137
9704,14441.443
9705,5869.876
9705,15938.896
9706,7322.585
9706,10743.47
9707,15366.833
9707,13416.619
9709,7582.088
9710,11264.511
9710,6192.948
9711,5555.9497
9711,5555.9497
9712,6263.6123
9714,15411.599
9715,8666.71
9716,72947.21
9716,11944.435
9718,13971.195
9720,9069.594
9724,5355.4346
9725,26221.264
9727,31107.691
9727,12330.631
9728,24694.682
9728,5155.0444
9729,9059.789
9730,12325.163
9730,13635.495
9730,10068.094
9730,12066.517
9731,12330.631
9734,5881.163
9735,8732.851
9735,5615.1836
9738,8681.693
9738,7847.3726
9738,7123.7524
9740,5862.3447
9740,5862.3447
9741,11842.379
9744,7688.308
9744,13232.505
9745,14424.375
9747,11767.798
9752,9679.879
9756,8310.381
9756,7591.828
9756,8310.381
9756,7591.828
9757,7240.6597
9759,10584.592
9759,7226.0195
9760,13670.549
9761,10697.4375
9761,8106.2812
9761,10068.094
9762,10334.842
9763,11278.97
9768,9899.224
9768,10111.418
9769,25731.791
9770,10890.752
9774,11790.515
9775,12473.838
9777,17062.64
9779,7240.6597
9780,10451.762
9781,26056.336
9781,13736.761
9781,7044.717
9783,13149.2705
9784,7688.308
9784,12486.1455
9784,12395.27
9784,11119.351
9784,6037.562
9785,7159.6504
9786,5714.1294
9788,10689.523
9788,7813.748
626,976.873
626,1106.5343
626,987.29694
626,976.873
626,1130.2725
626,1118.3405
626,1142.3317
626,976.873
626,1130.2725
626,1142.3317
627,1001.49084
627,834.4138
627,1009.1319
627,1006.54193
627,1053.9467
627,952.5768
627,825.96234
627,825.96234
627,825.96234
627,1080.9274
627,1080.9274
627,1133.8059
627,1133.8059
627,1077.9506
627,1077.9506
628,1022.32495
628,959.2322
628,959.2322
628,959.2322
628,959.2322
9789,35046.965
9789,13883.209
9791,14094.445
9791,22067.666
9791,30169.129
9792,6275.71
9793,25944.7
9794,14560.8125
9796,6329.7974
9797,9048.166
9798,6393.8022
9799,7200.3774
9799,7200.3774
9801,17968.799
9802,10524.726
9802,8233.285
9802,27238.03
9803,7484.385
9804,9856.799
9808,6174.964
9808,12611.117
9810,5416.027
9813,8764.769
9813,11413.861
9814,11438.054
9815,5378.4814
9817,11068.425
9817,13736.761
9817,6271.6587
9818,11160.001
9819,13178.474
9820,6786.1494
9820,6011.1235
9820,10111.418
9821,10865.022
9821,10980.857
9821,14503.475
9823,11301.82
9823,241180.45
9827,10068.094
9828,11366.106
9828,10472.937
9828,13232.505
9828,10697.4375
9831,12737.437
9831,6351.364
9833,10445.025
9833,12200.558
9833,10334.842
9836,13327.573
9836,8494.013
9836,8584.572
9836,7759.5767
9837,8121.9375
9841,11145.683
9843,6128.1997
9845,14211.055
9845,6136.0728
9846,7349.3486
9847,11608.656
9847,11608.656
9850,28739.697
9850,28739.697
9850,28739.697
9853,31638.56
9853,10750.327
9853,23921.457
9856,5754.0176
9856,15981.364
9857,12067.645
9858,6063.55
9863,6402.016
9863,7119.154
9864,14733.545
9867,5630.195
9870,5298.9355
9870,7091.7876
9870,5265.5557
9872,6597.626
9873,7084.128
9873,6346.0713
9874,10398.238
9875,15486.241
9876,8764.769
9877,11422.312
9878,7164.2754
9878,11415.026
9880,22693.408
9881,5779.3306
9881,14371.836
9882,5932.456
9882,14951.0
9885,7764.596
9886,7582.088
9890,15952.279
9890,9053.941
9891,8479.354
9891,8479.354
9891,8389.904
9891,10290.551
9891,10290.551
9892,10789.71
9894,13583.096
9895,14120.13
9896,12318.465
9896,8197.999
9897,5995.7085
9898,10341.518
9898,10341.518
9898,15088.173
9900,15010.895
9900,12064.065
9900,12192.683
9900,10697.4375
9900,10811.477
9901,7564.8887
9901,7564.8887
9901,6792.8584
9901,14515.666
9901,11666.05
9901,14150.166
9901,5995.7085
9901,5355.4346
9904,11885.66
9904,7754.6343
9905,31107.691
9907,7601.581
9908,5416.027
9909,11246.218
9909,13901.043
9909,8331.746
9912,11732.419
9912,8039.761
9916,7847.3726
9916,8681.693
9918,6523.1943
9918,5924.85
9918,5924.85
9920,7591.828
9921,7644.8213
9921,7644.8213
9925,11174.337
9925,282404.66
9926,9375.8125
9926,13109.75
9930,5497.336
9930,7847.3726
9931,6781.769
9932,5866.087
9933,8968.125
9934,8000.2065
9935,8039.761
9936,12330.631
9939,14150.166
9942,7164.2754
9942,10232.348
9946,12448.618
9946,9899.224
9948,11810.807
9952,11513.399
9954,11020.99
9954,7317.851
9954,11020.99
9954,11020.99
9954,6486.297
9954,10789.71
9955,5119.308
9955,19309.871
9959,13883.209
9959,13149.2705
9959,12196.3
9959,10563.191
9960,9856.799
9961,13604.566
9961,15671.431
9965,5991.884
9965,5815.9614
9967,6612.62
9967,35420.586
9968,7526.959
9970,14244.707
9971,11643.662
9972,5815.9614
9972,12256.61
9972,13618.002
9973,10451.762
9973,10399.28
9974,18255.7
9974,18038.133
9979,10818.47
9979,16292.8125
9979,8575.292
9979,8666.71
9980,5594.7285
9987,8082.741
9987,10004.763
9992,8764.769
9996,8106.2812
9996,11305.68
9996,10904.742
9996,15422.994
9996,16776.479
9997,6132.1523
9998,10987.856
9999,7484.385
9999,7715.6943
9999,29966.049
10000,10865.022
10002,14301.009
10003,5866.087
10004,7484.385
10006,7548.887
10009,26056.336
10009,7271.818
10010,10182.007
10011,4411.5166
10011,5622.397
10011,12342.149
10012,10334.842
10012,9156.38
10012,12330.631
10012,10334.842
10012,10445.025
10013,10636.923
10016,6236.178
10018,7349.3486
10019,5416.027
10019,10904.742
10019,10904.742
10019,5995.7085
10020,7991.558
10020,11264.511
10020,10334.842
10020,11264.511
10020,11264.511
10020,11264.511
10023,10743.47
10028,6482.7715
10028,8379.147
10029,6479.248
10030,14559.4375
10032,6075.829
10032,11057.505
10033,7847.3726
10035,7596.732
10036,11900.928
10036,12441.853
10038,7479.5537
10038,8296.047
10038,10111.418
10039,12127.318
10042,31365.047
10043,20490.527
10043,6402.016
10043,15249.028
10045,11791.628
10046,12954.818
10046,6003.411
10046,5690.2197
10046,5924.85
10049,5381.915
10051,10297.197
10051,24231.07
10052,6003.411
10053,7084.128
10053,10225.82
10053,6781.769
10053,7837.304
10053,7084.128
10055,16927.654
10055,24067.984
10058,5412.531
10061,5873.623
10062,14951.0
10063,10911.692
10063,10334.842
10064,16535.582
10064,7721.4
10065,6423.2285
10069,6739.1143
10070,9053.941
10071,8389.904
10071,8479.354
10071,8479.354
10076,86021.96
10076,12318.465
10076,8197.999
10076,15270.043
10078,10563.191
10078,12448.618
10078,10341.518
10078,10341.518
10079,8446.759
10080,12064.065
10080,10811.477
10080,10697.4375
10080,12192.683
10080,10111.418
10080,11784.017
10080,12192.683
628,959.2322
628,1009.1319
628,871.1727
628,947.1839
628,973.64465
628,1065.0922
628,1065.0922
628,900.34436
628,1169.0923
628,943.1284
628,809.12604
628,792.12665
628,809.12604
628,783.7612
628,805.1404
628,813.7341
628,805.1404
628,801.6863
628,801.6863
628,793.22003
628,793.22003
628,801.6863
628,784.8431
628,793.22003
628,793.22003
628,793.22003
628,776.55444
628,801.6863
628,776.55444
628,776.55444
10080,12192.683
10080,11810.908
10082,7564.8887
10082,7564.8887
10083,8731.085
10084,17181.75
10084,16251.035
10085,20820.588
10085,11028.12
10086,15742.062
10087,11020.99
10088,13101.389
10090,19542.793
10090,10980.857
10090,8420.576
10090,8331.746
10090,11366.106
10090,13901.043
10090,13289.457
10091,15889.477
10093,11732.419
10093,5873.623
10094,9183.992
10096,9892.834
10096,13816.292
10096,10445.025
10096,8580.831
10098,11422.312
10098,14762.013
10098,12804.208
10099,8479.354
10100,7591.828
10102,12333.124
10104,6402.016
10106,11413.861
10106,11999.391
10107,16222.99
10108,16212.519
10111,7400.6494
10111,6617.5225
10112,12606.8125
10113,5862.3447
10113,8209.306
10113,13241.064
10114,8968.125
10115,8000.2065
10116,11145.683
10122,14585.984
10122,13431.138
10126,7941.227
10129,10859.024
10129,11667.24
10129,11810.807
10130,10297.197
10130,6397.9385
10133,6402.016
10134,14192.823
10134,12628.606
10134,5837.219
10137,19309.871
10137,8010.484
10138,7931.0386
10138,7931.0386
10139,10904.742
10141,6739.1143
10144,6938.4736
10145,10451.762
10145,10911.692
10147,13106.5
10147,6055.77
10147,12594.938
10149,11782.915
10150,11391.947
10151,13748.308
10153,10911.692
10155,8479.354
10161,7954.956
10161,16466.51
10162,20798.102
10164,10584.592
10164,11674.6875
10164,11429.689
10164,10811.477
10165,14291.887
10165,15034.636
10165,15455.698
10169,8168.909
10171,11544.088
10173,7639.945
10177,6916.9653
10179,35805.395
10180,13677.892
10181,3970.426
10181,27202.879
10182,34186.3
10184,27804.107
10184,27804.107
10184,27684.984
10184,27684.984
10184,28400.09
10185,8463.073
10186,12044.383
10193,9254.001
10196,10636.923
10196,6136.0728
10197,5532.137
10197,11991.6455
10197,15439.684
10200,11658.619
10202,7731.319
10202,8463.073
10203,8255.224
10204,6311.4097
10206,10743.47
10206,10518.013
10206,13289.457
10209,12598.675
10210,12889.757
10210,12594.938
10211,6482.7715
10214,12737.437
10214,11294.525
10214,12603.073
10214,13232.505
10214,7376.21
10215,10818.47
10216,13292.145
10216,11028.12
10217,12979.838
10219,11138.488
10219,12027.807
10219,11020.99
10221,6055.77
10221,11513.399
10221,8296.047
10221,7479.5537
10222,6402.016
10222,12127.318
10224,11593.763
10224,11593.763
10225,10980.857
10226,9464.581
10228,7084.79
10232,9582.983
10232,7858.1953
10235,11264.511
10236,11923.821
10236,6551.8843
10238,13170.067
10239,10675.81
10241,7910.7007
10243,8606.634
10244,9254.001
10245,7349.3486
10246,6136.0728
10255,14424.375
10255,9578.67
10256,11415.026
10256,7317.851
10258,7381.672
10264,6210.0903
10266,6977.9424
10267,11264.511
10268,16776.336
10270,15909.888
10271,10789.71
10274,10334.842
10275,14981.975
10276,7596.732
10277,10117.959
10277,11278.97
10278,11732.419
10278,16900.941
10279,10918.74
10281,17844.25
10282,11422.312
10282,28418.19
10283,6771.7954
10283,5615.1836
10284,12440.583
10284,8111.517
10285,8650.078
10286,12059.8545
10286,13918.9
10288,6402.016
10291,10630.148
10291,10630.148
10291,10858.009
10291,10858.009
10291,13883.209
10292,6093.531
10293,15342.567
10295,7858.1953
10300,6543.4844
10300,11175.381
10302,10959.691
10302,13010.575
10302,8076.761
10304,7644.8213
10304,7644.8213
10305,6011.1235
10306,32099.197
10308,13883.209
10308,6853.428
10309,11999.391
10309,15696.216
10311,9612.78
10312,20287.326
10313,6543.4844
10313,7241.3364
10314,10225.82
10314,6688.072
10314,6466.147
10314,14288.998
10316,6514.8247
10316,11810.807
10317,18273.729
10317,7644.8213
10317,7644.8213
10319,10980.857
10321,8168.1455
10327,6696.6636
10329,6593.417
10330,10563.191
10330,10563.191
10331,14362.56
10331,10225.82
10331,12379.367
10332,13246.23
10333,6688.072
10333,11478.784
10333,16810.322
10333,16989.535
10333,16810.322
10335,8824.164
10336,12334.288
10337,19384.268
10338,11991.6455
10338,16038.257
10338,11629.822
10339,13157.663
10340,49653.074
10340,11592.68
10341,8753.523
10341,14211.055
10341,5473.7744
10342,8343.237
10342,7200.3774
10342,7226.0195
10345,12171.642
10346,12264.516
10346,5690.2197
10349,13208.422
10349,11674.6875
10349,11551.533
10349,11429.689
10350,6370.518
10350,6461.363
10350,15455.698
10351,9411.049
10351,7308.462
10351,8095.8887
10352,10675.891
10353,8217.414
10356,12179.515
10356,12954.818
10357,13623.315
10357,16371.599
10359,8479.354
10362,13905.154
10362,14359.655
10362,13439.8125
10365,13013.095
10367,8935.467
10367,8162.865
10367,7267.124
10368,7564.8887
10371,7601.581
10372,11885.66
10374,13823.832
10377,17318.764
10378,9411.049
10378,7317.851
10378,9254.001
10380,10004.763
10384,12059.8545
10384,5739.2617
10387,6763.7456
10388,8553.303
10388,7731.319
10389,28579.854
10389,8255.224
10392,11294.525
10395,7813.748
10396,6143.9497
10396,15422.994
10396,12889.757
10398,10796.597
10399,12326.315
10401,27860.22
628,784.8431
628,813.7341
628,813.7341
628,805.1404
628,813.7341
628,805.1404
628,813.7341
628,813.7341
628,813.7341
628,813.7341
628,805.1404
628,796.6377
628,805.1404
628,813.7341
628,796.6377
628,813.7341
628,796.6377
628,805.1404
628,796.6377
628,805.1404
628,805.1404
628,796.6377
628,813.7341
628,805.1404
628,813.7341
628,813.7341
628,796.6377
628,796.6377
628,796.6377
629,980.455
10401,10933.799
10406,10811.477
10407,6055.77
10409,10010.137
10410,7450.802
10411,11097.928
10412,25944.7
10412,6883.577
10412,27202.879
10412,9565.487
10415,9156.38
10416,29966.049
10416,29966.049
10416,11932.649
10419,10048.764
10419,13985.567
10423,8704.021
10424,12379.367
10424,10743.47
10424,140697.4
10427,9612.78
10428,10789.71
10428,11020.99
10428,12741.216
10428,10789.71
10428,11105.086
10428,15366.833
10429,16949.398
10430,7925.9795
10431,9092.91
10433,13883.209
10435,8037.0166
10436,7635.0205
10437,86298.13
10437,8753.523
10438,13816.292
10439,7150.465
10441,9630.308
10443,6604.142
10445,7644.8213
10446,7381.672
10446,10682.705
10447,11486.21
10447,11658.619
10449,7110.02
10450,11636.235
10453,5991.884
10453,6402.016
10453,335922.56
10454,7159.6504
10455,9458.472
10457,32399.777
10457,18450.32
10462,11732.419
10463,6450.876
10463,5775.6387
10463,7159.6504
10466,11035.148
10468,10682.705
10468,10682.705
10470,99363.47
10471,12127.318
10471,9254.001
10472,14067.277
10472,15889.477
10473,10682.705
10476,9207.604
10476,5815.9614
10477,14626.438
10477,15276.817
10478,10630.148
10478,10858.009
10479,11885.66
10479,13235.181
10481,13236.431
10482,7858.1953
10483,11487.283
10483,7858.1953
10483,24958.113
10483,15170.926
10483,24958.113
10485,9624.22
10485,8302.189
10487,6271.6587
10487,13883.209
10490,23905.994
10494,31398.986
10494,8066.399
10497,12264.516
10497,12052.174
10497,11264.511
10497,13903.8545
10497,8082.741
10498,5903.2676
10499,5991.884
10499,13201.243
10501,13087.114
10501,14362.56
10502,10445.025
10504,7427.7056
10508,7522.1
10508,8915.198
10512,14908.254
10512,7460.3735
10514,12020.135
10515,6210.0903
10517,13289.457
10518,12404.447
10519,10334.842
10520,14515.666
10521,13004.794
10521,11908.523
10523,12067.645
10528,38801.44
10528,25764.844
10530,8753.523
10534,17364.908
10534,14900.237
10536,11651.083
10537,7941.227
10538,8398.983
10539,6370.518
10539,8858.215
10542,12309.351
10543,10372.613
10546,12171.642
10546,13439.8125
10546,7207.4893
10546,5718.3604
10546,11983.996
10548,11097.928
10548,11097.928
10550,14359.655
10551,11366.106
10553,17296.545
10553,12225.182
10553,11717.468
10556,7539.202
10556,8479.354
10556,8162.865
10558,10743.47
10558,26334.115
10560,11544.088
10562,13671.827
10562,5739.311
10567,10111.418
10567,5840.9897
10567,13004.794
10568,7317.851
10570,12462.09
10571,12889.757
10572,8209.306
10572,22540.67
10574,15889.477
10575,9248.098
10576,11145.683
10576,11050.356
10577,6763.7456
10577,5040.3384
10577,27202.879
10577,215939.4
10580,6189.588
10580,15342.567
10580,7721.4
10580,8332.533
10581,17225.904
10581,9825.187
10584,8915.198
10584,11659.721
10584,11536.714
10588,12594.938
10589,15356.899
10589,10675.81
10600,15089.598
10602,11301.82
10602,11158.787
10602,6883.577
10607,5954.1455
10608,12796.054
10609,10155.897
10609,7596.732
10609,13985.567
10614,8716.017
10615,6206.0815
10618,10789.71
10618,11223.48
10618,10789.71
10618,11020.99
10618,12741.216
10619,5779.3306
10619,16949.398
10622,8274.773
10623,11976.363
10623,11741.094
10623,13883.209
10625,10366.977
10626,12954.818
10628,10865.022
10628,87218.11
10631,8666.71
10633,10904.742
10633,10925.709
10635,15851.938
10636,7986.3994
10636,7986.3994
10639,9790.323
10640,29086.36
10640,8141.172
10640,13276.345
10641,6033.7104
10641,11294.525
10642,11651.083
10644,6892.4136
10644,11464.156
10646,16361.155
10646,11609.741
10646,7644.8213
10650,8157.666
10652,11536.714
10654,8121.9375
10655,11264.511
10655,11917.341
10655,11050.356
10656,9254.001
10656,7886.179
10658,17409.549
10659,10911.692
10659,10796.597
10662,37828.227
10662,15587.419
10662,14067.277
10662,15422.994
10663,6927.2056
10664,12285.7295
10666,24176.455
10666,17363.285
10668,10858.009
10669,12949.074
10669,8197.999
10669,11586.379
10671,25509.559
10672,6033.7104
10680,14211.055
10680,13780.864
10681,11536.714
10681,16770.607
10681,7915.8105
10681,14525.041
10681,14700.139
10682,12334.288
10684,11885.66
10685,16007.48
10685,6814.6636
10685,6814.6636
10685,6814.6636
10685,11097.928
10685,11216.235
10685,31398.986
10687,14900.237
10688,5940.638
10688,11264.511
10688,11264.511
10691,15337.197
10692,10630.148
10692,10973.77
10693,5903.2676
10693,12408.683
10693,12277.787
10694,15740.365
10696,5840.9897
10696,13101.389
10697,16424.287
10698,13157.663
10701,6593.417
10701,17202.182
10702,12379.367
10702,11849.926
10703,7460.3735
10704,5903.2676
10706,8731.085
10707,12163.889
10709,7715.6943
10709,6085.7124
10709,17506.92
10710,6479.248
10711,11806.774
10711,10073.502
10711,25509.559
10712,15237.645
10716,8437.636
10716,54234.273
10719,7981.305
10720,8765.596
10721,13292.145
10724,8390.696
10725,10219.22
10725,12650.341
10727,8846.85
10727,16089.889
10728,11651.083
629,920.531
629,920.531
629,1112.72
629,1112.72
629,1112.72
629,1112.72
629,962.65125
629,747.8726
629,1067.2517
629,912.38745
629,1078.6392
629,1223.1763
630,1054.9412
630,1132.5636
630,916.81665
630,938.4759
630,858.65674
630,814.7806
630,818.291
630,966.18115
630,669.9891
630,920.2657
630,827.02454
630,867.8205
630,961.41504
630,814.7806
630,806.17584
630,818.291
630,809.6496
630,997.4425
10728,29687.848
10729,11422.312
10730,24246.744
10730,8280.118
10730,13149.2705
10732,6055.77
10732,8858.215
10733,15352.359
10735,10042.277
10736,14444.254
10738,12043.257
10738,12171.642
10739,11651.083
10739,11264.511
10740,14658.097
10742,6696.6636
10743,11917.341
10744,11487.283
10748,7635.0205
10749,15229.465
10750,10858.009
10752,6163.1074
10752,6362.344
10752,12256.61
10752,27203.088
10754,17480.926
10757,6995.883
10758,11849.926
10760,5903.2676
10761,15173.994
10761,6120.337
10761,230274.7
10763,11216.235
10763,10865.022
10763,8814.633
10764,6551.8843
10765,22482.873
10766,11885.66
10766,11760.292
10766,12565.183
10767,13677.892
10769,12457.835
10769,7141.2905
10771,9661.303
10772,27804.107
10772,27804.107
10772,28400.09
10773,6189.588
10775,11917.341
10777,13232.505
10778,15696.216
10780,9440.312
10781,12594.938
10786,6844.6353
10786,7688.308
10787,6343.215
10787,8765.596
10789,6029.8154
10790,10257.626
10793,15180.725
10796,11544.088
10796,14061.161
10796,11158.787
10797,6120.337
10797,6055.77
10798,19861.623
10798,15332.664
10800,5991.884
10800,5815.9614
10800,14920.786
10800,12793.466
10801,8753.523
10802,15676.079
10804,5500.84
10805,8959.276
10807,8716.017
10808,17336.71
10809,7597.449
10812,7159.6504
10813,13143.44
10814,8704.021
10817,11741.094
10819,11667.24
10819,13092.932
10821,11866.269
10821,15696.216
10822,10980.857
10823,15509.27
10823,8274.773
10824,13170.067
10824,12000.523
10824,12608.003
10825,5907.0356
10826,29649.762
10827,12111.76
10827,11593.763
10830,11767.798
10832,12440.583
10833,30608.371
10833,30608.371
10833,24958.113
10835,8157.666
10836,14129.156
10838,12148.283
10838,17725.803
10839,8527.587
10844,8244.632
10846,7159.6504
10847,18641.488
10850,9254.001
10850,7150.465
10850,9776.84
10851,14450.661
10851,11294.525
10852,5615.1836
10853,18795.695
10859,7119.154
10860,6120.337
10860,20270.307
10861,6734.7573
10861,11216.235
10863,208908.16
10866,12277.787
10867,6098.0425
10868,12818.162
10869,12059.8545
10869,15229.465
10872,6037.562
10873,11366.106
10874,5622.397
10874,15909.888
10874,13730.67
10878,7272.505
10879,29985.174
10880,13587.112
10884,12200.558
10885,20400.81
10886,8162.865
10886,10630.148
10886,10973.77
10887,6029.8154
10887,30305.068
10887,30305.068
10888,8031.8286
10888,5966.209
10889,11593.763
10891,7639.945
10891,15342.567
10891,13241.064
10891,5903.2676
10896,19660.662
10897,11849.926
10901,15624.45
10905,14823.936
10907,23389.234
10907,11609.741
10907,7366.7466
10907,15237.645
10910,15422.994
10912,13965.001
10913,47447.617
10913,27203.088
10913,51848.33
10914,12842.819
10914,12842.819
10915,6442.5933
10916,8765.596
10919,9588.14
10920,10973.77
10920,12877.052
10922,8581.642
10923,8846.85
10924,11422.312
10927,9667.46
10927,6055.77
10929,12954.818
10929,9499.182
10929,15422.994
10929,15352.359
10930,8946.946
10930,13587.112
10931,7639.945
10931,11609.741
10933,6743.409
10934,15828.401
10934,16443.596
10935,15260.304
10935,12594.938
10937,20720.412
10937,12611.117
10939,11917.341
10940,12012.376
10942,12859.317
10945,16855.129
10946,7276.4595
10947,11145.683
10947,11893.246
10949,6551.8843
10950,10980.857
10951,11097.928
10951,11264.511
10954,6029.8154
10954,6202.1226
10954,12699.251
10956,12335.441
10957,9242.128
10957,15335.765
10959,10743.47
10959,11216.235
10959,11216.235
10960,11399.218
10962,8396.116
10962,12012.376
10962,9293.822
10962,11885.66
10963,13275.092
10963,13677.892
10964,11732.419
10967,5944.4756
10967,6255.5757
10967,13299.296
10967,14515.666
10968,13023.959
10973,11885.66
10976,11727.139
10976,25764.844
10977,9346.696
10977,11849.926
10980,12293.559
10982,8117.523
10983,7986.3994
10984,6343.215
10984,6466.147
10989,10219.22
10990,11528.189
10993,5903.2676
10993,11384.594
10993,15403.208
10995,6626.643
10995,12628.606
10996,8576.094
10996,13416.619
11002,8959.276
11003,14679.894
11003,7479.5537
11004,11885.66
11005,17521.535
11007,11487.283
11007,11294.622
11007,11659.721
11009,10550.636
11009,9667.46
11010,11258.377
11011,24418.424
11011,13542.246
11014,11391.947
11015,6120.337
11018,12885.356
11019,6630.924
11019,13376.282
11019,8824.164
11020,15674.6
11021,7721.4
11021,12000.523
11021,13310.476
11023,10347.082
11025,6992.08
11025,10743.47
11028,11636.146
11028,6163.054
11029,11145.683
11032,10380.294
11032,18727.254
11033,13023.959
11035,12408.683
11036,23142.516
11037,21137.39
11039,12248.781
11040,8332.533
11040,10925.709
11040,32358.213
11041,29966.049
11043,15889.477
11045,13955.986
11047,13841.471
11048,12111.76
11050,16583.008
11051,49631.01
11051,7191.1465
11053,8633.403
11057,6120.337
11059,31037.133
11060,10966.76
11061,9465.475
11062,6098.0425
11062,10445.025
11062,15422.994
11066,11343.137
11067,12059.8545
11068,10980.857
630,986.9111
630,986.9111
630,845.945
630,845.945
630,837.01154
630,858.65674
630,858.65674
630,849.58954
630,950.5596
630,858.65674
630,988.28094
630,814.7806
630,806.17584
630,997.4425
631,979.82153
631,979.82153
631,965.31775
631,918.16864
631,918.16864
631,862.907
631,853.795
631,1029.7222
631,1029.7222
631,1040.7095
631,853.795
631,1040.7095
631,1040.7095
631,1029.7222
631,1040.7095
631,1018.8507
11068,11908.523
11069,12881.548
11073,8908.603
11074,6986.9067
11075,13390.859
11077,10980.857
11078,14189.953
11078,13577.061
11079,11138.488
11079,8666.71
11081,8037.0166
11082,6120.337
11086,15250.468
11087,11593.763
11087,14279.884
11088,12475.004
11088,11659.721
11088,11659.721
11088,43017.598
11088,8742.293
11089,7986.3994
11090,15671.431
11091,17136.076
11092,10858.009
11093,12233.066
11094,32724.264
11096,30628.14
11102,12963.186
11103,14823.936
11104,7582.088
11104,8533.9
11104,44968.098
11104,11593.763
11104,14679.894
11105,11343.137
11105,11636.146
11105,19392.996
11106,23638.559
11107,12027.807
11108,8914.356
11108,28082.38
11109,10550.636
11109,10285.929
11110,23905.994
11110,11167.113
11111,8624.886
11113,19524.387
11113,12842.819
11113,12842.819
11113,11083.69
11114,14264.339
11114,44493.77
11115,7299.0923
11115,7299.0923
11115,29728.988
11116,6071.9067
11118,9619.897
11119,54397.758
11119,28903.191
11119,13161.566
11119,37658.508
11120,7150.465
11127,12449.782
11128,12682.959
11128,6163.054
11129,11264.511
11130,8337.915
11130,8946.946
11132,7450.802
11132,7294.4365
11132,10309.314
11133,11216.235
11133,19179.795
11136,9242.128
11138,20574.555
11141,8332.533
11146,9777.763
11146,14506.407
11146,13386.186
11147,9157.245
11147,19904.594
11147,43476.15
11148,13841.471
11149,15001.22
11149,12111.76
11150,17895.412
11152,14053.398
11153,11264.511
11153,11145.683
11154,11636.235
11154,12012.376
11154,12310.502
11154,6029.8154
11155,12335.441
11156,14282.662
11156,29649.988
11156,36002.08
11157,9620.806
11159,10973.77
11159,13730.67
11161,11968.621
11161,11791.628
11161,11917.341
11161,18450.32
11162,9465.475
11163,10445.025
11163,6098.0425
11165,24694.682
11166,10980.857
11166,6543.4844
11167,6007.8564
11167,6255.5757
11168,13023.959
11169,12859.317
11170,15186.662
11172,27803.895
11175,8891.506
11175,8474.745
11175,8908.603
11176,13533.621
11177,17323.885
11177,11849.926
11177,9346.696
11178,11471.474
11179,12818.162
11180,13283.564
11180,11138.488
11180,16704.584
11182,8117.523
11182,8209.306
11184,8141.933
11188,25944.7
11188,11097.928
11189,11834.724
11189,11659.721
11189,24589.045
11189,11834.724
11189,10219.22
11189,25116.09
11189,11659.721
11189,13713.055
11190,15260.304
11190,12148.283
11190,29374.693
11192,14165.465
11194,12954.818
11194,10858.009
11194,16759.783
11195,6626.643
11196,6679.4907
11197,8846.85
11198,33361.566
11199,17890.105
11200,30155.725
11202,28082.38
11202,27203.088
11205,10029.394
11206,11343.137
11206,11464.058
11206,7460.3735
11206,7769.545
11209,29747.96
11209,12027.807
11209,6827.0894
11212,14279.884
11212,25132.336
11214,8965.063
11214,6202.1226
11216,12574.485
11217,13087.114
11218,8765.596
11220,10743.47
11220,14908.254
11220,15671.431
11221,55563.758
11225,17329.95
11226,16283.817
11226,7350.0425
11226,49567.34
11227,16240.545
11228,14515.666
11228,17318.764
11229,12963.087
11230,11264.511
11230,11893.246
11231,8426.811
11233,13092.932
11233,7232.046
11233,7450.802
11233,7372.208
11234,8337.915
11234,27237.822
11235,12104.034
11237,9242.128
11238,57187.727
11246,16927.654
11247,9777.763
11248,16240.545
11248,9157.245
11248,14661.061
11248,11055.269
11250,15432.955
11251,15001.22
11255,12899.301
11255,9009.397
11255,26039.518
11255,11384.594
11255,11264.511
11257,15587.419
11257,15422.994
11257,15422.994
11262,13070.337
11262,10105.923
11262,17363.285
11263,13241.064
11263,11917.341
11263,11791.628
11263,11917.341
11263,11544.176
11267,12691.042
11268,8337.915
11268,11097.928
11268,11097.928
11269,6768.747
11269,11549.198
11272,13587.112
11272,11464.058
11276,25525.84
11279,6370.518
11280,11593.763
11284,14667.564
11286,10543.906
11294,14165.465
11294,11586.379
11294,15760.584
11296,11784.017
11299,13695.462
11301,8415.999
11302,12148.283
11302,12408.683
11302,11022.0205
11303,12388.533
11303,13686.739
11303,14016.053
11305,14681.28
11310,19806.69
11312,25781.51
11312,26334.115
11313,30043.082
11314,10695.265
11314,24957.922
11322,17318.764
11322,30904.393
11322,10858.009
11323,9030.732
11325,12954.818
11329,18906.445
11330,7345.354
11333,13078.778
11333,13218.214
11333,11464.058
11333,12156.025
11335,6326.357
11336,19783.412
11337,27237.822
11338,12233.066
11341,16392.629
11345,13293.399
11347,10439.339
11351,13004.794
11351,16240.545
11352,14120.13
11352,14120.13
11355,29649.988
11355,30608.371
11360,10858.009
11360,15422.994
11360,15422.994
11360,15587.419
11360,16112.0625
11364,11857.591
11365,6206.0815
11365,13070.337
11368,12818.162
11368,10366.977
11369,15422.994
11370,12826.344
11372,9833.381
11374,12277.787
11374,12277.787
11376,9010.239
11379,11464.058
11379,11464.058
11379,14634.294
11379,30304.838
11380,15136.515
11382,6370.518
11382,8157.666
11385,13232.505
11387,6406.757
421,725.742
421,725.742
422,675.77655
422,752.4602
422,752.4602
422,752.4602
422,752.4602
422,752.4602
422,752.4602
422,680.0598
422,680.0598
422,680.0598
422,680.0598
422,680.0598
422,680.0598
422,680.0598
422,680.0598
422,808.08716
422,808.08716
422,808.08716
423,778.39526
423,835.93695
423,733.558
423,884.7394
424,735.4462
424,735.4462
424,801.6863
425,741.3185
425,906.7278
425,906.7278
631,1040.7095
631,1040.7095
631,1029.7222
631,1029.7222
631,1040.7095
631,1018.8507
631,862.907
631,853.795
631,853.795
631,844.7791
631,964.60333
631,1060.5328
631,1094.8433
631,1071.8486
631,1094.8433
631,1010.0345
631,940.987
631,940.987
631,876.6998
631,1071.8486
631,1094.8433
631,1071.8486
631,895.51227
631,1071.8486
631,1151.0555
631,1083.285
631,886.0564
631,1151.0555
631,1094.8433
631,974.89655
11387,7299.0923
11389,9009.397
11389,15597.486
11390,26632.045
11392,10893.973
11392,8946.946
11395,8601.965
11399,11760.292
11400,25224.186
11400,5615.1836
11400,15510.72
11401,9833.381
11403,7035.678
11404,25116.09
11405,13619.288
11405,12140.431
11406,23905.994
11406,18999.916
11406,13832.642
11409,10681.554
11413,12449.782
11413,33361.566
11415,12652.899
11415,7469.9575
11416,20462.328
11417,6347.312
11417,8209.306
11419,9306.64
11419,13070.337
11419,9434.218
11420,6479.248
11421,11767.798
11422,8227.962
11427,13965.001
11428,15997.147
11428,12111.76
11430,7313.19
11430,8244.632
11430,12950.285
11431,20357.527
11434,10750.327
11434,6773.074
11434,10670.007
11435,11097.928
11435,11097.928
11435,11216.235
11435,14848.77
11435,8415.999
11437,16464.719
11437,13218.214
11437,13359.122
11442,14120.13
11442,14120.13
11442,6120.337
11447,21073.844
11452,10557.45
11452,11471.474
11455,7808.7637
11455,15931.813
11455,8379.931
11455,17561.37
11455,13143.44
11456,8327.218
11459,9105.442
11460,18539.787
11460,13241.064
11460,13101.389
11463,24694.682
11464,10858.009
11465,11384.594
11469,8209.306
11470,12652.899
11470,14129.156
11472,29856.678
11473,39837.094
11475,7227.4395
11475,24434.195
11477,7408.6587
11478,8348.626
11480,6502.936
11480,12096.222
11481,17784.53
11484,12012.376
11486,29946.707
11487,13101.389
11487,13053.556
11489,14725.537
11489,14270.68
11489,13232.505
11489,12682.959
11491,13887.314
11491,6406.757
11498,10112.373
11500,32102.197
11500,6618.141
11502,52367.633
11503,8390.696
11508,11586.379
11508,11586.379
11508,13510.266
11510,23389.234
11510,11636.146
11511,6535.089
11511,9209.333
11512,12475.004
11512,11667.24
11514,16387.031
11516,12180.653
11518,7071.1865
11519,15422.994
11519,15422.994
11519,10737.631
11520,20680.455
11522,38207.08
11522,12699.143
11523,14147.306
11523,13998.071
11524,12441.853
11525,12963.087
11525,12963.087
11526,29289.373
11526,14848.77
11527,11724.935
11527,9881.074
11530,7159.6504
11530,7159.6504
11531,12511.346
11531,9105.442
11532,11968.621
11533,12954.818
11534,8244.632
11534,14212.396
11537,15010.895
11538,6232.7886
11540,11216.235
11540,11097.928
11540,11097.928
11540,11216.235
11544,30608.371
11548,294832.97
11549,7272.505
11550,7450.802
11554,23653.85
11554,15173.994
11554,12818.162
11557,11784.017
11557,11471.474
11559,15931.813
11560,12148.283
11560,12148.283
11560,12148.283
11560,12020.135
11560,15489.373
11562,13006.035
11565,13241.064
11565,13382.216
11565,13382.216
11565,13382.216
11566,25671.027
11567,12111.76
11572,7858.1953
11572,11138.488
11573,6255.5757
11574,12027.807
11574,11230.644
11575,12652.899
11576,17913.086
11576,32486.38
11577,11586.379
11578,14642.266
11579,41616.906
11580,12044.383
11580,8655.591
11584,10105.923
11584,8666.71
11586,12954.818
11587,15091.008
11588,12012.376
11588,11146.735
11589,8396.116
11594,127478.836
11595,14751.008
11596,12979.739
11600,27203.088
11601,7813.748
11602,9099.643
11602,11983.996
11602,31618.14
11605,13443.8
11605,16989.535
11605,6618.141
11607,12277.787
11609,18394.852
11610,13266.522
11611,5866.087
11613,13275.092
11613,12012.376
11616,19083.473
11621,12180.653
11624,10852.108
11627,13663.119
11628,13524.886
11628,12699.143
11631,6927.2056
11632,11849.926
11633,8908.603
11635,28702.828
11636,12511.346
11637,12549.074
11637,12682.851
11638,13092.932
11638,19511.934
11638,52210.203
11640,11968.621
11640,11842.379
11640,10440.324
11641,7838.0444
11642,13823.713
11643,17936.096
11644,11549.198
11646,28702.828
11646,28278.387
11646,28702.828
11649,10537.1
11650,6275.71
11650,12971.46
11650,11564.034
11651,11799.153
11651,13859.251
11654,13303.241
11654,7272.505
11654,7450.802
11655,21056.145
11655,9961.887
11655,27203.088
11660,23905.994
11661,6572.2637
11663,30062.229
11663,11849.926
11666,12277.787
11666,12277.787
11666,12277.787
11666,12277.787
11667,11442.059
11668,932492.0
11677,6259.6167
11678,14817.363
11681,11223.48
11686,12044.383
11688,16893.432
11688,13303.241
11688,12954.818
11690,12954.818
11696,11216.235
11696,13192.835
11702,12979.739
11703,25400.242
11703,13062.0
11705,9209.333
11708,12779.637
11708,12111.76
11709,15654.49
11711,15696.216
11711,13791.067
11711,13587.112
11712,18444.85
11713,12963.087
11713,12691.042
11715,29649.762
11716,8953.562
11716,14316.594
11717,12954.818
11717,6970.3994
11719,13416.619
11721,14642.266
11722,11471.474
11722,19083.473
11723,8662.0
11726,11173.122
11730,8152.392
11733,15614.364
11737,7195.7847
11737,20807.328
11738,12111.76
11739,12582.619
11743,12549.074
11746,28332.998
11746,11842.379
11746,12096.222
11748,12388.533
11756,38207.08
11756,14120.13
11756,13971.195
11757,24434.195
11757,24434.195
11760,14585.984
11764,14450.661
11764,28635.047
11765,6255.5757
11767,6572.2637
631,1094.8433
631,961.17737
631,886.0564
631,954.4183
631,867.4424
631,1094.8433
631,954.4183
631,867.4424
632,981.08093
632,981.7077
632,1053.9467
632,936.48895
632,1169.2123
633,957.38916
633,957.38916
633,957.38916
633,957.38916
633,957.38916
633,957.38916
633,1139.0115
633,1028.1458
633,1028.1458
633,1028.1458
633,1028.1458
633,1028.1458
633,1120.7128
633,1104.1261
633,1203.5273
633,980.4471
633,1065.9816
11769,11849.926
11774,9943.698
11775,17784.53
11776,12416.698
11780,28400.09
11780,28400.09
11781,18261.934
11781,15422.994
11782,24447.318
11786,14095.776
11790,13109.75
11792,23389.234
11792,23389.234
11793,29270.467
11793,11405.352
11794,13551.006
11795,13092.932
11795,13092.932
11795,14288.998
11795,16724.225
11795,12818.162
11796,19673.361
11796,13510.266
11797,8997.838
11797,10675.81
11804,13153.172
11804,11925.038
11815,12915.87
11815,7177.332
11816,19499.34
11817,10550.636
11817,12277.787
11818,13713.055
11818,31385.305
11820,30647.69
11820,29560.852
11820,12963.087
11820,12826.344
11823,16012.214
11825,28702.828
11825,30496.889
11826,12528.696
11826,12804.208
11830,8662.0
11830,74287.37
11834,14741.472
11836,11145.683
11837,6827.0894
11838,6992.08
11839,8505.728
11840,9230.271
11843,17497.406
11843,16871.758
11843,62532.22
11844,20807.328
11844,7350.0425
11846,12111.76
11846,7075.7
11848,10156.847
11848,15654.49
11850,15597.486
11851,33447.293
11851,12612.404
11853,8908.603
11853,12180.653
11854,21699.41
11854,28332.998
11855,12520.609
11856,12044.383
11859,14165.465
11861,10670.007
11863,14270.68
11863,14270.68
11863,14120.13
11864,15296.44
11867,15347.118
11867,21008.383
11868,9832.462
11869,13906.467
11869,15325.982
11870,8152.392
11871,14604.721
11873,13382.216
11873,20807.328
11873,15076.924
11878,12012.376
11879,10584.592
11880,8152.392
11883,8505.728
11883,19081.69
11886,7848.1133
11886,31014.172
11888,15422.994
11888,7075.7
11888,18261.934
11897,13109.75
11899,23638.559
11899,23638.559
11901,13695.462
11903,34098.645
11904,12942.037
11905,8997.838
11906,8141.933
11912,12052.174
11913,8204.069
11917,11384.594
11917,11384.594
11921,16214.173
11922,12511.346
11923,6434.3335
11923,11968.621
11923,36892.09
11924,19077.832
11925,33738.996
11926,13713.055
11927,13266.522
11927,8332.533
11933,14120.13
11934,12662.267
11935,31839.064
11939,13911.322
11942,14741.472
11943,13841.471
11946,10092.957
11946,12310.502
11946,6992.08
11946,36892.09
11948,17870.783
11948,12818.162
11950,12408.683
11951,25509.34
11954,29728.988
11955,9722.46
11956,10156.847
11957,12277.787
11957,13258.061
11957,12277.787
11958,15763.771
11962,34852.008
11963,13376.282
11965,21671.594
11966,26404.506
11966,27257.988
11967,12044.383
11968,24974.043
11968,24974.043
11969,16715.246
11970,49454.96
11971,20436.078
11971,12682.851
11973,8468.475
11975,9105.442
11975,28082.38
11975,15676.079
11976,16629.635
11979,13080.001
11982,13369.013
11985,42481.8
11986,12233.066
11988,62411.69
11988,28381.732
11988,24851.182
11988,30934.648
11990,14487.811
11998,13850.41
11999,12963.087
12000,12954.818
12004,12787.781
12005,12574.485
12008,8479.354
12009,11138.488
12012,22708.066
12013,13080.001
12014,11709.893
12016,7615.442
12021,35622.016
12028,13868.202
12030,30402.336
12030,12012.376
12030,18677.47
12030,16738.281
12030,16561.734
12030,6618.141
12031,6402.016
12032,16726.043
12035,6163.054
12036,8885.758
12038,12233.066
12044,12027.807
12047,12180.653
12047,14345.488
12048,24160.852
12048,25944.7
12048,25944.7
12048,26221.264
12052,22454.031
12053,6827.0894
12055,11784.017
12058,16715.246
12059,8516.6455
12060,14120.13
12061,13810.074
12061,8655.591
12063,25189.111
12063,36710.285
12066,8162.865
12068,12096.222
12069,14270.68
12071,12682.851
12071,83747.79
12071,12044.383
12075,16507.045
12078,25240.283
12078,25240.283
12079,16715.246
12081,8031.8286
12081,20653.943
12082,11651.083
12084,25671.027
12084,25671.027
12084,14507.791
12085,12989.349
12085,15439.684
12087,13144.682
12089,14681.28
12092,13369.013
12093,11265.563
12094,31638.56
12094,8666.71
12095,29434.174
12095,82970.94
12098,14124.319
12098,14590.311
12098,7026.6514
12099,16738.281
12099,48918.793
12100,7971.065
12100,9334.705
12100,12225.182
12100,35382.3
12105,24160.852
12108,10980.857
12108,41403.76
12109,12963.087
12111,8095.8887
12112,13998.071
12117,16457.56
12119,32358.213
12121,36733.996
12121,36733.996
12123,13219.449
12127,17387.215
12140,30726.445
12141,12148.283
12146,12511.346
12148,11609.741
12148,12363.497
12150,7955.6997
12150,7955.6997
12151,11644.762
12152,11536.714
12152,7701.607
12152,12408.683
12153,12682.851
12154,33030.695
12155,14579.517
12156,11709.893
12156,16029.541
12157,14345.488
12161,12495.295
12165,20927.773
12168,34791.867
12168,16831.916
12168,28082.38
12170,13070.337
12171,13810.074
12174,15424.45
12175,7853.1826
12179,14120.13
12179,36094.28
12179,14270.68
12179,28454.693
12182,26334.115
12182,12682.851
12183,12682.851
12185,7289.7275
12186,16205.237
12190,22329.145
12193,7625.2246
12195,13249.503
12196,12005.847
12196,11709.893
12196,29102.176
12196,25116.09
12196,21096.809
12196,11834.724
12196,15756.677
12199,13671.827
12200,8006.13
12202,13184.319
633,968.13214
633,895.51227
633,895.51227
633,895.51227
633,1126.9867
633,1192.3535
633,860.8665
633,1136.5999
633,860.8665
633,873.8022
633,1136.5999
633,860.8665
633,1067.1509
633,855.4457
633,851.77606
633,864.57526
633,1160.9824
633,860.8665
633,1136.5999
633,1042.7217
634,1055.984
635,1052.2338
635,992.91846
635,992.91846
635,992.91846
635,992.91846
635,992.91846
635,1157.7168
635,1233.6093
635,1170.0686
12206,14422.807
12207,13551.006
12207,10381.273
12209,9512.273
12209,16738.281
12209,26221.264
12209,25944.7
12210,28082.38
12210,12225.182
12210,9334.705
12210,14507.791
12210,36750.008
12215,37010.496
12215,28100.52
12219,11216.235
12220,37779.734
12221,25493.094
12224,20283.398
12224,13742.133
12224,13241.064
12225,17563.012
12226,16270.156
12226,36094.28
12228,12636.666
12228,16632.998
12229,12096.222
12229,28400.09
12230,8565.1
12231,18148.78
12232,13080.001
12236,13382.216
12237,8897.173
12238,21056.145
12238,17387.215
12242,14828.333
12244,25386.438
12244,15567.422
12247,12954.818
12248,21042.713
12252,12408.683
12253,8327.218
12255,10214.63
12257,16632.998
12257,25671.027
12257,25400.242
12260,31284.625
12261,11644.762
12261,14585.984
12261,7955.6997
12261,7955.6997
12265,13232.505
12267,26238.225
12268,25240.283
12268,25240.283
12269,55290.363
12271,30822.006
12271,30954.658
12271,27980.125
12273,6037.562
12282,15791.007
12283,13192.835
12284,36346.242
12284,36891.77
12285,9099.643
12286,50825.496
12288,17659.59
12291,13396.097
12291,13396.097
12295,33825.695
12295,14478.459
12297,15081.396
12300,392957.47
12304,16454.232
12305,13677.892
12308,15756.677
12308,11834.724
12308,25383.848
12308,11834.724
12308,11834.724
12308,12915.87
12308,12915.87
12308,29412.398
12308,21096.809
12311,16387.031
12311,15497.707
12314,8494.814
12315,6037.562
12316,49418.375
12317,12852.328
12319,13382.216
12319,12716.753
12320,14147.306
12321,44379.727
12327,37405.05
12327,15911.375
12332,31838.822
12334,13070.337
12336,13742.133
12336,13382.216
12338,26614.855
12338,26334.115
12338,26334.115
12338,27490.129
12338,16000.383
12339,24649.598
12341,32910.42
12342,11147.777
12342,23389.234
12342,14120.13
12342,15931.813
12342,14908.254
12342,10412.579
12343,14946.58
12345,9512.273
12349,26614.855
12356,34595.098
12359,12233.066
12360,21267.047
12361,17659.59
12361,22693.408
12364,12682.851
12364,58238.363
12369,25944.7
12369,25944.7
12369,25400.242
12369,46050.36
12373,13542.246
12375,9475.718
12377,44881.81
12377,40612.875
12377,40612.875
12378,14354.74
12378,17972.432
12379,24814.283
12379,15105.911
12380,25240.283
12380,25240.283
12381,29102.176
12386,13832.642
12386,13832.642
12388,30608.371
12389,12140.431
12390,7615.442
12392,25671.027
12392,25671.027
12392,11658.619
12392,16179.647
12394,17216.543
12394,15959.355
12396,18383.12
12400,38539.96
12401,33915.855
12401,11799.153
12401,30994.418
12401,11132.435
12403,24160.852
12406,14598.231
12407,24160.852
12407,24160.852
12409,15242.18
12415,12963.087
12416,18474.021
12416,16170.963
12417,16629.635
12417,9422.114
12418,13677.892
12423,28100.52
12423,28702.828
12423,28400.09
12429,13817.689
12430,12852.328
12431,26517.918
12431,13823.713
12432,14147.306
12433,25654.457
12437,14914.085
12437,12096.222
12440,30062.229
12440,30062.229
12443,26302.814
12447,8188.2544
12450,30305.068
12451,17119.17
12454,33447.293
12454,38441.473
12454,32910.42
12455,11147.777
12458,7241.3364
12458,38975.977
12459,14755.369
12459,12582.512
12459,12408.683
12462,10845.104
12465,9434.218
12466,12140.431
12467,15949.176
12467,10272.732
12468,11960.896
12468,61488.8
12474,13911.322
12477,12682.851
12483,13740.836
12485,29649.762
12489,12716.753
12490,13101.389
12492,25078.799
12492,27103.8
12493,17000.51
12494,11070.505
12494,29412.398
12495,13973.914
12498,15309.211
12499,13980.112
12499,48897.105
12499,13980.112
12500,114787.266
12502,14908.254
12506,13938.082
12508,47953.8
12509,18579.1
12512,14307.353
12515,36276.496
12521,30608.371
12522,12915.87
12526,12763.242
12529,18474.021
12530,15136.515
12530,13382.216
12531,17387.215
12531,25240.283
12539,9082.102
12539,6626.643
12541,27860.22
12542,14264.339
12543,7640.6665
12545,6977.9424
12545,12408.683
12545,348790.62
12546,14203.331
12547,13028.506
12547,13501.648
12549,7640.6665
12551,12096.222
12551,11968.621
12551,12225.182
12551,11968.621
12554,27493.066
12554,30062.229
12554,27203.088
12554,27997.957
12554,30062.229
12554,27086.514
12555,16139.915
12556,8565.1
12559,17497.406
12561,14901.645
12565,24418.424
12566,14662.445
12571,12096.222
12573,33030.695
12576,12844.032
12576,39633.105
12576,9093.76
12581,15949.176
12581,6909.442
12581,13841.589
12584,9347.57
12587,14059.632
12587,700981.0
12587,28381.732
12591,26800.592
12592,26073.19
12592,12027.807
12596,12233.066
12598,26238.225
12602,12636.666
12603,12852.328
12605,17266.68
12606,14844.493
12606,28579.854
12607,26221.264
12607,17181.75
12608,11070.505
12610,18577.346
12610,32316.979
12612,31719.893
12613,8565.1
12614,11746.303
12615,34120.668
12616,12963.087
12616,12963.087
12617,27804.107
12617,28400.09
12617,28579.854
12617,28278.387
12618,35469.4
12620,14579.517
12621,16387.031
12621,12691.042
12621,14459.885
635,1073.4285
636,986.0292
636,935.5636
636,1193.4102
636,984.57776
636,1136.7067
636,1108.0605
636,1148.8345
636,1119.8835
637,852.31995
637,852.31995
637,1077.2542
637,931.96436
637,883.12744
637,1047.9805
637,1047.9805
637,936.5846
638,1000.8438
638,1131.832
638,1120.6074
638,882.00085
638,910.5409
638,909.86694
638,979.82153
638,1200.8663
638,1101.6848
638,1101.6848
638,1213.6781
638,1113.4392
638,1113.4392
12622,16738.281
12622,16387.031
12626,12225.182
12629,9709.986
12631,41616.906
12633,35713.59
12633,37707.168
12637,29914.367
12639,40081.49
12641,16170.963
12641,13036.821
12642,7071.1865
12644,13382.216
12644,13382.216
12645,15136.515
12646,14760.408
12647,8422.223
12648,12942.037
12648,14741.472
12648,10440.414
12654,13426.552
12654,30477.205
12654,26649.018
12654,29966.049
12655,38663.99
12655,13382.216
12655,33447.293
12657,9475.718
12670,16311.983
12671,12401.939
12671,14459.885
12672,11709.893
12674,17683.943
12674,23261.322
12677,32016.893
12677,36001.77
12680,29649.762
12680,29337.01
12681,25781.51
12681,18322.416
12681,14662.445
12681,17802.094
12683,27566.371
12686,16012.214
12687,84749.22
12688,14741.472
12690,25944.7
12693,36502.63
12693,12628.606
12696,27997.957
12696,16353.901
12696,12096.222
12697,16454.232
12698,9347.57
12700,25411.314
12702,11784.017
12707,14908.254
12707,52065.805
12709,15334.229
12712,15780.814
12713,11363.809
12713,26800.592
12714,27220.45
12716,25509.34
12717,12636.666
12717,16200.432
12717,28579.854
12720,17266.68
12720,38539.96
12722,7640.6665
12723,16457.56
12725,7502.8105
12725,13387.45
12730,12233.066
12731,13511.541
12734,9709.986
12736,9930.951
12736,24957.922
12737,16561.734
12737,16738.281
12738,13382.216
12738,14585.984
12738,12363.497
12738,14585.984
12738,14741.472
12743,37610.195
12744,10250.995
12745,9709.986
12747,43476.15
12748,7340.6123
12753,37309.176
12754,12818.162
12755,16572.432
12755,47304.93
12756,12096.222
12756,11842.379
12756,12096.222
12756,11968.621
12762,29008.82
12764,13219.449
12765,31368.248
12765,41872.176
12766,35586.906
12768,25116.09
12770,39076.168
12770,23590.633
12771,29745.152
12773,16012.214
12776,8198.773
12778,27839.61
12779,14218.7
12779,17591.71
12779,13989.143
12787,11960.896
12787,11834.724
12787,11586.379
12787,8415.999
12787,11834.724
12787,11464.156
12788,7955.6997
12791,15831.602
12791,14129.156
12792,41563.516
12794,33404.387
12795,9070.45
12798,13502.923
12798,25961.432
12799,16817.78
12799,38441.473
12800,12915.87
12800,13636.783
12809,12787.781
12810,13731.966
12811,46342.195
12812,26812.506
12814,24418.424
12816,25411.314
12818,18377.668
12821,16311.983
12821,11960.896
12821,13646.879
12822,19407.336
12823,14908.254
12823,14908.254
12823,14908.254
12825,9242.128
12825,43751.668
12828,15780.814
12829,13920.32
12829,33952.52
12829,28400.09
12829,28278.387
12829,30822.006
12830,19345.078
12831,12989.349
12831,54601.76
12832,28475.76
12832,28779.33
12833,16632.998
12839,28436.57
12840,12233.066
12840,12495.295
12841,9294.699
12842,29374.693
12843,18844.014
12844,15429.835
12844,29541.771
12845,29601.617
12846,18458.506
12846,12225.182
12848,9899.082
12848,13511.541
12851,13980.112
12853,34661.938
12857,34142.445
12857,15780.814
12862,12574.485
12862,27103.8
12864,12511.346
12865,6475.0654
12870,12763.242
12870,12818.162
12871,15105.911
12872,12096.222
12872,12096.222
12872,11968.621
12872,11968.621
12874,16632.998
12874,16632.998
12880,16353.901
12883,74334.71
12883,36455.836
12884,26800.592
12891,11336.972
12891,44209.15
12895,8608.325
12896,17779.256
12897,15071.662
12898,39909.727
12899,13184.319
12900,12433.81
12905,8809.834
12906,11968.621
12906,8754.351
12907,32243.4
12907,12771.376
12907,51235.613
12907,13823.713
12907,30904.393
12910,13577.061
12912,9070.45
12915,26238.225
12916,13136.297
12918,24127.44
12921,46421.95
12923,32243.646
12927,26351.123
12929,31304.83
12931,32016.893
12931,16715.246
12932,10272.732
12937,32420.703
12939,46977.098
12939,19614.234
12940,28082.38
12943,12505.715
12944,48589.555
12945,15911.375
12947,12225.182
12948,12582.619
12948,12989.349
12951,12424.623
12956,6883.577
12956,6883.577
12958,9294.699
12958,12363.497
12958,12495.295
12961,56101.12
12963,29917.162
12964,25781.51
12967,10252.051
12968,27566.371
12968,13136.297
12968,13980.112
12970,35031.426
12970,34986.484
12971,15404.662
12978,19499.34
12978,14227.763
12979,27103.8
12980,34230.215
12981,13597.172
12981,24246.744
12981,15400.094
12985,20161.623
12985,25781.51
12985,13475.623
12987,36362.363
12988,14285.469
12989,8494.814
12990,14798.354
12991,14459.885
12992,16810.322
12992,16810.322
12996,6120.337
12996,16738.281
12998,17760.053
12998,16353.901
13001,12763.242
13001,14532.856
13003,30366.229
13006,9487.891
13006,38808.953
13007,36892.09
13007,37682.83
13007,30608.371
13009,12708.545
13010,12907.645
13012,13045.242
13014,14095.776
13015,8942.074
13016,44738.176
13026,24231.07
13027,67394.39
13029,8754.351
13034,9082.102
13034,12844.032
13034,13276.345
13034,13276.345
13037,13947.085
13037,12763.242
13037,18074.658
13038,30555.523
13043,26970.463
13046,34665.18
13047,16475.37
13047,18086.332
13049,11960.896
13052,26334.115
13060,6483.3774
638,1101.6848
638,1101.6848
638,1113.4392
638,1101.6848
638,979.82153
638,1000.8438
638,979.82153
638,979.82153
638,965.31775
638,965.31775
638,955.1256
639,986.0292
639,908.9683
639,1077.2542
639,1077.2542
639,1061.3096
639,865.1273
639,962.65125
639,962.65125
639,1042.8197
639,1042.8197
639,837.01154
640,1009.48505
640,932.5673
640,932.5673
640,932.5673
640,1084.0878
640,1084.0878
640,1119.7777
640,966.8889
13060,6206.0815
13061,12505.715
13063,15911.375
13063,27220.45
13063,27220.45
13065,49903.254
13065,36596.465
13068,11968.621
13068,31037.133
13068,16821.18
13069,41961.164
13069,38925.977
13074,13184.319
13075,14756.763
13077,12636.666
13078,16353.901
13079,14489.165
13080,13045.242
13081,17462.03
13084,48371.555
13085,19299.377
13088,8379.931
13092,28776.613
13092,22727.154
13095,49044.547
13096,8576.094
13097,16927.654
13097,19499.34
13098,39633.105
13099,25460.389
13102,17760.053
13104,20161.623
13107,14437.753
13109,41430.465
13109,27202.879
13109,27566.371
13110,13053.556
13111,7788.7397
13112,11834.724
13113,26970.463
13115,12225.182
13117,26915.963
13117,26915.963
13119,34186.3
13119,13569.682
13120,12915.87
13122,17561.37
13127,17784.53
13132,26800.592
13132,14095.776
13133,24160.852
13134,28082.38
13134,24814.283
13134,14157.767
13135,11960.896
13135,11960.896
13135,11960.896
13140,15105.911
13144,28721.393
13148,31405.336
13152,18807.854
13153,12495.295
13154,11960.896
13155,13655.693
13156,192101.4
13157,14523.476
13157,12096.222
13160,12628.606
13161,12233.066
13162,14741.472
13162,27257.988
13163,12225.182
13165,9270.865
13168,9105.442
13169,15831.602
13171,14760.408
13177,15614.364
13178,13492.933
13178,9010.239
13182,27510.639
13182,27510.639
13182,27803.895
13182,34791.867
13187,15624.45
13189,13426.552
13190,17364.908
13194,14756.763
13194,12096.222
13196,15410.04
13196,17625.55
13198,29374.693
13199,28702.828
13200,9560.288
13200,45025.816
13201,34462.125
13203,28961.742
13203,253498.98
13205,32099.197
13206,33094.484
13206,12636.666
13207,13276.345
13211,17674.334
13212,28776.613
13214,12225.182
13215,13333.473
13219,25944.7
13221,17949.375
13221,13184.319
13225,12503.366
13228,27860.22
13228,13426.552
13228,27860.22
13229,42318.52
13229,27202.879
13229,31503.01
13230,9937.28
13232,15002.736
13233,35713.59
13234,12225.182
13239,11709.893
13242,61634.87
13247,17974.111
13248,15092.548
13248,12503.366
13248,13184.319
13248,43723.473
13250,17872.47
13250,11394.099
13250,17683.943
13253,15557.492
13253,24418.424
13254,13524.886
13254,25346.158
13256,17062.64
13257,8021.524
13261,9306.64
13263,27548.55
13263,41001.465
13267,34852.008
13275,36229.957
13275,13655.693
13278,23492.092
13278,81125.61
13278,81125.61
13280,13823.713
13282,12363.497
13284,13723.207
13286,28296.65
13287,15162.681
13287,12363.497
13287,20283.398
13288,13998.071
13289,16485.87
13291,14760.408
13292,12915.87
13293,12989.349
13298,15614.364
13298,17557.818
13298,15614.364
13298,16810.322
13299,13492.933
13307,36502.63
13307,11586.379
13312,6434.3335
13316,15574.327
13317,41590.32
13317,37473.25
13317,42481.8
13320,9662.205
13320,32727.385
13320,29837.664
13320,35599.33
13320,30477.205
13321,9037.411
13323,26056.336
13324,14129.156
13325,13324.879
13325,21029.15
13326,32099.197
13329,16997.057
13329,16997.057
13329,15067.178
13333,12899.301
13334,12408.683
13337,13801.266
13338,26109.121
13340,33558.1
13342,33097.64
13344,7222.767
13348,12852.328
13351,33717.188
13355,12225.182
13355,35805.395
13357,27392.72
13360,9833.381
13363,22950.152
13363,16129.498
13365,19857.588
13367,22727.154
13367,22727.154
13369,12771.376
13369,15253.45
13369,44436.69
13370,36140.992
13370,36757.438
13372,15162.681
13373,39290.445
13375,15144.745
13376,17181.75
13377,12844.032
13378,12852.328
13379,12574.485
13387,35469.668
13387,30822.006
13387,37165.773
13387,37561.95
13389,13475.623
13393,16191.72
13395,34274.184
13397,15071.662
13398,27803.895
13398,19884.975
13399,29620.736
13400,27860.22
13400,26334.115
13403,40721.12
13405,8091.4883
13406,9777.763
13417,17062.64
13420,22540.67
13420,30608.371
13421,16276.504
13421,38133.473
13423,13773.375
13427,16262.927
13428,11960.896
13434,15760.584
13437,39734.95
13439,11970.882
13442,29211.514
13445,18833.773
13445,17000.51
13445,17364.908
13445,14270.68
13453,35223.55
13453,31503.01
13460,36502.63
13462,14967.179
13462,34277.387
13464,27684.984
13464,27980.125
13465,16643.613
13474,9133.763
13474,13184.319
13477,29747.96
13477,16170.963
13480,27493.066
13483,12363.497
13485,7838.0444
13485,10510.08
13485,22950.152
13486,17561.37
13488,26056.336
13495,31428.588
13498,31618.14
13499,28175.416
13499,19020.639
13499,19020.639
13500,13801.266
13500,31034.232
13500,57151.25
13502,30516.615
13503,18963.455
13506,12899.301
13506,12899.301
13508,13053.556
13512,40313.5
13513,15097.702
13515,12716.753
13528,11709.893
13530,10354.653
13530,13475.623
13531,32727.385
13532,12225.182
13536,10188.4375
13537,12763.242
13539,8754.351
13540,41563.516
13542,26970.463
13542,26685.97
13542,26685.97
13543,30405.234
13544,16276.504
13550,29123.723
13552,27257.988
13553,13219.5625
13553,53956.51
13553,15211.363
13554,31638.56
13554,31638.56
640,1049.3274
640,960.1804
640,960.1804
640,960.1804
640,1061.3182
640,1084.1897
640,1100.4777
640,1100.9725
640,995.8213
640,994.5426
641,1124.7069
641,983.3135
641,937.2711
641,1032.4689
641,895.51227
641,1015.1368
641,1107.9564
641,746.4292
641,871.55963
641,871.55963
641,871.55963
641,880.86096
641,853.24976
641,871.55963
641,880.86096
641,862.35596
641,880.86096
641,862.35596
641,862.35596
641,746.4292
13555,18482.197
13556,34274.184
13557,15760.584
13560,45535.207
13561,24006.293
13563,63117.77
13564,28175.416
13572,27860.22
13574,26614.855
13574,26334.115
13578,15383.462
13579,37828.227
13582,18148.78
13587,21771.299
13587,27804.107
13587,27684.984
13587,27804.107
13588,6827.0894
13588,6827.0894
13588,14741.472
13595,7678.444
13595,9335.577
13596,27566.371
13596,12441.853
13596,12574.485
13597,9133.763
13597,40391.35
13598,38925.977
13598,11939.07
13599,33097.64
13600,29747.96
13603,13971.195
13605,19884.975
13606,12363.497
13607,22615.346
13609,13869.498
13609,29434.174
13609,17561.37
13610,34098.645
13615,44910.41
13619,27860.22
13621,31996.47
13622,34859.055
13622,19223.398
13622,19020.639
13622,18820.002
13623,14218.7
13623,8704.835
13624,12852.328
13626,19165.623
13629,15162.681
13629,13511.541
13630,9276.854
13631,17189.355
13632,16989.535
13638,12989.349
13642,37405.05
13642,26915.963
13645,15250.468
13646,13324.879
13653,13764.59
13653,9899.082
13653,13036.821
13654,50009.69
13655,29027.557
13659,21916.756
13660,18371.254
13661,8693.667
13665,13144.682
13666,17439.645
13667,30405.234
13669,26056.336
13671,10259.554
13675,31763.605
13675,33218.6
13675,27257.988
13677,37986.9
13678,18679.234
13680,12899.301
13681,16989.535
13686,12716.753
13686,12852.328
13687,28475.76
13691,17782.85
13691,27980.125
13693,28175.416
13701,32766.297
13701,49763.67
13702,15383.462
13703,38231.5
13703,38639.03
13710,13911.322
13711,57686.47
13711,22003.4
13713,13938.082
13714,15400.094
13719,39888.266
13720,12708.545
13720,12708.545
13720,12441.853
13720,12708.545
13721,30305.068
13724,12699.143
13725,10361.342
13726,45025.816
13728,12763.242
13730,13225.3125
13731,29579.719
13732,32122.96
13733,13869.498
13734,29747.96
13735,13929.192
13736,12708.545
13737,19970.537
13737,17062.64
13744,27860.22
13744,26987.883
13746,35230.676
13752,12225.182
13753,36966.508
13755,28278.387
13756,16989.535
13757,14218.7
13757,14370.273
13757,14218.7
13760,44322.793
13761,13053.556
13761,18541.537
13764,26800.822
13764,29211.514
13766,18597.45
13767,36663.19
13768,12363.497
13768,12495.295
13769,44497.97
13771,13324.879
13771,13184.319
13777,13417.873
13777,26614.855
13779,21257.617
13782,33912.652
13782,40621.125
13784,95665.47
13786,42372.875
13786,42372.875
13786,35140.34
13787,13636.783
13790,30647.69
13790,30324.41
13790,34573.062
13794,13053.556
13796,26614.855
13797,49044.547
13799,15840.12
13800,31763.605
13803,10117.814
13807,31699.389
13809,12495.295
13811,12852.328
13811,40508.78
13811,13127.817
13811,12852.328
13811,12989.349
13812,37221.04
13812,28475.76
13813,21527.744
13818,13127.817
13818,20196.477
13819,12907.645
13820,12844.032
13820,25764.844
13823,18243.916
13823,9093.76
13824,9441.203
13825,29434.174
13825,43883.637
13827,39939.504
13828,13948.402
13828,12225.182
13828,12096.222
13831,55290.363
13833,26334.115
13839,14345.488
13844,40773.43
13844,35140.34
13846,13764.59
13846,14017.362
13846,84749.945
13849,27980.125
13849,28100.52
13850,29337.01
13853,16221.242
13853,12628.606
13853,12495.391
13853,12899.301
13858,41872.176
13864,30901.21
13865,26632.045
13867,23457.234
13869,16817.78
13872,44436.69
13872,18389.396
13873,13150.513
13873,13955.986
13879,30343.764
13880,29415.174
13882,17849.543
13884,47265.246
13885,49567.34
13887,17086.156
13892,13911.322
13892,25493.094
13899,13764.59
13903,13417.873
13903,12997.727
13904,18255.7
13905,21257.617
13907,57041.15
13908,34896.777
13908,20376.562
13912,13341.983
13912,29374.693
13917,15527.504
13919,42563.8
13919,24599.764
13919,55604.895
13919,13475.623
13921,26039.518
13923,49044.547
13926,13714.35
13929,30175.23
13929,10117.814
13930,31583.963
13931,39076.168
13933,31699.389
13938,37617.8
13939,21527.744
13940,30954.658
13942,14725.537
13945,13045.242
13945,13184.319
13945,13184.319
13945,13184.319
13948,30749.223
13949,18243.916
13950,14035.369
13951,18727.254
13953,9827.108
13956,30043.082
13963,13911.322
13963,14976.86
13965,9475.718
13968,8543.136
13970,20499.637
13976,27684.984
13978,48740.625
13983,47717.484
13986,30155.725
13986,14523.476
13986,30608.371
13991,26915.963
13991,26915.963
13993,35140.34
13993,31563.818
13994,7026.6514
13994,13714.35
13995,13127.817
13995,16997.057
13996,33368.312
13996,32281.77
13998,15406.234
14014,17086.156
14017,17364.908
14022,17580.373
14024,37261.277
14026,13764.59
14027,27202.879
14027,26351.123
14028,12852.328
14031,14345.488
14032,44436.69
14032,7026.6514
14033,18951.215
14033,9270.865
14037,28616.564
14038,13619.288
14039,13341.983
14040,29008.82
14042,54095.215
14042,54095.215
14042,31702.654
14044,15527.504
14047,30687.057
14057,27375.275
14058,16810.322
14061,27803.895
14065,36623.594
14065,20492.463
14066,13333.473
14067,34098.645
641,853.24976
642,1022.32495
642,1022.32495
642,1114.369
642,1114.369
642,1114.369
642,1114.369
642,1214.6915
642,1075.5034
642,1075.5034
642,1097.8756
642,1097.8756
642,1097.8756
642,1196.7152
642,1196.7152
642,1304.4443
642,1304.4443
642,967.51447
642,1044.2587
642,1044.2587
642,1044.2587
642,1044.2587
642,1044.2587
642,815.82806
642,1053.9467
642,1053.9467
642,1053.9467
642,1053.9467
642,1053.9467
642,1053.9467
14067,12844.032
14068,10316.947
14071,12899.301
14071,28436.57
14071,12899.301
14071,12899.301
14071,13036.821
14074,30285.508
14080,28418.434
14083,29415.174
14084,30043.082
14092,13036.821
14095,44746.88
14095,10044.25
14103,26614.855
14103,13053.556
14105,12708.545
14105,12708.545
14105,14256.586
14106,13341.983
14107,17779.256
14108,57686.47
14111,30729.346
14112,15497.707
14119,30749.223
14120,29687.848
14125,25671.027
14126,30155.725
14127,20771.42
14129,41961.164
14130,27997.957
14137,17861.055
14138,35359.46
14139,14489.165
14146,18977.479
14146,62331.566
14148,12020.135
14150,28400.09
14154,20912.15
14156,12989.349
14157,13646.879
14165,13045.242
14165,13045.242
14165,13184.319
14165,13045.242
14165,13045.242
14167,29008.82
14171,14370.273
14174,14327.084
14177,20840.217
14179,14059.632
14180,14809.31
14182,34189.496
14184,30647.69
14185,14542.132
14185,59448.742
14188,14077.692
14190,20718.16
14192,17353.832
14192,9037.411
14194,88422.625
14196,10316.947
14199,13036.821
14199,13036.821
14199,12899.301
14199,25764.844
14199,33684.21
14199,12899.301
14199,12899.301
14201,16070.749
14205,15497.707
14208,29649.988
14208,25764.844
14209,76886.25
14211,26915.963
14214,13569.682
14215,54671.848
14217,13333.473
14220,45823.777
14220,13542.246
14220,278228.47
14224,32650.07
14224,20244.3
14229,33558.1
14231,11084.726
14234,12708.545
14234,12708.545
14236,12875.75
14236,17779.256
14237,13636.783
14238,33328.617
14239,27220.45
14240,28903.191
14242,19538.842
14242,13036.821
14242,12763.242
14245,24946.69
14247,13324.879
14247,13184.319
14249,49599.402
14251,91339.62
14256,13911.322
14256,13911.322
14258,41961.164
14266,18243.916
14266,41261.305
14267,35359.46
14268,14489.165
14275,19179.795
14277,40313.5
14277,49967.355
14278,14017.362
14279,34098.645
14281,13036.821
14282,14853.953
14283,13938.082
14285,40795.91
14292,17364.908
14293,13276.345
14294,13184.319
14294,13324.879
14294,13184.319
14294,13184.319
14294,13184.319
14295,14751.008
14298,29064.842
14299,44436.69
14300,9697.528
14300,8998.68
14300,14370.273
14300,19428.336
14304,13588.3955
14308,15201.66
14308,22458.592
14308,39240.08
14319,20718.16
14319,30155.725
14321,35359.46
14323,27548.55
14328,36009.082
14330,16070.749
14330,28475.76
14334,13184.319
14338,14218.7
14340,27786.188
14341,128286.81
14341,16334.463
14341,26915.963
14344,13569.682
14348,52631.496
14350,26915.963
14350,45823.777
14351,85708.0
14352,12899.301
14354,20244.3
14359,19923.357
14359,42006.57
14359,33915.855
14361,14499.892
14362,49913.348
14364,28702.828
14364,29008.82
14368,15162.681
14372,12899.301
14372,12899.301
14372,13036.821
14375,12989.349
14375,12989.349
14375,13127.817
14375,24946.69
14383,14570.217
14383,21973.098
14383,37101.6
14386,14026.416
14386,18197.135
14386,14059.632
14386,14059.632
14386,14059.632
14388,36140.68
14388,13475.623
14394,36966.508
14394,20049.469
14395,40089.594
14399,62893.824
14400,16590.348
14402,28980.422
14403,26970.463
14404,16706.162
14406,39633.105
14407,7668.593
14408,43939.586
14410,31244.49
14411,32650.07
14412,13333.473
14414,8885.758
14414,18857.967
14414,13324.879
14416,15497.707
14416,42114.555
14421,100680.77
14424,13276.345
14424,13276.345
14426,28100.52
14426,28400.09
14426,22107.879
14426,15067.178
14428,26334.115
14428,29687.848
14429,9697.528
14429,14060.946
14430,29211.514
14430,8998.68
14433,13723.207
14438,13869.498
14444,26334.115
14445,19262.342
14447,16519.268
14451,15136.515
14452,34252.32
14452,35359.46
14452,43723.473
14453,16745.707
14456,16600.938
14462,33447.293
14465,13184.319
14474,14882.526
14476,35140.34
14477,27821.879
14479,21189.605
14481,14008.422
14482,14523.476
14482,13417.873
14482,14370.273
14482,14218.7
14482,12225.182
14482,12225.182
14482,14523.476
14483,13773.375
14486,12899.301
14488,31543.445
14489,25783.92
14490,40948.867
14494,7535.816
14495,14459.885
14498,29027.557
14498,6430.1797
14500,45025.816
14502,71247.17
14502,36616.156
14502,30822.006
14502,37165.773
14503,33346.742
14505,29687.848
14507,12989.349
14507,13127.817
14507,12989.349
14519,36140.68
14525,7838.0444
14527,27821.879
14527,31607.346
14527,13911.322
14529,15507.584
14534,38808.953
14540,28579.854
14542,13127.817
14542,13127.817
14542,12989.349
14542,31244.49
14543,85598.055
14543,85598.055
14544,13475.623
14545,23918.857
14548,29856.678
14556,34105.54
14558,28702.828
14558,28579.854
14558,28278.387
14561,25474.088
14565,13764.59
14574,37986.9
14574,31503.01
14577,14687.792
14578,14077.692
14579,31586.945
14581,26766.21
14581,26766.21
14581,34186.3
14584,8177.749
14586,12899.301
14588,31253.76
14592,13911.322
14593,11550.288
14593,39717.37
14593,16600.938
14597,27684.984
14603,49107.547
14603,26749.164
14603,21037.355
14605,28118.453
14611,18597.45
642,1038.3468
642,1038.3468
642,926.0963
642,952.5768
643,974.2741
643,1219.7982
643,978.4713
643,1099.5594
643,856.0728
644,849.58954
644,956.5902
644,1089.3496
644,1070.4723
644,1112.72
644,1004.4111
644,1248.3828
644,1025.3058
644,1143.0701
644,1155.2662
644,1155.2662
644,1188.3015
644,1167.5919
644,1143.0701
644,1167.5919
644,1167.5919
644,1155.2662
644,1143.0701
644,1167.5919
644,1167.5919
644,1167.5919
14615,32766.297
14616,14097.094
14616,11458.909
14618,14209.51
14620,30709.775
14623,20486.385
14624,15297.885
14625,40287.785
14626,7535.816
14634,41456.945
14637,26056.336
14637,35469.4
14637,50031.54
14638,35034.7
14639,13911.322
14646,31190.842
14646,38416.66
14648,70224.836
14650,14017.362
14652,68288.4
14654,14884.046
14654,15746.642
14659,89422.2
14660,31944.3
14660,28118.453
14662,48050.53
14663,10458.373
14666,47569.543
14666,47569.543
14667,8177.749
14673,14008.422
14674,13127.817
14674,13127.817
14674,13127.817
14674,12989.349
14675,15324.331
14680,15840.12
14683,13184.319
14687,31658.996
14691,47891.87
14691,36392.926
14692,12495.295
14698,15840.12
14699,13569.682
14704,31034.232
14709,14068.713
14709,14218.7
14709,14370.273
14709,14370.273
14711,52210.203
14715,26632.045
14715,35629.254
14717,91397.914
14719,12899.301
14720,29355.957
14724,20699.674
14725,30496.889
14725,31150.59
14727,65937.61
14731,19812.547
14732,44583.902
14733,13127.817
14735,37779.734
14737,10117.814
14740,34814.336
14744,59589.457
14745,30628.14
14745,14059.632
14749,139288.38
14749,21850.887
14750,32326.535
14750,14097.094
14752,28278.387
14759,13036.821
14763,29709.799
14763,35978.84
14766,28779.33
14768,28400.09
14773,15662.913
14775,30194.459
14775,91456.86
14775,20512.701
14775,47984.406
14775,30516.354
14777,15547.45
14779,13127.817
14787,13417.873
14787,19262.342
14790,14059.632
14790,34852.008
14792,32264.258
14795,29027.557
14799,30305.068
14801,55473.535
14802,37408.582
14803,29374.693
14810,30324.41
14811,27980.125
14812,29601.617
14813,36773.742
14814,23386.691
14817,13184.319
14819,41465.33
14824,39416.926
14826,16767.217
14830,53101.24
14833,16404.766
14837,31150.59
14837,66689.805
14838,31699.389
14841,9375.759
14842,14499.892
14842,11451.6
14844,14523.476
14844,14370.273
14844,14370.273
14844,14370.273
14847,9388.681
14853,13038.152
14855,16254.104
14857,32584.06
14859,20699.674
14860,17748.725
14863,34380.746
14866,19812.547
14867,45059.152
14870,38589.465
14882,20718.16
14888,32910.42
14889,29086.36
14889,14523.476
14889,14218.7
14892,19428.336
14893,19603.574
14900,33404.387
14904,21975.172
14904,15268.515
14915,13619.288
14918,32868.203
14918,32868.203
14918,205819.03
14918,13851.719
14920,30881.53
14925,14059.632
14931,15950.682
14933,32465.383
14935,35514.96
14936,11910.864
14936,35645.06
14937,46481.62
14938,13801.266
14939,31284.625
14945,30647.69
14947,30687.057
14948,37165.773
14948,36002.08
14949,20348.52
14952,10303.711
14956,28100.52
14957,14643.635
14959,20826.764
14961,16767.217
14968,22700.14
14968,30175.23
14970,71960.84
14973,28656.22
14973,32650.07
14975,75880.266
14976,14008.422
14982,14097.094
14982,29374.693
14982,29374.693
14998,29008.82
14998,27684.984
15000,14882.526
15002,15344.016
15005,8198.773
15007,34424.906
15011,21846.469
15013,13502.923
15014,20786.799
15014,31975.85
15017,36820.98
15022,13705.602
15025,21944.908
15025,29396.441
15025,14523.476
15025,14370.273
15026,9145.496
15030,71247.78
15030,148008.98
15031,10367.955
15032,39026.04
15032,21019.807
15035,35632.617
15035,37921.348
15036,33073.125
15038,33240.055
15043,27962.04
15046,33161.527
15047,41230.816
15052,15324.331
15053,27375.275
15055,30023.691
15059,15052.326
15064,45315.48
15064,29027.557
15065,33803.863
15065,32952.695
15067,32650.07
15072,27086.514
15073,61759.203
15076,31100.008
15079,14634.294
15081,6836.5576
15081,6836.5576
15081,27375.275
15083,28139.271
15086,33705.68
15091,16436.447
15092,49918.01
15092,33052.062
15092,26039.518
15093,39072.258
15095,29541.771
15096,30155.725
15097,33490.258
15100,22093.63
15102,15324.331
15102,19467.676
15105,33594.414
15105,22700.14
15105,22700.14
15109,32650.07
15110,13801.266
15110,36213.895
15111,17115.709
15116,28579.854
15118,14097.094
15119,33894.188
15122,54777.48
15124,36939.195
15126,27980.125
15132,31014.172
15134,11903.164
15134,36616.156
15137,14726.928
15140,27980.125
15140,28579.854
15143,30304.838
15144,16072.267
15145,27980.125
15147,29728.988
15147,31284.625
15148,89422.2
15151,21008.383
15152,15172.475
15153,13851.719
15153,29230.158
15162,22178.86
15164,14097.094
15164,13948.402
15164,14747.35
15166,42962.414
15169,39026.04
15169,39026.04
15172,36012.45
15175,38084.55
15178,15344.016
15184,41670.363
15185,15344.016
15185,29917.162
15185,9133.763
15188,33738.996
15188,16519.268
15189,18267.35
15193,7712.2217
15197,17748.572
15197,15052.326
15198,50403.035
15201,45315.48
15210,16716.809
15210,16716.809
15214,31431.525
15217,14790.312
15217,35870.676
15218,27962.04
15219,6909.442
15223,1.9396189e+06
15223,1.7795565e+06
15225,14736.439
15226,13324.879
15229,16611.66
15231,7137.409
15231,30904.158
15231,78685.87
15235,33490.258
15238,39888.266
15238,22093.63
15239,14844.365
644,1167.5919
644,1167.5919
644,1167.5919
644,1155.2662
644,1131.003
645,928.4795
645,1181.6865
645,1031.4492
645,857.1733
645,952.5768
645,952.5768
645,1021.5684
645,988.27295
645,988.27295
645,973.64465
645,973.64465
645,973.64465
645,967.51447
645,953.1926
645,988.27295
645,973.64465
645,973.64465
645,988.27295
645,963.3647
645,939.08307
645,988.27295
645,963.3647
645,957.29913
645,939.08307
645,988.27295
15240,15324.331
15241,26714.848
15245,29706.994
15246,71247.17
15246,16695.363
15247,11887.904
15247,9554.117
15248,68794.99
15249,27375.275
15249,17115.709
15252,16179.647
15253,13184.319
15254,39442.043
15255,36385.848
15255,22372.268
15258,27962.04
15258,36599.957
15259,18129.16
15261,34120.668
15265,14106.212
15272,29856.678
15275,14726.928
15278,25364.922
15281,14820.274
15281,17826.645
15282,35560.543
15282,34083.785
15287,42915.973
15288,37706.88
15291,29856.678
15291,36663.19
15291,36663.19
15291,13851.719
15293,15850.215
15301,14967.179
15303,13948.402
15303,14097.094
15306,7062.121
15308,30516.354
15309,18914.812
15312,27786.188
15312,28082.38
15316,46545.676
15316,15344.016
15318,15547.45
15320,71705.45
15321,30687.057
15322,35095.26
15323,49977.46
15323,15344.016
15324,92897.64
15330,37824.438
15334,16531.498
15334,40967.07
15335,32264.258
15338,13851.719
15339,28921.83
15339,33680.742
15348,14844.365
15351,32316.979
15354,247433.56
15364,30207.854
15365,14571.593
15365,14726.928
15366,57686.47
15370,7137.409
15371,27684.984
15375,43531.992
15377,10486.24
15378,14308.703
15379,30366.229
15384,42649.703
15385,21310.13
15386,11887.904
15392,32240.357
15393,35599.33
15393,36373.15
15394,39658.703
15394,82970.94
15394,22610.775
15395,13053.556
15395,33097.64
15395,33450.453
15397,47778.777
15398,39684.01
15404,14256.586
15412,29875.99
15413,51781.812
15415,15052.326
15415,144623.92
15418,40343.344
15420,14663.941
15420,14978.26
15424,39467.555
15426,14542.132
15426,16579.656
15426,16404.766
15428,49567.34
15430,66726.07
15433,59589.457
15440,14008.422
15444,13036.821
15444,16992.857
15446,27786.188
15450,32998.11
15451,32727.385
15451,28082.38
15451,28082.38
15454,40236.14
15458,17703.062
15460,21500.127
15461,15703.179
15464,8056.8105
15465,40395.164
15466,14417.883
15467,30175.23
15472,25588.678
15474,34061.785
15475,32608.184
15475,33073.125
15478,13851.719
15485,30608.371
15485,30285.508
15486,35560.543
15488,14844.365
15494,31543.445
15497,9197.519
15498,31975.85
15499,37569.58
15505,14571.593
15505,14726.928
15508,13705.602
15509,39442.043
15510,29396.441
15511,32399.777
15512,15384.899
15513,16641.947
15515,43531.992
15517,31543.445
15520,30366.229
15522,14470.59
15528,33097.64
15528,28278.387
15528,28278.387
15529,14097.094
15530,35336.91
15531,15662.913
15535,12387.198
15540,35223.82
15540,41226.69
15543,28118.453
15544,24384.633
15559,40343.344
15562,31284.625
15562,30305.068
15562,29008.82
15563,30954.658
15568,18322.416
15575,7213.507
15579,16924.232
15581,14157.767
15584,50031.54
15584,14624.974
15584,13036.821
15585,13705.602
15587,29728.988
15589,34550.715
15592,14947.977
15594,30835.678
15600,16282.202
15601,21500.127
15602,15703.179
15606,45961.645
15606,29337.01
15609,15724.82
15609,15724.82
15613,41057.97
15615,34424.906
15618,30324.41
15618,36773.742
15618,30175.23
15619,14479.937
15627,39240.414
15646,41438.566
15647,33847.285
15649,15441.259
15649,13333.473
15651,33404.387
15651,33097.64
15651,29709.799
15653,32399.777
15654,43816.14
15658,15288.128
15662,20270.307
15665,13269.129
15666,29027.557
15671,18727.254
15671,7456.3184
15673,28702.828
15675,30045.92
15680,28579.854
15683,29541.771
15684,37779.734
15686,9850.38
15688,13324.879
15690,38416.66
15691,34233.414
15694,27786.188
15695,30516.615
15696,33094.484
15697,17064.252
15701,35740.027
15706,38589.465
15707,28278.387
15708,31233.824
15708,13851.719
15710,46977.098
15714,41965.125
15716,31543.445
15717,33030.695
15718,34595.098
15721,16924.232
15729,29728.988
15729,30689.924
15729,29415.428
15729,30689.924
15730,43996.027
15740,17725.803
15745,29837.664
15745,84532.0
15746,79320.71
15751,42481.8
15751,31900.309
15756,18517.75
15757,38925.977
15760,39692.04
15760,14408.576
15760,30647.69
15762,29211.514
15765,32629.244
15766,37621.316
15767,9535.773
15769,37173.29
15773,28400.09
15773,28702.828
15773,40184.484
15776,15829.8955
15776,71339.3
15783,50662.504
15785,29211.291
15785,29649.762
15788,15487.689
15792,15441.259
15792,15441.259
15792,13619.288
15792,13475.623
15794,15384.899
15797,18517.75
15797,18322.416
15801,45676.824
15801,19141.035
15801,15451.114
15802,12050.863
15802,24431.562
15804,20270.307
15804,20270.307
15805,34528.71
15805,23110.336
15806,11558.84
15808,31037.133
15811,35246.3
15813,7872.5166
15814,32316.701
15818,58163.652
15818,34424.906
15819,30045.92
15819,14317.945
15819,16579.656
15821,15829.8955
15823,16790.342
15824,54883.215
15825,47922.848
15826,31388.268
15826,32061.045
15827,40210.477
15829,18529.71
15829,32727.385
15832,30628.14
15836,34497.87
15837,30861.598
15840,29837.664
15840,35978.84
15840,17064.252
15841,34098.645
15841,31618.14
15842,21874.531
15843,16790.342
15845,17275.97
15847,31900.309
15847,22357.828
645,959.2322
645,973.64465
645,973.64465
645,988.27295
645,973.64465
645,953.1926
645,988.27295
645,967.51447
645,988.27295
645,977.8387
645,953.1926
645,988.27295
645,973.64465
645,953.1926
645,977.8387
645,973.64465
645,973.64465
645,959.2322
645,939.08307
645,963.3647
645,963.3647
645,988.27295
645,967.51447
645,977.8387
645,953.1926
645,977.8387
645,973.64465
645,929.1676
645,967.51447
645,988.27295
15848,15487.689
15848,31638.56
15850,38589.465
15851,29027.557
15851,13999.38
15851,31233.824
15851,13851.719
15851,35446.81
15852,43996.027
15857,31658.723
15864,35978.84
15873,43309.043
15874,30974.385
15874,12204.003
15877,31638.56
15878,9548.022
15887,17275.97
15888,28100.52
15888,32061.32
15889,20671.166
15897,33140.125
15897,30608.371
15897,47386.75
15898,32856.984
15907,38614.426
15908,33097.64
15913,37569.58
15915,34986.484
15917,28702.828
15917,70714.9
15917,28702.828
15919,30045.92
15919,30045.92
15919,30175.23
15920,60840.21
15922,16179.647
15923,29396.441
15928,6688.7544
15930,35166.39
15930,29985.174
15931,39917.836
15934,83747.79
15937,18129.16
15938,34528.71
15939,30366.229
15939,30366.229
15941,18322.416
15941,18322.416
15941,18517.75
15942,29211.291
15946,19141.035
15948,20952.557
15948,48950.016
15949,30994.418
15949,34896.777
15952,34646.34
15955,34462.125
15957,14938.457
15959,15472.408
15959,15309.211
15962,35599.33
15964,762078.44
15965,30045.92
15966,15451.114
15968,12419.043
15970,48433.688
15970,38441.14
15974,29649.762
15977,30628.14
15977,31284.625
15983,14893.545
15984,30155.725
15984,36362.363
15984,29837.664
15984,1.8776782e+06
15987,33828.89
15987,37030.41
15990,71247.17
15991,17093.75
15992,15814.277
15992,54095.215
15992,32379.111
15992,22357.828
15992,15487.689
15992,32240.357
15993,76074.6
15996,15487.689
15996,29337.01
16003,29728.988
16004,43835.83
16013,33383.082
16018,31368.01
16021,63036.74
16023,15097.702
16025,48385.902
16031,28082.38
16036,39862.863
16037,217165.94
16041,47007.438
16043,33207.26
16048,12763.242
16049,15012.312
16052,14643.635
16055,14624.848
16059,61838.473
16062,53066.914
16062,36526.242
16064,35978.84
16064,35978.84
16064,37165.773
16068,16980.303
16068,29709.799
16073,20222.418
16073,6760.0693
16075,29985.174
16077,46947.133
16080,41701.17
16082,14957.6455
16085,33383.082
16086,18129.16
16086,39240.414
16087,6909.442
16091,12096.222
16092,29837.664
16097,43531.992
16098,32016.893
16100,66453.19
16104,15309.211
16104,15472.408
16111,28400.09
16112,38084.55
16112,18005.201
16116,14717.534
16123,18322.416
16126,61878.47
16128,29211.291
16129,15268.515
16130,9270.865
16131,23142.186
16137,17093.75
16140,28400.09
16146,39391.445
16147,39442.043
16148,33425.96
16149,29728.988
16149,30366.229
16151,36117.63
16169,19785.281
16169,16163.685
16169,15097.702
16170,71110.46
16171,30538.916
16171,12844.032
16174,53972.52
16179,30709.775
16181,50160.105
16183,15547.45
16187,15772.238
16187,48014.984
16188,38515.38
16189,30343.764
16190,39888.266
16191,28903.191
16192,28598.312
16193,922648.25
16195,99746.76
16198,59188.457
16198,59188.457
16198,59188.457
16206,35599.33
16210,40184.484
16215,16980.303
16219,13426.552
16220,20437.988
16223,21021.953
16224,35469.4
16231,33383.082
16231,33383.082
16232,29390.498
16234,6983.1094
16235,35268.797
16235,36121.04
16237,67135.35
16239,116309.17
16239,116309.17
16239,49604.04
16240,16221.242
16240,18243.916
16241,17064.252
16241,44522.547
16241,45476.836
16242,33594.414
16253,10629.996
16253,21643.791
16256,9133.763
16256,35223.55
16261,36797.215
16262,30608.371
16273,62538.125
16274,61488.8
16277,15431.292
16278,72053.2
16280,37054.324
16280,29837.664
16286,23857.525
16287,30822.006
16287,28702.828
16287,28579.854
16290,35223.55
16291,29086.36
16294,18105.902
16294,32973.98
16295,33425.96
16297,16242.063
16300,47953.387
16300,18155.86
16304,30045.92
16304,29728.988
16304,60840.21
16309,31722.857
16309,31722.857
16311,13714.35
16314,126688.99
16316,20209.348
16316,20209.348
16316,16163.685
16319,30324.41
16319,30236.1
16319,30974.385
16323,34336.64
16329,50160.105
16336,38925.977
16337,30343.764
16339,18428.373
16340,60341.016
16340,23386.691
16343,15472.408
16353,90433.85
16353,90433.85
16357,41510.2
16357,34142.445
16358,18470.268
16363,37384.723
16364,14408.7
16364,23386.691
16368,28903.191
16369,50261.668
16370,14308.703
16378,34255.523
16380,35978.84
16383,30045.92
16384,20629.395
16386,43068.5
16389,33052.062
16390,43972.16
16392,29230.158
16392,32240.357
16395,41181.773
16397,41465.33
16397,30904.158
16398,40795.91
16400,39837.094
16402,14008.422
16404,50940.36
16406,8142.7715
16407,16282.202
16407,27962.04
16409,15097.702
16410,33383.082
16412,38416.66
16420,29875.99
16422,31388.268
16425,38801.44
16426,33404.387
16427,72053.2
16427,40825.8
16427,40825.8
16431,31324.81
16437,34896.777
16439,29086.36
16442,29668.885
16446,34506.39
16450,50797.484
16451,15647.46
16459,29396.441
16462,40236.14
16462,35978.84
16465,107396.42
16466,36891.77
16466,65283.734
16469,6904.9814
16472,57464.746
16479,34573.062
16479,34941.6
16483,31722.857
16484,39633.105
16485,15605.863
16492,15472.408
16499,28278.387
16499,28702.828
425,1156.9784
425,1082.6958
426,897.72644
426,766.37445
426,895.2464
426,974.6071
426,756.7456
426,892.64374
427,755.51556
427,813.2144
427,704.40765
427,704.40765
427,934.0852
427,954.7445
427,954.7445
427,934.0852
427,934.0852
428,1037.6844
428,831.8194
429,746.023
429,801.1747
429,801.1747
429,801.1747
429,801.1747
429,931.36975
429,735.4462
429,735.4462
429,769.10645
429,706.98627
429,761.9625
645,973.64465
645,988.27295
645,988.27295
645,973.64465
645,988.27295
645,977.8387
645,939.08307
645,953.1926
645,988.27295
645,959.2322
645,953.1926
645,977.8387
645,988.27295
645,977.8387
645,957.29913
645,988.27295
645,953.1926
645,963.3647
645,988.27295
645,943.1284
645,967.51447
645,967.51447
645,988.27295
645,957.29913
645,973.64465
645,953.1926
645,973.64465
645,988.27295
645,967.51447
645,963.3647
16505,33030.695
16506,34142.445
16506,40210.477
16507,18470.268
16512,31345.041
16512,38186.023
16513,23386.691
16518,15431.292
16519,14166.911
16520,14308.703
16521,19675.219
16530,43939.586
16532,66022.305
16533,70547.84
16538,202235.03
16544,29086.36
16544,29709.799
16545,13260.552
16547,19788.998
16547,41230.816
16551,14157.767
16558,43072.855
16558,63382.52
16558,15097.702
16560,29211.291
16562,28579.854
16564,50261.668
16565,28721.393
16570,16558.385
16575,44968.098
16575,22822.486
16580,35446.81
16582,30496.889
16582,36385.848
16583,19538.842
16587,34896.777
16589,90143.76
16592,54547.895
16593,30385.842
16599,18030.014
16601,15647.46
16603,37634.523
16611,30861.598
16613,15042.725
16616,32081.752
16617,37017.484
16618,20324.314
16624,39658.703
16626,30045.92
16626,30366.229
16626,30045.92
16626,31879.719
16628,15772.238
16628,15772.238
16629,34941.6
16629,35314.066
16629,41692.742
16632,20222.418
16636,15772.238
16641,32305.701
16642,30304.838
16643,18623.078
16643,69186.34
16650,29522.928
16650,39463.266
16650,36750.008
16656,47447.617
16657,52790.195
16665,31838.822
16669,15431.292
16670,14317.945
16677,32748.521
16683,22700.14
16687,70714.9
16687,61488.8
16688,16998.66
16689,47844.668
16690,40743.574
16693,29230.158
16694,29396.441
16694,29709.799
16700,30366.229
16703,34550.715
16704,34039.8
16704,29211.291
16707,57187.727
16709,31037.133
16709,43996.027
16709,89039.01
16715,78980.88
16716,15042.725
16716,15042.725
16716,40542.793
16717,109666.72
16718,30516.354
16718,30516.354
16723,38133.473
16723,41005.297
16728,33738.996
16731,27684.984
16733,30822.006
16733,30822.006
16733,30822.006
16733,31150.59
16733,36385.848
16733,31284.625
16736,16724.225
16737,30175.23
16742,33240.055
16747,32199.027
16750,17769.592
16754,15365.162
16768,32423.764
16769,37017.484
16776,39658.703
16776,40508.78
16778,40665.043
16778,30366.229
16778,30366.229
16778,30366.229
16778,30366.229
16778,30366.229
16778,30366.229
16779,15772.238
16779,15772.238
16779,20411.787
16783,45243.926
16783,20655.873
16783,13851.719
16783,20437.988
16786,15375.086
16787,29541.771
16789,19747.125
16789,30385.842
16789,61838.473
16790,18197.135
16791,63245.633
16792,32061.045
16793,16455.771
16793,32998.11
16797,79960.836
16800,30974.385
16801,53898.242
16803,20655.873
16804,56687.67
16805,50597.51
16807,19357.572
16808,12973.897
16811,32264.258
16813,20109.945
16817,18926.904
16819,36820.98
16820,84811.96
16823,10940.704
16824,40184.484
16826,71064.56
16842,76556.77
16842,40743.574
16854,42037.668
16857,38035.695
16861,31037.133
16872,43253.484
16872,29837.664
16874,32081.752
16878,44881.81
16879,20889.566
16881,34098.645
16881,34098.645
16889,16724.225
16896,33140.125
16900,32199.027
16900,32542.26
16900,32542.26
16901,30496.889
16904,49354.98
16914,39917.836
16914,32264.258
16914,32264.258
16914,94655.67
16915,74853.53
16916,15940.386
16921,16724.225
16922,31618.14
16929,31975.85
16931,40665.043
16934,75272.234
16937,63708.742
16941,29840.451
16942,30194.459
16944,31975.85
16945,32061.045
16948,13792.356
16954,51781.812
16955,19467.676
16955,89545.516
16956,39488.79
16956,30822.006
16957,45501.26
16960,19563.941
16960,19563.941
16960,31879.719
16969,67764.01
16970,229139.94
16970,221965.5
16975,21323.73
16985,31503.01
16985,19034.54
16987,63790.637
16988,14938.457
16992,36502.63
16994,52805.855
16996,43476.15
17000,50727.58
17001,34186.3
17003,30496.889
17005,33738.996
17006,33996.133
17009,20324.314
17010,48625.11
17012,34896.777
17014,31284.625
17016,45676.824
17017,22276.395
17019,34769.676
17024,36773.742
17024,36773.742
17027,110019.63
17028,19578.426
17028,74901.875
17028,32423.764
17029,14227.763
17036,21715.475
17038,40343.344
17039,62411.69
17041,20109.945
17042,8046.474
17045,44322.793
17045,34989.754
17049,20324.314
17049,36797.215
17050,15981.364
17051,51697.78
17051,43424.434
17052,20196.477
17053,54852.97
17057,15714.805
17057,36074.703
17062,50192.5
17063,39391.445
17065,38564.887
17066,40560.773
17068,39029.688
17068,32264.258
17068,32608.184
17068,32955.777
17068,33097.64
17073,20905.031
17073,37309.176
17076,16334.463
17078,34462.125
17079,40081.49
17081,40560.773
17084,29396.441
17094,38801.44
17095,36048.01
17095,30496.889
17096,29840.451
17099,31975.85
17100,7062.121
17103,86622.35
17108,14863.434
17111,16466.416
17114,20183.44
17114,34039.8
17115,36385.848
17116,126364.16
17118,36773.742
17123,50031.54
17125,19345.078
17126,28579.854
17127,53818.22
17136,30608.371
17138,40132.973
17141,31838.822
17143,44968.098
17143,15097.702
17146,171590.47
17149,52805.855
17151,43807.867
17153,15162.681
17153,33328.617
17156,34186.3
17160,44274.887
17162,86510.57
17164,117851.24
17166,29337.01
17168,68250.766
17168,68250.766
17172,22276.395
17172,35824.66
645,973.64465
645,953.1926
645,973.64465
645,988.27295
645,988.27295
645,949.1042
645,988.27295
645,973.64465
645,977.8387
645,953.1926
645,959.2322
645,973.64465
645,977.8387
645,953.1926
645,959.2322
645,973.64465
645,939.08307
645,959.2322
645,977.8387
646,880.29895
646,1033.0392
646,965.934
646,813.7341
646,968.13214
646,953.80164
646,933.8543
646,933.8543
646,947.8854
646,941.13116
646,1149.5776
17175,17593.389
17176,13792.356
17179,37165.773
17179,37165.773
17182,33030.695
17184,140005.27
17186,86306.28
17191,33097.64
17191,21946.98
17192,10068.036
17193,53863.402
17193,40343.344
17194,18902.623
17197,30689.924
17197,20109.945
17203,15042.725
17203,14874.438
17204,18234.0
17204,20324.314
17206,19897.816
17209,87714.09
17209,90607.72
17213,37970.06
17214,35434.406
17216,14515.583
17218,50727.58
17219,19467.676
17219,39391.445
17220,34462.125
17221,38975.977
17223,16537.143
17224,40542.793
17227,32955.777
17228,21127.896
17231,87114.37
17233,52076.332
17235,40508.78
17235,30822.006
17237,40560.773
17240,14227.763
17244,33738.996
17245,31838.822
17247,29837.664
17250,34791.867
17254,38618.035
17256,17803.773
17258,38568.492
17262,79881.87
17263,40967.07
17263,52132.684
17265,32316.701
17265,31503.01
17265,46685.984
17267,27208.225
17273,24955.424
17278,31903.322
17279,15804.19
17294,40560.773
17294,55361.383
17294,55361.383
17294,33996.133
17297,31388.268
17312,50095.758
17313,39248.01
17313,33383.082
17315,32081.752
17317,15042.725
17323,29875.99
17323,21766.898
17327,39976.582
17329,2.6619098e+06
17329,18942.688
17330,20995.004
17334,33594.414
17338,18845.955
17339,100680.77
17343,20655.873
17347,30822.006
17351,18902.623
17353,10024.889
17353,27788.785
17357,28598.312
17358,22305.01
17360,18234.0
17360,20183.44
17365,31923.896
17365,69370.68
17366,17042.36
17374,28724.078
17377,30007.402
17379,39684.01
17381,40542.793
17383,31150.59
17392,31838.822
17393,18379.402
17393,32682.314
17400,22388.832
17403,31150.59
17403,31284.625
17403,31150.59
17403,31150.59
17405,96375.984
17405,32178.49
17407,114933.836
17408,34472.645
17414,17803.773
17416,40343.344
17422,30045.92
17425,19022.418
17433,30366.229
17433,42989.793
17434,30496.889
17436,31903.322
17441,17275.97
17442,21112.266
17447,29522.928
17448,72774.88
17449,15872.21
17451,57629.5
17452,77372.91
17455,15960.862
17458,30822.006
17460,50667.29
17469,36299.613
17469,36299.613
17472,65697.45
17473,41616.906
17474,28278.387
17475,44881.81
17476,30496.889
17485,23226.96
17489,31503.01
17492,19675.219
17492,33952.52
17496,12527.334
17497,29728.988
17499,9083.028
17504,61759.203
17509,29117.834
17513,41563.516
17514,33738.996
17515,16819.367
17516,52401.06
17521,33637.535
17522,87489.28
17523,32955.777
17525,48433.688
17530,37030.41
17533,32629.244
17534,60501.78
17534,33717.188
17535,30327.273
17539,61029.37
17545,15674.51
17548,16558.385
17552,18379.402
17553,27634.23
17554,42536.37
17555,31618.14
17569,22073.896
17569,62331.566
17570,30045.92
17574,29709.799
17579,34336.64
17581,30709.775
17582,44824.23
17590,7372.897
17591,89422.2
17592,30366.229
17595,20324.314
17597,19759.898
17597,19551.463
17598,13056.121
17600,29522.928
17604,18729.023
17605,20554.256
17606,41996.195
17607,32243.4
17607,73550.695
17608,93357.695
17609,31618.14
17614,19996.19
17614,36048.01
17617,35916.754
17634,43476.15
17640,35586.906
17642,74812.92
17649,15595.806
17650,34896.777
17658,37030.41
17659,17374.252
17662,20183.44
17663,13178.398
17666,52925.902
17667,16212.426
17672,31170.709
17673,51016.105
17673,41563.516
17674,39633.105
17676,39488.79
17676,52401.06
17685,21687.617
17688,37561.95
17688,30822.006
17689,16395.85
17689,94352.84
17692,34336.64
17694,42907.297
17710,33717.188
17712,38186.023
17713,30690.158
17714,43779.594
17715,53898.242
17716,29709.799
17723,17190.979
17724,32521.535
17729,22073.896
17730,43826.926
17740,32178.49
17742,45302.082
17746,34098.645
17747,40542.793
17751,32264.258
17752,32337.574
17753,87226.266
17759,36773.742
17759,30496.889
17760,36362.363
17760,29837.664
17760,35599.33
17760,44742.355
17760,35671.14
17760,30155.725
17761,26452.42
17765,20554.256
17766,20411.787
17772,38834.055
17773,18355.824
17776,47473.145
17778,35916.754
17784,43317.84
17798,34462.125
17801,115229.28
17803,21071.732
17803,38252.03
17804,32889.434
17805,34186.3
17805,41151.348
17811,33282.754
17816,41799.88
17820,43234.348
17825,18878.373
17825,37986.9
17826,30366.229
17829,64968.59
17835,39633.105
17837,36576.613
17838,35920.11
17840,40612.875
17841,45360.273
17849,30822.006
17849,37561.95
17849,30822.006
17849,30822.006
17856,66640.47
17864,32542.26
17869,35072.875
17871,45755.78
17871,33717.188
17877,32264.258
17882,31838.822
17887,33472.09
17888,23833.988
17889,32243.4
17891,59530.664
17891,47880.043
17892,51781.812
17892,20183.44
17892,31150.59
17893,31037.133
17893,85176.97
17893,34769.676
17894,18173.791
17895,43289.84
17898,34554.242
17902,32178.49
17904,21472.545
17904,21472.545
17905,45995.63
17909,7877.6094
17916,35762.84
17917,34945.168
17920,67915.08
17923,61793.312
17924,137730.2
17930,32178.49
17932,11865.08
17934,39248.01
17936,33683.92
17936,16819.367
646,995.72766
646,1125.4248
646,1125.4248
646,1126.2587
646,1138.275
646,1196.7152
646,1138.275
646,1209.4827
646,1204.296
646,1138.275
646,1222.3862
647,1022.978
647,809.12604
647,844.2328
647,844.2328
647,1180.9232
647,1180.9232
647,818.291
647,818.291
647,809.6496
647,809.6496
647,886.6293
647,1021.47186
647,896.0913
647,896.0913
647,915.31934
647,896.0913
647,915.31934
647,905.6541
647,915.31934
17938,37986.9
17949,15278.26
17952,32563.309
17952,32563.309
17953,39215.05
17955,61102.05
17955,70411.94
17957,37610.195
17975,34576.297
17983,35920.11
17986,43628.336
17987,36074.703
17988,34142.445
17989,56967.973
17995,34340.145
17996,82970.94
17999,36552.97
17999,64795.95
18001,43883.26
18002,40612.875
18003,45360.273
18005,34528.71
18007,68442.73
18014,22195.28
18017,34506.39
18018,1.5330469e+07
18020,83085.27
18023,31702.654
18026,32219.793
18026,32542.26
18026,58784.156
18026,55676.266
18027,30496.889
18027,39072.258
18028,69217.03
18029,84695.24
18029,39666.418
18034,46243.52
18034,47778.777
18034,48495.9
18037,79371.414
18041,32264.258
18050,34189.496
18055,51781.812
18055,20183.44
18057,18173.791
18059,43289.84
18062,44246.31
18062,30477.205
18066,36409.07
18067,54496.938
18068,51593.26
18069,35072.875
18071,41979.777
18077,32889.434
18077,33240.055
18077,33594.414
18077,37264.797
18080,61331.14
18090,77705.82
18102,17530.947
18104,37949.42
18107,18129.16
18107,21537.293
18108,54671.848
18112,9179.858
18113,73652.055
18114,7877.6094
18115,38416.66
18115,32910.42
18115,32910.42
18117,37986.9
18118,38784.2
18119,56306.145
18120,41872.176
18120,47265.246
18124,41952.68
18124,36844.445
18125,48856.086
18127,34450.36
18128,42852.254
18128,24039.377
18128,48950.016
18128,43770.742
18139,34576.297
18139,34576.297
18149,49112.137
18149,30496.889
18152,35740.027
18153,36253.047
18159,15033.016
18164,39785.99
18166,37686.387
18168,47891.87
18172,33717.188
18172,36459.28
18176,21537.293
18178,22671.02
18179,18599.188
18179,103935.82
18181,34506.39
18183,34462.125
18186,32521.535
18186,31150.59
18188,30822.006
18188,18277.18
18190,57840.164
18193,34620.707
18193,44019.7
18193,50885.297
18198,33073.125
18206,32608.184
18207,33828.89
18207,33828.89
18211,22321.523
18215,38428.02
18231,36409.07
18231,8229.579
18232,55077.902
18236,31170.709
18236,31170.709
18236,31170.709
18236,37189.777
18239,57230.062
18242,234202.56
18242,226869.62
18242,226869.62
18242,229288.14
18242,229288.14
18251,19970.537
18252,31150.59
18252,86195.56
18254,96024.234
18255,78534.2
18257,34725.1
18259,31618.14
18274,34852.008
18275,40490.78
18276,48950.016
18279,22929.652
18279,7961.59
18281,35012.387
18281,16945.973
18286,42318.52
18291,49376.87
18293,35268.797
18294,16163.685
18295,31150.59
18295,30822.006
18296,32316.701
18299,47244.29
18304,54671.848
18306,31070.717
18308,82917.94
18310,38826.168
18312,38490.52
18318,36121.04
18318,19696.51
18320,34852.008
18324,33683.92
18325,79583.49
18325,75175.67
18340,34795.414
18342,45739.77
18342,21766.898
18343,59928.44
18344,39290.445
18358,24085.803
18359,34620.707
18363,48562.777
18364,45995.63
18369,88649.164
18371,45667.59
18371,55089.04
18371,30155.725
18371,30155.725
18374,68025.41
18374,32889.434
18376,35072.875
18377,22559.488
18392,36323.094
18394,34462.125
18395,34462.125
18398,33472.09
18398,33240.055
18398,21445.018
18405,46706.74
18407,49871.38
18416,15278.26
18419,23951.82
18421,16221.242
18423,35095.26
18426,53226.93
18426,68307.68
18426,36362.363
18429,24054.904
18430,70547.84
18430,21564.959
18430,21445.018
18431,22307.115
18432,44746.88
18435,11955.524
18439,37473.25
18440,30477.205
18440,30477.205
18442,40490.78
18443,39420.61
18445,22929.652
18447,76836.555
18447,35385.605
18458,36001.77
18462,35314.066
18462,41965.125
18468,45472.28
18470,42299.754
18472,39760.652
18474,32403.084
18475,46163.72
18477,38826.168
18480,37125.6
18481,42145.73
18483,52233.41
18485,88213.07
18487,34852.008
18489,34769.676
18493,35824.66
18495,116309.17
18500,32264.258
18507,32748.521
18507,34725.1
18508,55915.88
18508,57586.867
18509,40184.484
18515,34189.758
18522,79779.47
18524,32521.535
18525,24342.576
18526,53250.54
18528,41385.406
18531,48562.777
18531,5.029623e+06
18532,62251.668
18535,36001.77
18541,64921.082
18541,68025.41
18542,7377.6597
18552,16971.059
18557,22499.52
18559,250071.06
18559,62538.125
18559,36710.285
18561,32403.084
18561,32748.521
18565,32769.67
18571,17418.898
18572,32889.434
18574,32542.54
18575,50403.035
18578,36001.77
18593,249911.56
18594,68307.68
18598,21445.018
18599,21824.895
18604,30477.205
18607,36459.28
18611,38876.04
18614,14708.034
18615,68250.766
18625,32889.434
18630,34725.1
18640,32403.084
18640,40184.484
18648,37921.348
18653,55992.99
18656,39197.664
18659,36506.113
18663,36253.047
18674,40940.59
18678,34852.008
18678,46826.805
18680,37686.387
18682,13553.553
18686,141226.12
18691,11709.893
18692,69758.72
18692,94231.805
18693,60671.95
18700,11682.072
18700,37264.797
18701,738902.25
18705,31284.625
18706,47339.996
18707,33894.188
18709,38635.164
18710,214875.28
18710,214875.28
18717,53090.504
18718,21127.896
18729,15595.806
18730,22071.812
648,870.0539
648,915.31934
648,915.31934
648,915.31934
648,915.31934
648,936.48895
648,957.2009
648,957.2009
648,1212.894
648,920.25775
648,920.25775
648,1057.5405
648,1057.5405
648,861.42316
648,845.3185
648,832.80365
648,824.00916
648,987.54956
648,831.734
648,831.734
648,822.9508
648,824.00916
648,836.392
648,845.3185
648,1008.7375
648,1008.7375
648,1008.7375
648,819.4204
648,810.76715
648,810.76715
18731,40361.24
18735,31422.232
18736,33952.52
18741,33952.52
18741,33240.055
18741,33594.414
18745,61674.152
18756,98757.62
18757,35469.4
18759,35446.81
18760,36299.613
18766,106127.39
18768,21824.895
18777,16153.391
18779,34233.414
18780,17418.898
18781,31859.385
18784,37213.516
18787,37054.043
18788,172142.5
18791,20411.787
18791,42934.64
18795,32910.42
18795,31903.322
18797,52143.227
18803,29837.664
18804,36048.01
18806,16255.623
18818,32521.535
18823,55992.99
648,802.2051
648,810.76715
648,802.2051
648,819.4204
648,819.4204
648,810.76715
648,810.76715
648,819.4204
648,810.76715
648,822.9508
648,822.9508
648,831.734
648,822.9508
648,822.9508
648,822.9508
648,831.734
648,822.9508
648,822.9508
648,822.9508
648,822.9508
648,831.734
648,831.734
648,822.9508
648,822.9508
648,822.9508
648,831.734
648,831.734
648,831.734
648,831.734
648,822.9508
648,822.9508
648,814.26025
648,840.61804
648,831.734
648,1090.7501
649,868.8548
649,1107.2406
649,1119.0543
649,1119.0543
649,1107.2406
649,990.18384
649,1000.7497
649,1011.4282
649,990.18384
649,990.18384
649,1000.7497
649,1095.5516
649,1000.7497
649,1011.4282
649,1095.5516
649,985.93646
649,1011.4282
649,1011.4282
649,1000.7497
650,1002.7785
650,1100.3737
650,1000.8438
650,936.0675
650,986.0292
650,986.0292
650,986.0292
650,1028.802
650,1104.8309
650,1104.8309
650,1104.8309
650,1104.8309
650,881.99365
650,854.34705
650,872.68036
650,872.68036
650,872.68036
650,863.4649
650,1052.4944
650,1052.4944
650,1052.4944
650,1052.4944
650,870.61646
650,893.12964
650,1065.7806
650,883.12744
651,1001.49084
651,986.6671
651,986.6671
651,986.6671
651,1109.8146
651,846.492
651,889.2985
651,974.89655
651,936.48895
651,1186.6547
651,1020.9162
651,971.0543
651,971.0543
651,868.3821
651,971.0543
651,960.8017
651,1207.036
651,1207.036
652,974.2741
652,938.4759
652,1002.1307
652,887.0158
652,887.0158
652,1031.1431
652,952.5768
652,1015.88086
652,1015.88086
652,1061.3096
652,1015.88086
652,1015.88086
652,1162.5942
652,992.91846
652,992.91846
653,1195.0664
653,844.2328
653,1084.0878
653,1084.0878
653,1143.8003
653,1227.4198
653,1038.2491
653,933.6782
653,1227.4198
653,1138.061
653,1150.2032
654,994.5426
654,937.6927
654,936.48895
654,1137.3253
654,884.26306
654,846.40515
654,902.6609
654,1183.0945
655,979.82153
655,965.31775
655,960.4656
655,1000.8438
655,1000.8438
655,1000.8438
655,1000.8438
655,986.0292
655,1114.1499
655,1014.87714
655,1014.87714
655,1014.87714
655,1014.87714
655,1013.72974
655,889.87354
655,974.1825
655,974.1825
655,974.1825
655,974.1825
655,984.57776
656,1054.628
656,937.0944
656,1240.5145
656,1148.8345
656,1239.7133
657,978.56335
657,978.56335
657,1050.8832
657,1050.8832
657,1050.8832
657,1145.4954
657,1170.0686
657,1017.1865
657,1152.7521
657,1149.5776
657,1174.2384
657,1137.442
657,1156.8602
657,1063.3611
658,947.79626
658,938.8043
658,895.51227
658,952.5768
658,962.65125
658,735.3767
658,1131.7256
658,1143.8003
658,1043.4939
429,745.9529
430,766.87006
430,950.7466
430,695.1068
430,774.4817
430,773.4869
430,789.5825
430,789.5825
430,581.2722
431,771.23773
431,771.23773
431,840.69714
431,840.69714
431,840.69714
431,840.69714
431,766.37445
431,817.24
431,800.07043
432,791.10925
432,791.10925
432,791.10925
432,791.10925
432,734.50146
432,734.50146
432,734.50146
432,734.50146
432,734.50146
432,734.50146
432,734.50146
432,734.50146
658,1020.25665
658,1031.1431
658,1009.48505
658,1009.48505
658,1005.1554
658,1031.1431
658,1031.1431
658,1031.1431
658,1020.25665
658,1020.25665
658,1020.25665
658,1031.1431
658,1020.25665
658,1031.1431
658,1031.1431
658,1009.48505
658,1031.1431
658,1009.48505
658,1031.1431
658,1031.1431
658,1031.1431
658,1031.1431
658,1009.48505
658,1020.25665
658,1031.1431
658,1031.1431
658,1031.1431
658,1009.48505
658,1009.48505
658,1031.1431
658,1031.1431
658,1020.25665
658,1020.25665
658,1031.1431
658,1020.25665
658,1031.1431
658,1009.48505
658,1020.25665
658,1020.25665
658,1020.25665
658,1009.48505
658,1031.1431
658,1020.25665
658,1020.25665
658,1031.1431
658,1020.25665
658,1031.1431
658,1031.1431
658,1020.25665
658,1020.25665
658,1031.1431
658,1009.48505
658,1020.25665
658,1031.1431
658,1031.1431
658,1031.1431
658,1009.48505
658,1031.1431
658,1031.1431
658,1031.1431
658,994.5426
658,1020.25665
658,1015.88086
658,1009.48505
658,1031.1431
658,1031.1431
658,1009.48505
658,1005.1554
658,1020.25665
658,1031.1431
658,1031.1431
658,1009.48505
658,1009.48505
658,1031.1431
658,1031.1431
658,1015.88086
658,1031.1431
659,1101.7883
659,957.2009
659,1085.3789
659,903.829
659,784.76886
659,1195.9415
659,1017.8446
660,1174.9979
660,892.64374
660,953.1926
660,953.1926
660,1084.0878
660,1027.2877
660,1007.83606
660,948.40137
660,1010.12946
660,988.27295
660,988.27295
660,1267.1244
660,1267.1244
660,1049.3274
660,1049.3274
660,1143.8003
660,1143.8003
660,981.41626
660,1143.8003
660,981.41626
660,1080.1362
660,1007.83606
660,1022.978
661,949.01495
661,1132.5636
661,1050.0062
661,1022.978
661,968.6674
661,1194.2938
661,1207.036
661,1181.6865
661,1207.036
662,864.57526
662,961.70056
662,961.70056
662,961.70056
662,961.70056
662,1077.2542
662,1148.8345
662,1035.5851
662,1035.5851
662,1024.6512
662,1024.6512
662,1024.6512
662,906.6425
662,1157.4991
663,1107.3447
663,1065.0922
663,890.8371
663,900.34436
663,890.8371
663,890.8371
663,900.34436
663,881.4305
663,881.4305
663,881.4305
663,881.4305
663,947.1839
663,900.34436
663,890.8371
663,1156.0131
663,1100.3737
663,1180.8123
663,1193.4102
663,1193.4102
663,935.5636
663,1180.8123
663,1193.4102
663,1156.0131
663,1193.4102
663,1193.4102
663,1066.4615
663,1193.4102
663,1193.4102
663,1193.4102
663,1193.4102
663,1193.4102
663,1107.3447
663,1168.3466
663,1180.8123
663,1168.3466
663,1196.602
664,1044.9337
664,1044.9337
664,1044.9337
664,1044.9337
664,1139.0115
664,1241.5504
664,1241.5504
664,1122.1536
664,1223.1763
664,1268.1824
664,989.54364
664,935.5636
664,1131.832
664,957.2009
665,1000.8438
665,1000.8438
665,1000.8438
665,1000.8438
665,1000.8438
665,1000.8438
665,1000.8438
665,1000.8438
665,1000.8438
665,1000.8438
665,1000.8438
665,986.0292
665,986.0292
665,986.0292
665,986.0292
665,986.0292
665,986.0292
665,986.0292
665,986.0292
665,986.0292
665,986.0292
665,986.0292
665,986.0292
665,986.0292
665,986.0292
665,986.0292
665,973.64465
665,973.64465
665,973.64465
665,972.39435
665,983.94165
665,818.8201
665,836.392
665,836.392
665,1126.1528
665,1133.2871
666,1181.6865
666,1181.6865
666,957.2009
666,854.8925
666,842.2365
666,842.2365
666,851.2253
666,854.8925
666,1031.0461
666,1200.0907
666,1174.887
666,903.24493
666,1200.0907
666,903.24493
666,1187.4222
666,1077.8492
666,1200.0907
666,922.6259
666,1089.3496
666,952.48724
666,1089.3496
666,1200.0907
666,962.65125
666,1100.9725
666,1200.0907
666,1089.3496
666,903.24493
666,1200.0907
666,1187.4222
666,942.4304
666,962.65125
666,903.24493
666,880.4771
666,1200.0907
666,1112.72
666,942.4304
666,912.8841
666,1200.0907
666,891.6782
666,942.4304
666,903.24493
666,1200.0907
666,995.1779
666,984.67035
666,974.2741
666,1010.12946
666,1010.12946
666,984.67035
666,1010.12946
666,963.9875
666,980.4471
666,984.67035
666,984.67035
666,988.91235
666,980.4471
666,995.1779
666,1010.12946
666,1010.12946
666,995.1779
666,995.1779
666,1010.12946
666,988.91235
666,995.1779
666,1010.12946
666,995.1779
666,970.09534
666,984.67035
666,988.91235
666,980.4471
666,980.4471
666,995.1779
666,984.67035
666,995.1779
666,995.1779
666,999.46466
666,995.1779
666,999.46466
666,999.46466
666,1010.12946
666,999.46466
666,995.1779
666,999.46466
666,980.4471
666,984.67035
357,950.7466
357,1013.9291
357,664.48364
357,857.0068
357,786.2015
358,718.60297
360,694.6632
360,633.2354
361,704.64856
361,961.51324
361,951.36127
361,918.4032
362,944.14996
362,885.3114
362,885.3114
362,632.4218
363,724.34125
363,624.2606
363,624.2606
363,630.9258
363,617.6654
364,708.66235
364,693.3223
364,693.3223
365,644.8872
366,620.3229
367,885.3114
367,1036.3519
367,633.2354
367,633.2354
432,734.50146
432,734.50146
432,687.8294
432,808.08716
432,808.08716
432,808.08716
432,808.08716
432,793.2946
432,677.64374
432,718.0764
432,688.2099
432,695.55676
432,710.48627
432,695.55676
432,718.0764
432,725.742
432,725.742
432,725.742
432,725.742
432,688.2099
432,702.98193
432,718.0764
432,718.0764
432,710.48627
432,702.98193
432,718.0764
432,725.742
432,725.742
432,855.6066
432,788.2988
666,974.2741
666,984.67035
666,1010.12946
666,974.2741
666,959.8528
666,995.1779
666,984.67035
666,1010.12946
666,995.1779
666,1010.12946
666,1010.12946
666,995.1779
666,984.67035
666,980.4471
666,984.67035
666,995.1779
666,984.67035
666,984.67035
666,984.67035
666,974.2741
666,1010.12946
666,995.1779
666,978.4713
666,995.1779
666,984.67035
666,1010.12946
666,999.46466
666,995.1779
666,995.1779
666,974.2741
667,1170.8254
667,946.5791
667,1195.7167
667,1275.1613
667,1002.1307
667,1002.1307
667,1021.6645
667,908.9683
667,908.9683
667,908.9683
667,908.9683
667,908.9683
667,1071.1556
667,893.7071
667,1261.701
667,1004.4111
667,1200.2035
667,1200.2035
668,1024.9554
668,1061.9962
668,1011.4282
668,996.45703
668,810.1666
668,1060.2616
668,1108.1653
668,1108.1653
668,1124.8126
668,1124.8126
668,841.1548
668,828.7019
668,828.7019
668,819.9503
668,819.9503
668,828.7019
668,837.5464
668,828.7019
668,841.1548
668,841.1548
668,850.132
668,850.132
668,850.132
668,841.1548
668,823.48334
668,850.132
668,841.1548
668,841.1548
668,841.1548
668,841.1548
669,1114.369
669,1126.1528
669,1040.4523
669,873.2446
669,882.56396
669,901.5021
669,1064.4127
669,1075.7698
669,891.9826
669,1075.7698
669,1087.248
669,1087.248
669,1087.248
669,891.9826
669,1163.4457
669,1146.2266
669,1249.415
669,1254.5599
669,1254.5599
669,1150.9468
669,1254.5599
669,985.2063
669,1150.9468
670,1100.3737
670,943.6417
670,920.531
670,969.37695
670,1123.9803
670,1123.9803
670,1123.9803
670,1123.9803
670,1123.9803
670,1123.9803
670,1123.9803
670,1123.9803
670,1107.3447
670,1107.3447
670,1107.3447
670,1107.3447
670,903.82166
670,1046.6349
670,1050.0062
670,1144.5396
671,1163.2269
671,1022.978
671,1022.978
671,1022.978
671,1007.83606
671,1007.83606
671,1007.83606
671,1007.83606
671,1011.4282
671,1174.2384
671,1174.2384
671,883.12744
671,1027.9436
671,1006.35266
671,995.72766
672,1046.2772
672,1023.6394
672,1023.6394
672,1023.6394
672,1023.6394
672,1008.4881
672,1008.4881
672,1008.4881
672,1077.9506
672,1027.2877
672,1065.7806
672,930.2669
672,1080.9274
672,893.2136
672,893.2136
672,883.782
672,897.06195
672,897.06195
672,906.6352
672,906.6352
672,906.6352
672,992.5304
672,982.0512
672,992.5304
672,982.0512
672,982.0512
672,982.0512
672,982.0512
672,986.9111
672,1064.8289
672,907.13605
672,1240.5145
673,1004.7088
673,1051.554
673,1051.554
673,1051.554
673,906.6352
673,1031.1431
673,1031.1431
673,1015.88086
673,1015.88086
673,1015.88086
673,1107.3447
673,1107.3447
673,1020.81195
673,1194.9437
673,1129.2626
673,1129.2626
673,1129.2626
673,931.96436
673,931.96436
673,893.2209
673,935.9795
673,935.9795
673,945.9675
673,935.9795
673,984.57776
673,1175.7479
673,1004.1623
673,1014.87714
673,1233.7252
673,1014.87714
673,993.5604
674,981.08093
674,1139.0115
674,1195.7167
674,915.31934
674,915.31934
674,915.31934
675,1016.5376
675,1016.5376
675,1016.5376
675,1016.5376
675,870.0539
675,983.94165
675,1037.3214
675,1037.3214
675,1037.3214
675,1304.1985
675,768.2744
675,849.58954
675,950.0425
675,950.0425
675,950.0425
675,950.0425
675,950.0425
675,930.0862
675,950.0425
675,845.945
675,833.4209
675,833.4209
675,833.4209
675,824.61993
675,833.4209
675,845.945
675,854.9733
675,845.945
675,854.9733
675,845.945
675,854.9733
675,845.945
675,854.9733
675,854.9733
675,854.9733
675,837.01154
675,854.9733
675,845.945
675,845.945
675,854.9733
675,845.945
675,837.01154
675,845.945
675,828.1727
675,854.9733
675,845.945
675,837.01154
675,854.9733
675,845.945
675,845.945
675,837.01154
675,854.9733
675,845.945
675,837.01154
675,854.9733
675,858.65674
675,858.65674
675,867.8205
675,867.8205
675,858.65674
675,840.61804
675,867.8205
675,867.8205
675,867.8205
675,867.8205
675,867.8205
675,858.65674
675,867.8205
675,867.8205
675,858.65674
675,858.65674
675,849.58954
675,849.58954
675,849.58954
675,867.8205
675,940.0114
675,950.0425
675,960.1804
675,950.0425
675,950.0425
675,940.0114
675,950.0425
675,960.1804
675,950.0425
675,950.0425
675,960.1804
675,960.1804
675,940.0114
675,960.1804
675,930.0862
675,950.0425
675,930.0862
675,950.0425
675,930.0862
675,940.0114
432,855.6066
432,922.8074
433,752.94684
433,737.12036
433,737.12036
433,737.12036
434,828.2506
434,1037.6844
434,729.4037
434,729.4037
434,718.60297
434,721.1652
434,774.4817
434,725.8103
434,710.9461
434,795.0255
434,752.203
434,786.6295
434,786.6295
434,703.43695
434,803.51105
434,866.62445
434,752.203
434,718.53534
434,768.3467
434,857.47327
435,703.9524
435,913.8725
435,894.67523
435,730.8142
675,960.1804
675,950.0425
675,950.0425
675,1077.9506
676,1099.2871
676,1017.8446
676,1116.5139
676,1098.5769
676,1061.3096
676,1085.3789
676,1169.0923
677,1151.0555
677,1022.978
677,1022.978
677,1022.978
677,1020.81195
677,939.4036
677,1169.0923
677,1144.6472
678,956.77057
678,956.77057
678,956.77057
678,956.77057
678,1042.9178
678,1042.9178
678,1027.481
678,1027.481
678,1027.481
678,1119.9888
678,1119.9888
678,1103.4124
678,1103.4124
678,1103.4124
678,1103.4124
678,1041.1249
678,969.47595
678,1062.6741
678,1061.8959
678,1040.3544
679,1050.8832
679,870.61646
679,1016.5376
679,1016.5376
679,1096.9596
679,956.25555
679,973.64465
679,1112.72
679,1039.7885
679,1078.5372
679,1067.1509
680,1052.2338
680,1052.2338
680,851.77606
680,1096.9596
680,846.9528
680,871.1727
680,948.40137
680,883.12744
680,1143.8003
680,1107.9564
680,998.92096
680,1009.57996
680,1009.57996
680,1084.1897
680,1084.1897
680,1084.1897
680,1100.4777
680,1202.4102
680,1031.8102
680,1042.8197
680,1053.9467
680,1031.8102
680,1042.8197
680,1042.8197
680,1053.9467
680,1053.9467
680,1031.8102
680,1053.9467
680,1053.9467
680,1053.9467
680,1053.9467
680,1042.8197
680,1053.9467
680,1053.9467
680,1053.9467
680,1053.9467
680,1038.3468
680,1053.9467
680,1042.8197
680,1042.8197
680,1053.9467
680,1042.8197
680,1053.9467
680,1053.9467
680,1053.9467
680,1053.9467
680,1053.9467
680,1053.9467
680,1053.9467
680,1053.9467
680,1042.8197
680,1031.8102
680,1031.8102
680,1053.9467
680,1053.9467
680,1031.8102
680,1031.8102
680,1053.9467
680,1053.9467
680,1031.8102
680,1053.9467
680,1053.9467
680,1038.3468
680,1027.3844
680,1042.8197
680,1053.9467
680,1053.9467
680,1042.8197
680,1042.8197
680,1053.9467
680,1053.9467
681,1174.9979
681,974.2741
681,974.2741
681,1067.1509
681,1030.1248
681,1200.2035
681,1017.1865
681,1115.6963
681,893.7071
681,1101.0765
681,1043.1289
681,1194.1815
681,1219.7982
681,1164.0883
681,1194.1815
681,1206.922
681,1206.922
681,1181.5754
681,1194.1815
681,1043.1289
681,1181.6865
681,1206.922
682,1000.2053
682,1000.2053
682,1000.2053
682,1000.2053
682,1074.1229
682,1146.968
682,1074.1229
682,1170.8254
682,1170.8254
682,1072.7438
682,984.57776
682,1011.4282
682,1101.0765
682,1131.832
682,978.3709
682,1003.1213
682,1134.8599
682,860.8665
682,1157.4991
683,1115.8016
683,929.07227
683,916.22424
683,943.03204
683,1220.702
683,1233.7252
683,1233.7252
683,1233.7252
683,1233.7252
683,923.2225
683,913.4743
683,1226.627
683,933.07495
683,923.2225
683,1125.319
683,1226.627
683,1113.4392
683,1137.3253
683,923.2225
683,1125.319
683,1113.4392
683,943.03204
683,1137.3253
683,1226.627
683,923.2225
683,1226.627
683,913.4743
683,1239.7133
683,1239.7133
683,1113.4392
683,1113.4392
683,923.2225
683,943.03204
683,1113.4392
683,1226.627
683,923.2225
683,933.07495
683,1226.627
683,1213.6781
683,1239.7133
683,1239.7133
683,923.2225
683,933.07495
683,1125.319
683,933.07495
683,1137.3253
684,1169.8486
684,1090.9552
684,1090.9552
684,887.0158
684,1078.6392
684,845.3185
684,1194.9437
684,836.93286
684,845.86505
684,910.5409
684,864.0166
684,910.5409
684,910.5409
684,910.5409
684,921.21326
684,931.0439
684,931.0439
684,1069.7803
684,1069.7803
684,1069.7803
684,1058.4863
684,1069.7803
684,1036.2545
684,762.94257
684,900.92645
684,1176.3973
684,1000.8438
684,1074.8086
684,965.31775
684,969.47595
684,1163.3363
684,979.82153
684,979.82153
684,979.82153
684,975.6185
684,990.277
684,979.82153
684,979.82153
684,969.47595
684,990.277
684,969.47595
684,1000.8438
684,965.31775
684,979.82153
684,979.82153
684,955.1256
684,965.31775
684,1000.8438
684,965.31775
684,965.31775
684,969.47595
684,963.2736
684,990.277
684,979.82153
684,1000.8438
684,965.31775
684,1175.7479
684,955.1256
684,990.277
684,1000.8438
684,965.31775
684,969.47595
684,986.0292
684,969.47595
684,986.0292
684,986.0292
684,963.2736
684,1000.8438
684,990.277
684,969.47595
684,979.82153
684,979.82153
684,990.277
684,969.47595
684,990.277
684,965.31775
684,990.277
684,990.277
684,1151.9078
684,955.1256
684,979.82153
684,975.6185
684,955.1256
684,1000.8438
684,979.82153
684,1000.8438
684,955.1256
684,969.47595
684,1000.8438
684,1000.8438
684,975.6185
685,1099.2871
435,894.67523
435,723.09546
435,733.9633
435,741.7979
435,891.4973
435,982.14355
435,723.09546
435,738.61523
435,982.14355
435,730.8142
435,746.49945
435,730.8142
435,738.61523
435,741.7979
435,749.7164
435,913.8725
435,741.7979
435,738.61523
435,877.64954
435,904.22296
435,741.7979
435,741.7979
435,882.0838
435,741.7979
435,738.61523
435,913.8725
435,738.61523
435,846.492
436,904.8931
436,891.4973
685,1103.2048
685,1131.832
685,1143.8003
685,1148.8345
685,1227.5352
685,1183.0945
685,997.7382
685,1085.3789
686,1182.4408
686,978.3709
686,1021.5684
686,1032.4689
686,1010.78296
686,1032.4689
686,1032.4689
686,1021.5684
686,1032.4689
686,985.30743
686,1021.5684
686,1032.4689
686,1032.4689
686,1032.4689
686,1021.5684
686,981.08093
686,1010.78296
686,1002.1307
686,1021.5684
686,1010.78296
686,1021.5684
686,981.08093
686,995.8213
686,1002.1307
686,981.08093
686,995.8213
687,940.89087
687,1022.978
687,1022.978
687,1022.978
687,1022.978
687,1022.978
687,1022.978
687,1022.978
687,1022.978
687,1022.978
687,1000.8438
687,1052.9059
687,1007.83606
687,1007.83606
687,1007.83606
687,1007.83606
687,1007.83606
687,1007.83606
687,1007.83606
687,1007.83606
687,1007.83606
687,1058.5863
687,1017.7489
687,1157.4991
687,1157.4991
687,1157.4991
687,1028.6086
687,1157.4991
687,1039.5841
687,1061.8959
687,1162.475
687,1169.8486
687,1157.4991
687,945.55536
687,1169.8486
687,1182.3296
687,1169.8486
687,1073.2262
687,1028.6086
687,1157.4991
687,1028.6086
687,1157.4991
687,1169.8486
687,1157.4991
687,1157.4991
687,1061.8959
687,1169.8486
687,1157.4991
687,1073.2262
687,1157.4991
687,1157.4991
687,1157.4991
687,1061.8959
687,1169.8486
687,1169.8486
687,1208.5872
687,1226.7423
687,1213.7927
688,1164.1978
688,1285.1403
688,988.27295
688,1020.81195
688,1027.9436
688,962.65125
688,1100.4777
688,1163.2269
689,1303.3561
689,1046.9451
689,1112.72
689,911.71173
689,902.08496
689,911.71173
689,859.7609
689,868.9365
689,859.7609
689,841.6991
689,921.4411
689,902.08496
689,911.71173
689,1099.5594
689,1099.5594
689,1111.2913
689,1099.5594
689,1099.5594
689,1111.2913
689,856.0728
689,856.0728
689,847.03253
689,847.03253
689,868.9365
689,868.9365
689,868.9365
689,868.9365
689,859.7609
689,859.7609
689,859.7609
689,859.7609
689,850.6821
689,868.9365
689,859.7609
689,850.6821
689,859.7609
689,859.7609
689,868.9365
689,850.6821
689,903.91437
689,1255.6074
689,1288.7655
690,1275.1613
690,884.26306
690,1120.493
690,1302.5142
691,1052.2338
691,1052.2338
691,823.93164
691,1036.6597
691,1214.4532
691,1145.2701
692,1046.2772
692,1046.2772
692,1030.7913
692,1124.7069
692,1045.6013
692,1030.1248
692,1125.4248
692,1200.2035
692,1148.8345
692,1148.8345
692,1108.7684
692,1131.832
692,1182.4408
692,1131.832
692,1131.832
692,846.40515
692,1005.70245
692,1069.7803
692,797.0714
692,788.6538
692,1189.0605
693,896.0913
693,1086.8766
693,854.9733
693,1049.3274
693,1143.8003
693,903.3299
693,903.3299
693,916.9033
693,1014.48096
693,1003.7698
693,1175.868
693,1116.523
693,1126.8716
693,1189.8291
693,1256.2908
694,1140.4757
694,1068.0421
694,1073.2262
694,963.2736
694,1169.8486
694,1275.1613
694,1090.9552
694,1090.9552
694,1090.9552
694,1090.9552
694,1090.9552
694,1090.9552
694,1090.9552
694,1090.9552
694,1090.9552
694,1090.9552
694,1107.3447
694,1107.3447
694,1107.3447
694,1107.3447
694,1022.1244
694,1096.2509
694,1096.2509
694,1096.2509
694,1194.9437
694,1143.8003
694,1194.9437
694,1026.3698
694,1037.3214
694,1015.5337
694,946.7712
694,1037.3214
694,1037.3214
694,1015.5337
694,956.87427
694,946.7712
694,1037.3214
694,1037.3214
694,1146.968
695,975.5268
695,880.4771
695,1115.0803
695,1053.9467
695,1061.3096
695,1038.3468
695,1038.3468
695,1038.3468
695,1038.3468
695,962.65125
695,962.65125
695,1060.2616
695,1060.2616
695,1060.2616
695,1060.2616
695,942.51904
695,952.5768
695,942.51904
695,952.5768
695,912.97736
696,1137.549
696,870.61646
696,1039.0186
696,1039.0186
696,1261.8202
696,883.69885
696,973.64465
696,1233.7252
696,1000.00867
696,1194.9437
696,940.2017
696,1074.0214
696,1063.3611
696,1079.3364
696,1090.8527
696,1079.3364
696,1101.7883
696,1125.4248
696,1090.1567
697,1181.6865
697,883.12744
697,1072.5328
697,1072.5328
698,1200.9799
698,1006.35266
698,1045.6013
698,1045.6013
698,1052.9059
698,1030.1248
698,889.2985
698,1090.0449
698,902.6609
698,887.0158
698,877.64954
698,877.64954
698,877.64954
698,971.0543
698,981.41626
698,971.0543
698,960.8017
698,960.8017
698,960.8017
698,971.0543
698,981.41626
698,971.0543
698,950.65717
698,887.0158
698,851.8562
698,851.8562
698,851.8562
698,851.8562
698,860.9475
698,851.8562
436,891.4973
436,891.4973
436,971.774
436,1059.2706
436,847.95013
436,817.3169
436,910.62695
436,769.10645
436,769.10645
436,769.10645
436,695.1068
436,695.1068
436,695.1068
436,695.1068
436,695.1068
436,695.1068
436,695.1068
438,730.3419
438,730.3419
438,730.3419
438,730.3419
438,730.3419
438,730.3419
438,730.3419
438,730.3419
438,835.39636
438,835.39636
438,835.39636
438,835.39636
438,895.2464
698,864.6566
698,864.6566
698,864.6566
698,864.6566
698,873.88434
698,873.88434
698,873.88434
698,864.6566
698,873.88434
698,873.88434
698,873.88434
698,873.88434
698,864.6566
698,864.6566
698,864.6566
698,855.5262
698,873.88434
698,873.88434
698,864.6566
698,864.6566
698,855.5262
698,846.492
698,864.6566
698,873.88434
698,864.6566
698,864.6566
698,846.492
698,864.6566
698,855.5262
698,887.0158
698,877.64954
698,877.64954
698,887.0158
698,887.0158
698,877.64954
698,887.0158
698,887.0158
698,887.0158
698,887.0158
698,887.0158
698,887.0158
698,877.64954
698,887.0158
698,877.64954
698,887.0158
698,887.0158
698,868.3821
698,877.64954
698,877.64954
698,887.0158
698,887.0158
698,868.3821
698,877.64954
698,877.64954
698,877.64954
698,877.64954
698,887.0158
698,859.21234
698,887.0158
698,887.0158
698,868.3821
698,868.3821
698,971.0543
698,971.0543
698,960.8017
698,960.8017
698,981.41626
698,971.0543
698,960.8017
698,960.8017
698,960.8017
698,971.0543
698,981.41626
698,981.41626
698,971.0543
698,971.0543
698,960.8017
698,960.8017
698,960.8017
698,960.8017
698,960.8017
698,960.8017
698,960.8017
698,950.65717
698,950.65717
698,851.8562
698,877.64954
698,877.64954
698,971.0543
698,1208.5872
698,1208.5872
699,984.57776
699,1032.4689
699,995.1779
699,995.1779
699,995.1779
699,995.1779
700,1115.0803
700,934.3626
700,934.3626
700,938.38763
700,1038.2491
700,938.38763
700,928.4795
700,1138.061
700,943.6417
700,928.4795
700,963.88904
700,924.49695
700,943.6417
700,963.88904
700,1143.8003
700,928.4795
700,943.6417
700,1162.475
700,1267.1244
700,1119.7777
700,1240.5145
700,933.6782
700,943.6417
700,1253.7489
700,938.38763
700,963.88904
700,1240.5145
700,933.6782
700,928.4795
700,953.7115
700,924.49695
700,1253.7489
701,1115.8016
701,995.8213
701,1119.7777
701,1220.5873
701,1005.70245
701,1040.1583
702,1096.9596
702,1125.4248
702,1125.4248
702,1208.5872
702,1025.3058
702,1025.3058
702,1025.3058
702,1237.0255
702,805.06464
702,779.8207
702,1077.2542
702,1068.7239
702,1052.9059
702,1339.7565
702,1046.2772
702,1077.2542
702,1061.3096
702,1065.8813
702,1077.2542
702,995.08386
702,1077.2542
702,1077.2542
702,1077.2542
702,1054.628
702,984.57776
702,1077.2542
702,1077.2542
702,1077.2542
702,1077.2542
702,995.08386
702,1065.8813
702,1065.8813
702,1061.3096
702,995.08386
702,1065.8813
702,1077.2542
702,1077.2542
702,1077.2542
702,1054.628
702,984.57776
702,1077.2542
702,984.57776
702,1077.2542
702,1077.2542
702,1005.70245
702,1077.2542
702,1061.3096
702,1077.2542
702,1077.2542
702,1077.2542
702,1077.2542
702,1077.2542
702,1065.8813
702,1054.628
702,1077.2542
702,1077.2542
702,1077.2542
702,984.57776
702,1065.8813
702,995.08386
702,984.57776
702,1077.2542
702,1077.2542
702,1077.2542
702,1065.8813
702,1077.2542
702,984.57776
702,1077.2542
702,1077.2542
702,1054.628
703,963.2736
703,948.40137
703,915.31934
703,956.25555
703,934.3626
703,934.3626
703,934.3626
703,934.3626
703,934.3626
703,934.3626
703,934.3626
703,934.3626
703,1107.3447
703,1107.3447
703,1043.3873
703,1096.2509
703,1183.9609
704,1189.941
704,994.5426
704,994.5426
704,1050.0062
704,1032.7749
704,990.816
704,1150.3114
704,1037.014
704,1233.7252
704,1050.6765
704,949.62854
704,1175.6373
704,1040.2561
704,1040.2561
705,1012.0821
705,997.1017
705,933.48926
705,1046.9451
705,977.9306
705,1065.9816
705,1050.2037
705,1144.7554
705,922.6259
705,922.6259
705,922.6259
705,940.6116
705,930.68
705,930.68
705,930.68
705,1183.0945
705,1052.2338
705,1256.2908
705,1085.3789
705,1085.3789
705,1221.3663
705,1183.0945
705,1195.7167
705,1085.3789
705,1120.493
705,1195.7167
705,1085.3789
705,1085.3789
705,1195.7167
705,1221.3663
705,1096.9596
705,1208.4735
705,1195.7167
705,1195.7167
705,1195.7167
705,1195.7167
705,1183.0945
705,1183.0945
706,1115.0803
706,956.25555
706,1261.0046
706,1241.3069
706,1353.0469
706,1133.913
706,1093.4375
706,1093.4375
706,1059.171
706,1059.171
706,1081.894
706,1055.3018
706,1039.6818
706,1017.8446
706,1013.47864
706,1013.47864
706,1002.7785
706,1039.6818
706,1055.3018
706,1017.8446
706,1055.3018
706,1055.3018
706,1055.3018
706,1024.2933
706,1044.1605
706,1028.7053
438,840.69714
439,795.6148
439,854.42737
439,854.42737
439,854.42737
439,772.7228
439,772.7228
439,722.09283
439,711.40015
439,680.0598
439,1061.418
439,604.29266
440,809.12604
440,814.86383
440,823.5608
441,757.71893
441,648.9803
441,986.28143
441,761.9625
442,917.5824
442,730.8142
442,930.1737
442,805.2165
442,751.71655
442,817.3169
442,741.3185
442,786.2015
442,767.8563
442,767.8563
443,708.4201
706,1055.3018
706,1044.1605
706,1044.1605
706,1002.7785
706,1039.6818
706,1017.8446
706,1044.1605
706,1055.3018
706,1055.3018
706,1044.1605
706,1055.3018
706,1039.6818
706,1055.3018
706,1028.7053
706,1055.3018
706,1033.1362
706,1017.8446
706,1055.3018
706,1039.6818
706,1039.6818
706,1044.1605
706,1055.3018
706,1028.7053
706,1055.3018
706,1055.3018
706,1055.3018
706,1055.3018
706,1024.2933
706,1017.8446
707,973.64465
707,1022.32495
707,1022.32495
707,1022.32495
707,1114.369
707,1189.941
707,1097.8756
707,1196.7152
707,1181.6865
707,969.37695
707,915.31934
707,1261.0046
707,982.67816
707,1072.5328
707,900.34436
707,988.27295
707,1253.8674
707,1073.2262
707,1169.8486
707,1169.8486
707,1169.8486
707,1007.83606
707,1012.17773
707,1022.978
707,1012.17773
707,986.6671
707,1012.17773
707,990.9172
707,1007.83606
707,997.1955
707,1022.978
707,1022.978
707,990.9172
707,1007.83606
707,1194.9437
707,1156.8602
707,1001.49084
707,1001.49084
707,1022.978
707,1012.17773
707,1007.83606
707,1022.978
707,990.9172
707,976.24976
707,1022.978
707,986.6671
707,990.9172
707,1022.978
707,1022.978
707,1022.978
707,990.9172
707,1007.83606
707,976.24976
707,1001.49084
707,997.1955
707,997.1955
707,997.1955
707,1007.83606
707,1022.978
707,1001.49084
707,976.24976
707,1007.83606
707,997.1955
707,1001.49084
707,1289.5985
708,1275.1613
708,1045.6013
708,1045.6013
708,1045.6013
708,1045.6013
708,1045.6013
708,1030.1248
708,1030.1248
708,1030.1248
708,1030.1248
708,1030.1248
708,1030.1248
708,829.153
708,931.8767
708,931.8767
708,1055.984
709,1207.8163
709,963.2736
709,1044.7288
709,875.0081
709,1035.5851
709,1035.5851
709,1035.5851
709,1035.5851
709,1046.6349
709,814.70355
709,865.7685
709,865.7685
709,865.7685
709,875.0081
709,878.77814
709,878.77814
709,904.57654
709,895.0251
709,904.57654
709,895.0251
709,904.57654
709,904.57654
709,895.0251
709,904.57654
709,885.57434
709,904.57654
709,895.0251
709,895.0251
709,895.0251
709,876.22284
709,895.0251
709,1046.6349
709,1046.6349
709,1046.6349
709,1035.5851
709,1046.6349
709,1046.6349
709,1046.6349
709,1035.5851
709,1046.6349
709,1046.6349
709,1046.6349
709,1035.5851
709,1046.6349
709,1035.5851
709,1035.5851
709,1046.6349
709,1046.6349
709,1046.6349
709,1024.6512
709,1046.6349
709,1035.5851
709,1035.5851
709,1024.6512
709,1035.5851
709,1046.6349
709,1035.5851
709,1024.6512
709,1013.8333
709,1035.5851
709,1035.5851
709,1046.6349
709,1046.6349
709,1035.5851
709,1035.5851
709,1035.5851
709,1024.6512
709,1035.5851
709,1024.6512
709,1035.5851
709,1035.5851
709,1005.1554
709,860.31683
709,1035.5851
710,1189.941
710,1075.5034
710,1052.2338
710,928.4795
710,1044.0619
710,1026.9285
710,1215.4674
710,1215.4674
710,1098.5769
710,962.65125
710,1049.3274
710,1108.1653
710,1207.9298
710,1112.1146
710,1123.9803
710,1123.9803
710,1123.9803
710,1100.3737
710,1100.3737
710,1123.9803
710,1112.1146
710,1112.1146
710,1123.9803
710,1112.1146
710,1112.1146
710,1123.9803
710,1112.1146
710,1123.9803
710,1100.3737
710,1100.3737
710,1112.1146
710,1123.9803
710,1107.3447
710,1100.3737
710,1123.9803
710,1112.1146
710,1123.9803
710,1123.9803
710,1123.9803
710,1100.3737
710,1100.3737
710,1112.1146
710,1123.9803
710,1100.3737
710,1123.9803
710,1112.1146
710,1100.3737
710,1095.6545
710,1123.9803
710,1123.9803
710,1123.9803
710,1112.1146
710,1123.9803
710,1100.3737
710,1123.9803
710,1100.3737
710,1100.3737
710,1100.3737
710,1123.9803
710,1123.9803
710,1107.3447
710,1107.3447
710,1123.9803
710,1084.0878
710,1123.9803
710,1100.3737
710,1107.3447
710,1123.9803
710,1112.1146
710,1123.9803
710,1112.1146
710,1112.1146
710,1095.6545
710,1112.1146
710,1123.9803
710,1100.3737
711,1091.661
711,984.57776
711,1090.7501
711,1072.5328
711,1120.493
711,1120.493
711,1120.493
711,1221.3663
711,1114.2643
712,870.61646
712,831.2033
712,1190.701
712,865.6871
712,1194.2938
713,1069.4153
713,1068.7239
713,1068.7239
713,1068.7239
713,1052.9059
713,1174.2384
713,1174.2384
713,1156.8602
713,1156.8602
713,1233.7252
713,1233.7252
713,1233.7252
713,1193.4102
713,1091.5583
713,1094.7404
713,1133.8059
714,961.08655
714,1018.4943
714,1093.4375
714,937.18256
714,917.49615
714,1047.9805
714,1025.9686
714,1025.9686
714,1025.9686
715,1067.3522
443,825.96234
444,818.89716
444,767.35974
444,860.61096
445,841.77826
445,609.96027
445,766.37445
445,766.37445
445,710.9461
445,726.2055
445,718.53534
445,726.2055
445,710.9461
445,703.43695
445,703.43695
445,844.2328
445,926.18384
445,945.27466
446,747.4596
446,747.4596
446,825.96234
446,825.96234
446,925.41095
446,741.7979
446,741.7979
446,741.7979
446,733.9633
446,757.71893
446,741.7979
446,741.7979
715,1146.2266
715,1093.4375
715,1093.4375
715,1093.4375
715,1093.4375
715,1083.7085
715,1083.7085
715,1083.7085
715,1012.0821
716,1127.6001
716,916.22424
716,1115.0803
716,970.62335
716,970.62335
716,970.62335
716,1077.2542
716,1061.3096
716,1061.3096
716,1061.3096
716,1061.3096
716,1061.3096
716,1061.3096
716,1295.1416
716,1175.6373
716,985.2063
716,1175.6373
716,1281.4707
716,1188.1802
716,1295.1416
716,964.5122
716,1188.1802
716,985.2063
716,974.8044
716,985.2063
716,985.2063
716,1281.4707
716,1163.2269
716,1267.944
716,964.5122
716,1126.1528
717,1115.8016
717,1121.2173
717,1014.03076
717,1228.3192
717,873.88434
717,1073.2262
717,1039.5841
717,959.7621
717,1303.3561
717,1303.3561
717,1289.5985
717,1303.3561
718,1175.7479
718,1207.036
718,1207.036
718,1004.4111
718,973.64465
718,973.64465
718,1235.9934
718,1222.2712
718,1038.9204
718,989.2055
718,938.9943
718,1072.5328
718,1235.3112
718,1038.9204
718,989.2055
718,989.2055
719,1269.0027
719,1174.2384
719,1169.0923
719,1037.3214
719,1255.6074
719,1091.5583
719,1140.2607
719,1017.0909
719,1006.35266
719,1017.0909
719,1017.0909
719,1006.35266
719,1006.35266
719,1017.0909
719,1017.0909
719,1017.0909
719,1017.0909
719,1017.0909
719,1017.0909
719,1006.35266
719,1027.9436
719,1017.0909
720,897.06195
720,1074.8086
720,1053.9467
720,1017.1865
720,1207.036
720,1261.0046
720,832.194
720,906.6352
720,906.6352
720,897.06195
720,897.06195
720,856.9192
720,992.5304
720,992.5304
720,1003.1213
720,992.5304
720,982.0512
720,832.194
720,879.99097
720,870.6988
720,870.6988
720,879.99097
720,870.6988
720,879.99097
720,893.2136
720,893.2136
720,893.2136
720,883.782
720,893.2136
720,883.782
720,883.782
720,893.2136
720,883.782
720,893.2136
720,883.782
720,883.782
720,893.2136
720,893.2136
720,893.2136
720,893.2136
720,893.2136
720,883.782
720,874.4498
720,883.782
720,883.782
720,883.782
720,897.06195
720,897.06195
720,897.06195
720,897.06195
720,897.06195
720,906.6352
720,897.06195
720,906.6352
720,906.6352
720,897.06195
720,906.6352
720,897.06195
720,906.6352
720,906.6352
720,897.06195
720,906.6352
720,906.6352
720,906.6352
720,906.6352
720,897.06195
720,906.6352
720,897.06195
720,906.6352
720,897.06195
720,906.6352
720,897.06195
720,887.5898
720,897.06195
720,897.06195
720,897.06195
720,897.06195
720,897.06195
720,897.06195
720,897.06195
720,897.06195
720,897.06195
720,897.06195
720,887.5898
720,897.06195
720,1003.1213
720,992.5304
720,992.5304
720,992.5304
720,982.0512
720,982.0512
720,992.5304
720,992.5304
720,982.0512
720,798.0965
720,1262.3876
720,960.1804
720,1261.701
720,1261.701
720,1275.1613
720,1261.701
720,1275.1613
720,1261.701
720,1275.1613
720,1369.3784
720,1261.701
720,1275.1613
721,1115.8016
721,1189.941
721,1276.226
721,1227.5352
721,1003.4191
721,1189.1724
721,1033.7963
721,1033.7963
721,1018.4943
721,1129.2626
721,986.57434
721,1007.0984
721,831.6558
722,899.45514
722,1092.3578
722,1076.1904
722,1131.832
722,1131.832
722,943.03204
722,1331.3127
722,1035.1338
722,1150.3114
722,1057.441
722,1121.2173
722,1222.1558
722,1222.1558
722,1109.3809
722,1109.3809
722,1235.1951
722,1109.3809
722,1235.1951
722,1235.1951
722,1109.3809
722,1109.3809
723,852.87103
723,1332.1738
723,935.5636
723,1108.7684
723,936.48895
723,962.65125
723,1047.9805
723,1235.9934
723,1101.0765
723,1101.0765
723,1101.0765
723,1101.0765
723,1089.4525
723,1101.0765
723,1089.4525
723,1101.0765
723,1101.0765
723,1101.0765
723,1077.9506
723,1089.4525
723,1089.4525
723,1089.4525
723,1101.0765
723,1089.4525
723,1101.0765
723,1089.4525
723,1101.0765
723,1089.4525
723,1101.0765
723,1101.0765
723,1101.0765
723,1101.0765
723,1101.0765
723,1101.0765
723,1101.0765
723,1101.0765
723,1101.0765
723,1101.0765
723,1101.0765
723,1140.3679
723,1101.0765
723,1084.7798
723,1101.0765
724,1200.2035
724,1211.8203
724,1050.8832
724,1089.5549
724,1078.0519
724,1078.0519
724,1078.0519
724,1150.4294
724,1165.6943
724,1062.5742
725,1052.2338
725,1277.8666
725,1277.8666
725,1017.8446
725,1289.7197
725,1169.8486
725,1305.2769
725,990.816
725,990.816
725,1062.6741
725,1061.3096
725,921.4411
725,1264.3778
725,926.0963
725,922.12396
725,922.12396
446,733.9633
446,741.7979
446,741.7979
447,746.49945
447,746.49945
447,807.04926
447,786.2015
447,954.13544
447,954.13544
447,954.13544
447,791.10925
447,726.6752
447,726.6752
447,876.43994
447,885.79333
447,768.84393
447,876.43994
447,791.10925
447,964.317
447,782.7545
447,791.10925
447,867.18524
447,944.0607
447,895.2464
447,734.4324
447,791.10925
447,954.13544
447,964.317
447,974.6071
447,954.13544
725,922.12396
725,912.38745
725,912.38745
725,912.38745
725,1097.0632
725,1195.7167
725,1195.7167
726,1049.6389
726,1033.7963
726,1032.4689
726,1032.4689
726,1131.832
726,1302.5142
726,1302.5142
726,832.72534
726,1051.4551
726,1078.6392
726,1035.892
726,1051.4551
726,1040.3544
726,1040.3544
726,1046.9451
726,1051.4551
726,1040.3544
726,1022.978
726,1067.2517
726,1078.6392
726,1067.2517
726,1067.2517
726,1062.6741
726,1051.4551
727,1213.6781
727,908.9683
727,912.9699
727,789.7424
727,961.41504
727,951.26404
727,951.26404
727,951.26404
727,961.41504
727,1040.1583
727,1040.1583
727,1281.5918
727,1268.0631
727,1262.6256
727,1249.2976
727,1261.8202
727,1288.8867
728,1176.5079
728,1222.1558
728,1048.2911
728,1090.9552
728,1139.7384
728,1117.6176
728,1094.1449
728,1094.1449
729,1269.0027
729,1242.3428
729,1038.3468
729,1274.3375
729,898.2155
729,898.2155
729,894.3622
729,884.91846
729,884.91846
729,875.5743
729,884.91846
729,894.3622
729,894.3622
729,888.7307
729,907.801
729,907.801
729,898.2155
729,879.3463
729,906.6425
729,979.0039
729,1114.8707
729,1107.3447
729,980.98865
730,1068.0421
730,1068.0421
730,1010.78296
730,1010.78296
730,1020.46313
730,1068.7239
730,1068.7239
730,1068.7239
730,1052.9059
730,1052.9059
730,1052.9059
730,1052.9059
730,1052.9059
730,1052.9059
730,1052.9059
730,1052.9059
730,1045.6013
730,1034.5619
730,1023.6394
730,1030.1248
730,1045.6013
730,1019.2491
730,1019.2491
730,1045.6013
730,1034.5619
730,1045.6013
730,1030.1248
730,1034.5619
730,1226.7423
730,1200.9799
730,959.7621
730,1030.1248
730,1034.5619
730,1034.5619
730,1045.6013
730,1045.6013
730,1045.6013
730,1034.5619
730,1030.1248
730,1045.6013
730,1023.6394
730,1045.6013
730,1008.4881
730,1030.1248
730,1019.2491
730,1045.6013
730,1045.6013
730,1019.2491
730,1023.6394
730,1045.6013
730,1045.6013
730,1008.4881
730,1045.6013
730,1045.6013
730,1122.8699
730,1030.1248
730,1008.4881
730,1045.6013
730,1045.6013
730,1030.1248
730,1023.6394
730,1045.6013
730,1023.6394
730,1019.2491
731,1122.1536
731,1122.1536
731,871.736
731,1189.1724
731,1189.1724
731,1189.1724
731,739.0174
731,1020.81195
731,1015.88086
731,1015.88086
731,984.0422
731,1015.88086
731,1015.88086
731,1005.1554
731,1020.25665
731,1215.2383
731,1052.8069
732,1122.8699
732,992.0899
732,1069.7803
732,825.60236
732,1047.3115
732,1058.4863
732,1069.7803
732,1047.3115
732,1047.3115
732,1047.3115
732,1047.3115
732,927.19995
732,924.5839
732,924.5839
732,924.5839
732,914.8214
732,924.5839
732,914.8214
732,905.16144
732,1058.4863
732,1069.7803
732,1058.4863
732,1058.4863
732,1069.7803
732,1058.4863
732,1069.7803
732,1069.7803
732,1069.7803
732,1069.7803
732,1058.4863
732,1069.7803
732,1069.7803
732,1058.4863
732,1069.7803
732,1069.7803
732,1069.7803
732,1069.7803
732,1058.4863
732,1069.7803
732,1069.7803
732,1069.7803
732,1069.7803
732,1058.4863
732,1069.7803
732,1058.4863
732,1069.7803
732,1036.2545
732,1069.7803
732,1069.7803
732,1069.7803
732,1058.4863
732,1069.7803
732,1047.3115
732,1047.3115
732,1069.7803
732,1036.2545
732,1047.3115
732,1069.7803
732,1194.2938
733,1076.8861
733,1089.5549
733,1122.8699
733,1073.4285
733,1131.832
733,1152.7521
733,975.43506
733,1006.99506
733,1220.5873
733,1220.5873
733,1233.6093
733,1233.6093
734,1074.8086
734,1255.4786
734,867.4424
734,1034.4646
734,1023.54315
734,1034.4646
734,1148.8345
734,1124.7069
734,1148.8345
734,1119.8835
734,1136.7067
734,1119.8835
734,1148.8345
734,1131.832
734,1148.8345
734,1148.8345
734,1119.8835
734,1148.8345
734,1148.8345
734,1148.8345
734,1119.8835
734,1124.7069
734,1148.8345
734,1148.8345
734,1119.8835
734,1148.8345
734,1148.8345
734,1136.7067
734,1148.8345
734,1148.8345
734,1131.832
734,1148.8345
734,1131.832
734,1119.8835
734,1148.8345
734,1148.8345
734,1148.8345
734,1148.8345
734,1148.8345
734,1148.8345
734,1148.8345
734,1131.832
734,1148.8345
734,1124.7069
734,1148.8345
734,1131.832
734,1148.8345
734,1148.8345
734,1148.8345
734,1148.8345
734,1136.7067
734,1148.8345
734,1148.8345
734,1148.8345
734,1148.8345
734,1119.8835
734,1148.8345
734,1148.8345
734,1131.832
734,1131.832
734,1148.8345
734,1131.832
734,1148.8345
734,1148.8345
734,1148.8345
734,1136.7067
734,1148.8345
734,1131.832
734,1136.7067
447,954.13544
447,791.10925
447,964.317
447,974.6071
447,954.13544
447,726.6752
447,867.18524
447,974.6071
447,804.031
447,791.10925
447,791.10925
447,944.0607
447,944.0607
447,954.13544
447,876.43994
447,791.10925
447,791.10925
447,791.10925
447,734.4324
447,804.031
447,719.00006
447,791.10925
447,791.10925
447,964.317
448,750.7513
448,750.7513
448,750.7513
448,783.32806
448,783.32806
448,783.32806
734,1148.8345
734,1148.8345
734,1148.8345
735,1006.35266
735,1092.3578
735,1074.8086
735,1074.8086
735,1107.3447
735,1331.3127
735,1107.6736
735,1107.6736
735,1107.6736
735,956.26337
735,1318.1123
735,1332.1738
736,1090.9552
736,1123.9803
736,976.1496
736,976.1496
736,976.1496
736,1107.3447
736,1261.0046
736,1005.70245
736,1117.6176
736,1117.6176
736,1207.8163
737,1002.48083
737,1003.4191
737,1201.7463
737,1028.6086
737,1079.438
737,1194.9437
737,1084.6777
737,1079.438
737,1169.8486
737,1079.438
737,955.6455
737,925.09467
737,1084.6777
737,1073.2262
737,1073.2262
737,1052.2338
737,1073.2262
737,1182.3296
737,1073.2262
737,1182.3296
737,1084.6777
737,1169.8486
737,1182.3296
737,1083.7085
737,1194.9437
737,1194.9437
737,1052.2338
737,1073.2262
737,1182.3296
737,1194.9437
737,1017.7489
737,1061.8959
737,1169.8486
737,1079.438
737,1194.9437
737,1084.6777
737,955.6455
737,1079.438
737,1073.2262
737,1194.9437
737,1039.5841
737,1169.8486
737,1028.6086
737,970.00366
737,1157.4991
737,1063.4615
737,1068.0421
737,1028.6086
737,1084.6777
737,1074.8086
737,1182.3296
737,945.55536
738,1263.4417
738,1175.7479
738,1101.0765
738,1101.0765
738,1101.0765
738,1101.0765
738,1084.7798
738,1084.7798
738,1084.7798
738,994.44904
738,1271.4552
738,1271.4552
738,1289.5985
738,1399.6549
738,1289.5985
738,1289.5985
738,1303.3561
738,1289.5985
738,1289.5985
739,1140.4757
739,1085.4814
739,1139.7384
739,1156.8602
739,1288.8867
739,1127.8126
739,1237.0255
739,995.72766
739,1131.003
739,1070.8909
739,1235.9934
739,1235.9934
739,1262.507
739,1235.9934
739,1133.913
739,1170.5952
739,1158.2379
739,1133.913
739,1241.4337
740,1069.4153
740,1202.5232
740,1076.1904
740,1041.0186
740,904.9838
740,1147.7095
740,967.60547
740,1039.1162
740,1115.9066
740,1065.9816
740,1054.7277
740,1065.9816
740,1054.7277
740,1054.7277
740,1054.7277
740,1132.6707
740,1043.592
740,1144.7554
740,1132.6707
740,1132.6707
740,999.46466
741,1055.984
741,955.6455
741,1040.3544
741,1061.9962
741,1139.7384
741,948.40137
741,1086.1744
741,1039.6818
741,1005.70245
741,1005.70245
741,1296.223
741,1282.5408
741,1269.8126
741,1302.5142
741,1256.4088
741,1110.9115
742,1164.1978
742,1327.4437
742,1261.8202
742,1181.6865
742,1181.6865
742,1189.1724
742,1189.1724
742,1189.1724
742,1189.1724
742,1189.1724
742,1189.1724
742,1189.1724
742,929.07227
742,1175.7479
742,1207.036
742,1317.3848
742,1207.036
742,1207.036
742,1090.0449
742,1159.9551
742,1218.7189
742,1455.0305
743,1164.1978
743,1129.9926
743,1045.6097
743,1189.1724
743,1099.9888
743,1098.5769
743,1012.72864
743,1033.7963
743,1033.7963
743,1023.54315
743,916.9033
743,926.688
743,1003.7698
743,1025.3058
743,1014.48096
743,993.17206
743,1003.7698
743,1014.48096
743,899.45514
743,889.9572
743,899.45514
743,889.9572
743,889.9572
743,899.45514
743,889.9572
743,889.9572
743,889.9572
743,871.2618
743,903.3299
743,912.9699
743,903.3299
743,903.3299
743,903.3299
743,912.9699
743,912.9699
743,903.3299
743,912.9699
743,912.9699
743,912.9699
743,903.3299
743,903.3299
743,912.9699
743,903.3299
743,903.3299
743,903.3299
743,916.9033
743,926.688
743,916.9033
743,926.688
743,916.9033
743,916.9033
743,916.9033
743,926.688
743,916.9033
743,926.688
743,926.688
743,926.688
743,916.9033
743,916.9033
743,926.688
743,916.9033
743,916.9033
743,916.9033
743,926.688
743,916.9033
743,926.688
743,926.688
743,926.688
743,916.9033
743,916.9033
743,1014.48096
743,1014.48096
743,1014.48096
743,1014.48096
743,1014.48096
743,1014.48096
743,1025.3058
743,1014.48096
743,1025.3058
743,1025.3058
743,1025.3058
743,1025.3058
743,1014.48096
743,1014.48096
743,1222.1558
743,1248.3727
744,1216.253
744,1202.5232
744,1077.5735
744,1150.3114
744,1071.1556
744,1331.3127
744,1331.3127
744,1331.3127
744,1331.3127
744,936.5846
744,1038.3468
745,1056.6581
745,1056.6581
745,1053.9467
745,1156.8602
745,936.48895
745,941.82104
745,1170.5952
745,1101.7883
745,1125.4248
745,1125.4248
745,1125.4248
745,1113.544
745,1125.4248
745,1108.7684
745,1113.544
745,1125.4248
745,1125.4248
745,1125.4248
745,1108.7684
745,1101.7883
745,1101.7883
745,1113.544
745,1125.4248
745,1217.0293
745,1076.8861
745,1097.0632
745,1125.4248
745,1113.544
448,783.32806
448,737.12036
449,788.2988
449,788.2988
449,788.2988
449,788.2988
449,859.29315
449,859.29315
449,859.29315
449,846.57166
449,846.57166
449,945.3635
449,909.14667
449,864.7379
449,800.65656
449,1018.1925
449,844.2328
449,818.6544
449,766.302
449,758.2089
449,914.4638
449,763.0143
449,758.2089
449,763.0143
449,746.98254
449,924.22253
449,934.0852
449,763.0143
449,763.0143
449,746.98254
746,970.00366
746,950.84186
746,1062.6741
746,1062.6741
746,1026.6237
746,906.5499
746,798.68805
746,810.1666
746,801.6109
746,801.6109
746,807.21265
746,815.82806
746,1063.3611
746,1369.3784
746,1184.7268
746,1090.8527
746,1102.4916
746,1090.8527
746,1090.8527
746,1079.3364
746,1090.8527
746,1067.9417
746,1090.8527
746,1052.1348
746,1074.7075
746,1063.3611
746,1102.4916
746,1079.3364
746,1047.6224
746,1058.8005
746,1102.4916
746,1090.8527
746,1074.7075
746,1090.8527
747,1074.8086
747,1074.8086
747,929.07227
747,1055.3018
747,1175.7479
747,1262.6256
747,1235.3112
747,1026.6237
748,1306.1212
748,913.4743
748,1014.03076
748,983.94165
748,1230.9247
748,982.67816
748,972.3029
748,982.67816
748,972.3029
748,972.3029
748,982.67816
748,951.8791
748,962.0366
749,1189.941
749,1075.5034
749,1305.2769
749,1165.5847
749,966.8889
749,904.4915
749,898.79626
749,918.0819
749,942.51904
749,952.5768
749,956.6802
749,956.6802
749,966.8889
749,966.8889
749,956.6802
749,966.8889
749,966.8889
749,946.5791
749,956.6802
749,936.5846
749,936.5846
749,918.0819
749,932.5673
749,1317.3848
749,1317.3848
749,1317.3848
750,914.7349
750,1025.6097
750,1164.9414
750,1015.43823
750,1142.3317
750,1130.2725
750,1087.5703
751,1028.6086
751,1048.2911
751,1092.3578
751,1090.9552
751,1076.1904
751,1076.1904
751,1228.3192
752,1054.9412
752,1103.2048
752,1119.9888
752,1134.7435
752,1233.7252
752,1091.5583
752,1101.892
752,1195.9415
752,1158.4657
752,1213.9069
752,1303.6018
752,1046.2772
752,1057.441
752,1068.7239
752,1057.441
752,1057.441
752,1068.7239
752,1052.9059
752,1057.441
752,1134.8599
752,1046.2772
752,1046.2772
752,1057.441
752,1068.7239
752,1046.2772
752,1269.0027
752,1041.7899
752,1277.8666
752,1068.7239
752,1052.9059
752,1057.441
752,1052.9059
752,1255.6074
752,1046.2772
752,1068.7239
752,1046.2772
752,1046.2772
752,1282.5408
752,1068.7239
753,1117.2356
753,1100.7003
753,1052.2338
753,1195.7167
753,1071.4736
753,1074.8086
753,1074.8086
753,1074.8086
753,1226.7423
753,997.7382
753,1262.6256
753,1120.493
753,1068.6234
753,1068.6234
753,1121.2173
754,962.32227
754,1091.661
754,1091.661
754,1269.0027
754,1269.0027
754,943.6417
754,1068.7239
754,1018.4943
754,1133.2871
754,1132.1675
754,1132.1675
754,1090.1567
754,966.4681
754,1015.88086
754,1051.3562
754,1051.3562
754,1051.3562
754,1051.3562
754,1131.832
755,986.6671
755,1013.38336
755,1084.0878
755,1215.4674
755,1215.4674
755,1215.4674
755,1215.4674
755,1098.5769
755,1098.5769
755,942.4304
755,1195.7167
755,1195.7167
755,1195.7167
755,942.4304
755,942.4304
755,1096.9596
755,1221.3663
755,1221.3663
755,980.98865
755,1195.7167
755,1085.3789
755,1108.6636
755,1120.493
755,1183.0945
755,1108.6636
755,1208.4735
755,1221.3663
755,1208.4735
755,1183.0945
755,1221.3663
755,997.7382
755,1096.9596
755,1195.7167
755,1085.3789
755,1096.9596
755,1195.7167
755,1221.3663
755,1208.4735
755,1183.0945
755,1195.7167
755,1085.3789
755,1208.4735
755,1108.6636
755,1208.4735
755,966.4681
756,1073.2262
756,1116.5139
756,1099.9888
756,1261.0046
756,1050.6765
756,1120.6074
756,1120.6074
756,1081.894
756,1093.4375
756,1081.894
756,1093.4375
756,1093.4375
756,1081.894
756,1093.4375
756,1093.4375
756,1070.4723
756,1059.171
756,1093.4375
756,876.6998
756,979.09595
756,1083.285
756,935.0546
756,945.03326
756,945.03326
756,945.03326
756,945.03326
756,935.0546
756,1093.4375
756,1081.894
756,1093.4375
756,1081.894
756,1081.894
756,1093.4375
756,1093.4375
756,1081.894
756,1081.894
756,1093.4375
756,1093.4375
756,1093.4375
756,1081.894
756,1081.894
756,1081.894
756,1093.4375
756,1093.4375
756,1070.4723
756,1070.4723
756,1093.4375
756,1093.4375
756,1093.4375
756,1070.4723
756,1070.4723
756,1059.171
756,1070.4723
756,1081.894
756,1093.4375
756,1059.171
756,1053.9467
756,1075.3011
756,1263.3229
756,1158.9872
756,1332.1738
756,1263.3229
756,1332.1738
756,1332.1738
756,1360.7482
756,1332.1738
757,1033.7963
757,966.8889
757,966.8889
757,966.8889
757,966.8889
757,1068.7325
757,1195.8291
757,1176.5079
757,1189.0605
758,1048.2911
758,1048.2911
758,1289.5985
758,1125.4248
758,1163.9694
758,1163.9694
758,1109.097
758,1174.2384
758,1174.2384
758,1174.2384
758,1174.2384
758,1156.8602
449,750.20123
449,746.98254
449,774.4817
449,924.22253
449,750.20123
449,758.2089
449,746.98254
449,763.0143
449,763.0143
449,746.98254
449,763.0143
449,914.4638
449,739.09326
449,763.0143
449,924.22253
449,746.98254
449,763.0143
449,754.95593
449,739.09326
449,934.0852
449,754.95593
450,860.3982
450,654.6432
450,786.1208
450,786.1208
450,786.1208
450,935.2863
450,875.8732
450,935.2863
450,710.48627
758,1174.2384
758,1174.2384
758,1174.2384
758,1156.8602
758,1149.5776
758,1174.2384
758,1161.8427
758,1174.2384
758,1174.2384
758,1174.2384
758,1174.2384
758,1149.5776
758,1149.5776
758,1174.2384
758,1174.2384
758,1156.8602
758,1174.2384
758,1174.2384
758,1174.2384
758,1161.8427
758,1174.2384
758,1156.8602
758,1174.2384
758,1174.2384
758,1156.8602
758,1161.8427
758,1174.2384
758,1174.2384
758,1174.2384
758,1174.2384
758,1095.9799
758,1174.2384
758,1174.2384
758,1174.2384
758,1174.2384
758,1156.8602
758,1156.8602
759,1164.1978
759,1254.6779
759,1115.0803
759,1098.5769
759,1102.4916
759,1078.6392
759,1110.1938
759,1027.9436
759,1027.9436
759,927.79193
759,927.79193
759,927.79193
760,1282.4202
760,1109.4851
760,1361.6283
760,1257.3397
760,1021.6645
760,1021.6645
760,1113.6486
760,1113.6486
760,1097.1664
760,1035.125
760,1125.4248
760,1108.7684
760,1137.3253
760,963.88904
760,1145.2701
760,1178.2424
760,1178.2424
760,1178.2424
760,1178.2424
760,1183.0945
760,1170.5952
760,1275.9757
760,1135.4775
761,943.6417
761,1068.7239
761,1164.9414
761,1164.9414
761,1164.9414
761,1164.9414
761,1164.9414
761,1062.6741
761,1207.036
761,1196.4799
761,1360.7482
761,975.6185
761,1082.317
761,1064.149
761,1075.5034
761,1115.0803
761,1070.8909
761,1075.5034
761,1115.0803
762,1201.7463
762,1123.9803
762,1187.5339
763,1277.8666
763,1277.8666
763,1318.2362
763,1309.9281
763,1309.9281
763,943.03204
763,1073.9117
763,1237.0255
763,1277.0411
763,1094.5726
764,1086.8766
764,1022.7852
764,885.97266
764,1124.3135
764,1074.8086
764,1074.8086
764,1074.8086
764,1074.8086
764,1074.8086
764,1074.8086
764,1074.8086
764,1074.8086
764,1074.8086
764,1074.8086
764,1074.8086
764,1074.8086
764,1074.8086
764,1074.8086
764,1074.8086
764,1074.8086
764,1074.8086
764,1074.8086
764,1074.8086
764,1074.8086
764,1074.8086
764,990.816
764,1108.7684
764,1108.7684
764,1020.81195
764,1120.493
764,1058.9001
764,1058.9001
764,1058.9001
764,1058.9001
764,1058.9001
764,1058.9001
764,1058.9001
764,1058.9001
764,1058.9001
764,1058.9001
764,1058.9001
764,1058.9001
764,1058.9001
764,1058.9001
764,1211.8203
765,1163.2269
765,1084.7798
765,833.87463
765,842.31573
765,947.1839
765,937.18256
765,807.7346
765,828.62354
765,846.40515
765,837.4672
765,916.81665
765,947.1839
765,947.1839
765,947.1839
765,947.1839
765,1036.916
765,1036.916
765,1015.1368
765,1047.9805
765,825.06885
765,825.06885
765,819.87317
765,828.62354
765,916.81665
765,926.6009
765,916.81665
765,900.0367
765,909.6416
765,909.6416
765,923.3097
765,923.3097
765,923.3097
765,933.1627
765,933.1627
765,923.3097
765,923.3097
765,933.1627
765,923.3097
765,933.1627
765,933.1627
765,923.3097
765,913.56067
765,937.18256
765,937.18256
765,947.1839
765,937.18256
765,937.18256
765,937.18256
765,947.1839
765,947.1839
765,947.1839
765,947.1839
765,937.18256
765,937.18256
765,947.1839
765,947.1839
765,947.1839
765,947.1839
765,947.1839
765,937.18256
765,947.1839
765,947.1839
765,937.18256
765,947.1839
765,937.18256
765,947.1839
765,947.1839
765,937.18256
765,937.18256
765,927.2872
765,937.18256
765,947.1839
765,937.18256
765,1036.916
765,1047.9805
765,1047.9805
765,1036.916
765,1047.9805
765,1047.9805
765,1036.916
765,1047.9805
765,1047.9805
765,1047.9805
765,1047.9805
765,1025.9686
765,1036.916
765,1025.9686
765,1047.9805
765,1036.916
765,1047.9805
765,1047.9805
765,1047.9805
765,1047.9805
765,1047.9805
765,937.18256
766,1189.941
766,1215.4674
766,1215.4674
766,1189.1724
766,1189.1724
766,1189.1724
766,1189.1724
766,1189.1724
766,1189.1724
766,1189.1724
766,1189.1724
766,1189.1724
766,1189.1724
766,1189.1724
766,1189.1724
766,1189.1724
766,1233.7252
766,1233.7252
766,1049.3274
766,1285.961
766,1003.4191
766,1033.7963
766,1012.0821
766,1012.0821
766,1012.0821
766,1007.74133
766,1012.0821
766,1012.0821
766,1022.88184
766,1324.8833
766,1324.8833
766,1324.8833
766,1324.8833
766,1184.8381
766,1324.8833
766,1230.809
767,989.2055
767,1172.3307
767,1215.4674
767,1215.4674
767,1177.2594
767,1262.6256
767,1150.3114
767,1150.3114
767,1150.3114
767,1150.3114
767,1138.1681
767,1150.3114
767,1150.3114
767,1126.1528
767,1150.3114
767,1150.3114
767,1138.1681
767,1150.3114
767,1138.1681
767,1126.1528
367,623.85675
367,819.78436
367,819.78436
367,819.78436
367,819.78436
367,828.53375
367,752.0508
367,903.1471
367,811.1272
367,828.53375
367,893.6102
367,893.6102
367,713.61536
368,662.91187
368,668.6383
368,655.9093
368,648.9803
368,662.91187
368,682.99084
369,728.93787
369,889.473
369,823.0353
370,756.2627
371,669.1283
371,661.56964
371,993.9081
372,647.2476
373,965.0312
373,866.15295
373,872.20514
450,710.48627
450,710.48627
450,741.3185
450,741.3185
450,741.3185
450,741.3185
450,741.3185
450,741.3185
450,741.3185
450,741.3185
450,741.3185
450,741.3185
450,741.3185
450,741.3185
450,741.3185
450,619.92664
450,617.2661
450,610.745
450,604.29266
450,707.89526
450,865.2975
450,883.8651
450,874.53204
451,943.2171
451,745.5405
451,768.3467
451,707.37085
451,727.1395
452,1037.6844
452,1037.6844
767,1150.3114
767,1121.3232
767,1138.1681
767,1138.1681
767,1138.1681
767,1150.3114
768,1077.2542
768,1077.2542
768,1003.4191
768,1054.2596
768,1033.7963
768,1033.7963
768,1201.7463
768,1018.4943
768,1182.4408
768,1152.7521
768,1065.8813
768,1077.2542
769,1096.9596
769,1084.6777
769,1077.2542
769,1066.6708
769,1073.4285
769,999.55865
769,999.55865
769,1073.4285
769,1170.0686
769,1157.7168
769,1157.7168
769,1089.5549
769,1089.5549
769,1089.5549
769,1089.5549
769,1170.0686
769,1157.7168
769,1157.7168
769,1187.6455
769,1187.6455
770,1335.0
770,1041.6915
770,1256.2908
770,1048.2911
770,908.9683
770,922.6259
770,993.8066
770,1004.4111
770,1004.4111
770,966.798
770,1004.4111
770,993.8066
770,993.8066
770,993.8066
770,993.8066
770,993.8066
770,1004.4111
770,993.8066
770,1170.4852
770,942.51904
770,848.12177
771,1072.1664
771,1125.319
771,1019.80383
771,1019.80383
771,1019.80383
771,1235.3112
771,1182.4408
771,1182.4408
771,1331.3127
771,1001.39667
771,1318.2362
772,1242.3535
772,1011.0826
772,1099.2871
772,1099.2871
772,1057.3417
772,1077.9506
772,1061.9962
772,1098.5769
772,1098.5769
772,1098.5769
772,1098.5769
772,1098.5769
772,1098.5769
772,1098.5769
772,1194.9437
772,1082.317
772,1082.317
772,1270.5139
772,1155.2662
772,1143.0701
772,1167.5919
772,1092.2551
772,1288.7655
772,1302.5142
772,1302.5142
772,1086.0723
772,1275.1613
772,1074.606
772,1086.0723
772,1302.5142
772,1086.0723
772,1288.7655
772,1302.5142
772,1288.7655
772,1288.7655
772,1097.6603
772,1086.0723
772,1288.7655
772,1097.6603
772,1302.5142
772,1086.0723
772,1288.7655
773,1190.701
773,1099.9888
773,1099.9888
773,1235.3112
773,949.1042
773,973.64465
773,963.3647
773,973.64465
773,977.8387
773,977.8387
773,977.8387
773,967.51447
773,988.27295
773,988.27295
773,1013.38336
773,1133.1799
773,1222.1558
773,1222.1558
773,1121.2173
773,1121.2173
773,1145.2701
773,1248.3727
773,1133.1799
773,1248.3727
773,1035.125
773,1013.38336
773,1248.3727
773,1222.1558
773,1235.1951
773,1209.2546
773,1235.1951
773,1133.1799
773,1248.3727
773,1145.2701
773,1222.1558
773,1133.1799
773,1145.2701
773,1019.80383
773,1281.5918
774,1005.3588
774,1141.9414
774,1125.0408
774,1051.3562
774,1129.9926
774,1233.7252
774,1233.7252
774,1349.9758
774,1361.6283
774,1347.2561
774,1390.834
774,1347.2561
774,1376.1537
774,1376.1537
775,1012.0821
775,1115.0803
775,1158.3474
775,1107.3447
775,1107.3447
775,915.31934
775,1032.3717
775,1174.887
775,1208.4735
775,1092.3578
775,1064.8289
775,1069.4153
775,1092.3578
775,1042.4635
775,1053.5865
775,1076.1904
775,1080.8257
775,1092.3578
775,1092.3578
775,1270.6339
775,1069.4153
775,1237.0255
775,1092.3578
775,1069.4153
775,1076.1904
775,1044.4701
775,1055.6146
775,1033.443
775,1055.6146
775,1064.8289
775,1064.8289
776,1141.2037
776,1141.2037
776,1281.5918
776,945.9675
776,902.75354
776,922.12396
776,945.9675
776,918.16864
776,918.16864
776,918.16864
776,918.16864
776,918.16864
776,918.16864
776,908.4734
776,918.16864
776,918.16864
776,908.4734
776,908.4734
776,908.4734
776,908.4734
776,918.16864
776,908.4734
776,889.3894
776,908.4734
776,908.4734
776,908.4734
776,918.16864
776,898.8808
776,889.3894
776,918.16864
776,898.8808
776,918.16864
776,898.8808
776,918.16864
776,908.4734
776,889.3894
776,922.12396
776,931.96436
776,922.12396
776,922.12396
776,922.12396
776,922.12396
776,931.96436
776,931.96436
776,931.96436
776,931.96436
776,931.96436
776,922.12396
776,922.12396
776,922.12396
776,931.96436
776,922.12396
776,922.12396
776,931.96436
776,922.12396
776,902.75354
776,922.12396
776,931.96436
776,922.12396
776,931.96436
776,922.12396
776,922.12396
776,931.96436
776,931.96436
776,931.96436
776,922.12396
776,902.75354
776,912.38745
776,922.12396
776,922.12396
776,922.12396
776,912.38745
776,902.75354
776,931.96436
776,912.38745
776,912.38745
776,922.12396
776,922.12396
776,931.96436
776,912.38745
776,902.75354
776,922.12396
776,922.12396
776,945.9675
776,945.9675
776,945.9675
776,935.9795
776,945.9675
776,945.9675
776,935.9795
776,945.9675
776,945.9675
776,945.9675
776,935.9795
776,945.9675
776,945.9675
776,945.9675
776,945.9675
776,935.9795
776,945.9675
776,935.9795
776,945.9675
776,935.9795
776,945.9675
452,1131.11
452,744.5132
452,746.49945
452,746.49945
452,746.49945
452,746.49945
452,746.49945
452,746.49945
452,746.49945
452,746.49945
452,938.1977
452,1077.3643
452,845.239
452,924.9075
452,930.7675
452,924.9075
452,1105.923
452,920.93976
452,1003.8647
452,930.7675
452,1014.57635
452,1003.8647
453,714.99536
453,924.9075
453,924.9075
453,848.4984
453,848.4984
453,848.4984
453,848.4984
453,911.2157
776,935.9795
776,935.9795
776,945.9675
776,945.9675
776,945.9675
776,935.9795
776,935.9795
776,945.9675
776,945.9675
776,945.9675
776,935.9795
776,935.9795
776,935.9795
776,935.9795
776,935.9795
776,906.6425
776,931.96436
776,922.12396
776,931.96436
776,1171.5728
777,1214.6915
777,998.38324
777,1187.6455
777,1253.8674
777,1050.6765
777,1133.623
777,1377.0438
777,1119.0543
777,1324.8833
777,1172.3307
777,1324.8833
777,1324.8833
778,1123.9803
778,1123.9803
778,1123.9803
778,910.8113
778,1150.2032
778,1115.8016
778,1115.8016
778,1075.5034
778,1174.9979
778,923.2225
778,1059.5852
778,938.4759
778,1098.5769
778,1098.5769
778,1058.0166
778,1033.7963
778,1083.7085
778,924.49695
778,1077.1528
778,1107.3447
778,1290.4215
779,1172.3307
779,1242.3428
779,1242.3428
779,1242.3428
779,1189.1724
779,1189.1724
779,1189.1724
779,1242.3428
779,1324.8833
779,1122.8699
779,1122.8699
779,1197.479
779,1005.8052
779,1356.7937
779,1399.6549
780,1254.6779
780,970.62335
780,1317.3848
780,1261.0046
780,1167.5919
780,1167.5919
780,1218.7189
780,1126.2587
780,1332.425
780,955.73535
780,955.73535
780,955.73535
780,1105.819
780,1105.819
780,1117.6176
780,1117.6176
780,1105.819
780,1117.6176
780,1117.6176
780,1105.819
780,1117.6176
780,1117.6176
780,1105.819
780,1077.2542
780,1043.4939
781,1134.0197
781,988.27295
781,988.27295
781,1200.2035
781,1200.2035
781,1200.2035
781,1187.5339
781,1174.9979
781,1157.608
781,1200.2035
781,1182.4408
781,1200.2035
781,1200.2035
781,1169.9586
781,1200.2035
781,1200.2035
781,1200.2035
781,1169.9586
781,1200.2035
781,1182.4408
781,1200.2035
781,1182.4408
781,1169.9586
781,1200.2035
781,1182.4408
781,1200.2035
781,1182.4408
781,1200.2035
781,1200.2035
781,1200.2035
781,1187.5339
781,1200.2035
781,1376.2831
782,1026.2733
782,1133.2871
782,1262.6256
782,1001.29443
782,1001.29443
783,1146.968
783,1124.3135
783,1144.7554
783,985.2063
783,1106.2513
783,1123.4906
784,1094.4692
784,1263.4417
784,1183.2057
784,1332.1738
784,1190.701
784,1091.4463
784,1091.4463
784,1140.3679
784,825.60236
784,843.31964
784,834.4138
784,838.00916
784,937.0944
784,927.19995
784,947.09436
784,1032.3717
785,1150.653
786,1074.606
786,1189.1724
786,1078.6392
786,1179.7566
786,997.1955
786,976.24976
786,1139.7384
786,1354.9244
786,1122.8699
786,1139.7384
786,1139.7384
786,1115.8016
786,1139.7384
786,1354.9244
786,1237.6986
787,1179.004
787,1025.6097
787,1044.2587
787,1044.2587
787,1044.2587
787,1044.2587
787,1044.2587
787,1138.275
787,1222.3862
787,1222.3862
787,1056.6581
787,1338.8911
787,1317.3848
787,1075.2924
787,1204.296
787,1204.296
787,1204.296
787,878.1273
787,878.1273
787,1127.494
787,922.12396
787,1154.125
787,1106.9664
787,1106.9664
787,1255.6074
787,1034.4646
787,1023.54315
787,1019.1528
787,1045.5024
787,1023.54315
787,1004.0679
787,1034.4646
787,1045.5024
787,1023.54315
788,1064.7283
788,1121.2173
788,1071.4736
788,969.37695
788,1027.9436
788,953.80164
788,939.6826
788,943.73096
788,943.73096
788,943.73096
788,943.73096
788,1071.1556
788,1059.8472
788,1071.1556
788,1059.8472
788,1071.1556
788,1059.8472
788,1071.1556
788,1059.8472
788,1059.8472
788,1059.8472
788,1059.8472
788,1059.8472
788,1020.25665
788,933.76605
788,1133.2871
788,1115.6963
788,1220.702
789,1215.4674
789,1098.5769
789,1098.5769
789,1098.5769
789,1098.5769
789,1098.5769
789,1098.5769
789,1098.5769
789,1098.5769
789,1098.5769
789,1098.5769
789,1098.5769
789,1098.5769
789,1098.5769
789,1098.5769
789,1098.5769
789,1098.5769
789,1098.5769
789,1098.5769
789,1098.5769
789,1098.5769
789,1098.5769
789,1098.5769
789,1098.5769
789,1098.5769
789,1098.5769
789,1098.5769
789,1098.5769
789,1126.8716
789,1042.3569
789,1073.9117
789,1082.317
789,1082.317
789,1082.317
789,1082.317
789,1082.317
789,1082.317
789,1082.317
789,1082.317
789,1082.317
789,1151.0555
789,1063.4615
789,1176.6191
789,1189.1724
789,1189.1724
789,1074.8086
789,1151.0555
789,1058.9001
789,1189.1724
789,1052.2338
789,1164.1978
789,1158.3474
789,1052.2338
789,1058.9001
789,1074.8086
789,1041.1249
789,1189.1724
789,1074.8086
789,1074.8086
789,1189.1724
789,1052.2338
789,1164.1978
789,1151.0555
789,1063.4615
789,1063.4615
789,1158.3474
789,1158.3474
789,1164.1978
789,1074.8086
453,911.2157
453,911.2157
453,993.26544
453,993.26544
453,789.81665
453,789.81665
453,866.706
453,862.907
453,843.1485
453,901.5942
453,630.9258
453,630.9258
454,796.12286
454,796.12286
454,784.3355
454,835.39636
454,835.39636
454,975.8603
454,975.8603
454,975.8603
454,1018.1925
454,772.6497
454,772.6497
454,966.18115
455,739.1628
455,773.4869
456,866.706
456,866.706
456,768.3467
456,853.8753
789,1151.0555
789,1052.2338
789,1175.7479
789,1146.1188
789,1175.7479
789,1074.8086
789,1063.4615
789,1163.3363
789,1041.1249
789,1041.1249
789,1047.721
789,1163.3363
789,1151.0555
789,1052.2338
789,1175.7479
789,1041.1249
789,1176.6191
789,1041.1249
789,1175.7479
789,1189.1724
789,1189.1724
789,1163.3363
789,1074.8086
789,1151.0555
789,1036.6597
789,1175.7479
789,1189.1724
789,1052.2338
789,1163.3363
789,1041.1249
789,1052.2338
789,1164.1978
789,1058.9001
789,1074.8086
789,1052.2338
789,1058.9001
789,1175.7479
789,1164.1978
789,1175.7479
789,1175.7479
789,1176.6191
789,1189.1724
789,1291.499
789,1291.499
789,1175.7479
789,1063.4615
789,1151.0555
789,1041.1249
789,1176.6191
789,1163.3363
789,1063.4615
789,1074.8086
790,1146.968
790,1110.9115
790,1209.3689
790,1242.3428
790,1242.3428
790,1125.7589
790,1125.7589
790,1171.5728
790,1177.2594
790,1253.8674
790,1208.5872
790,1208.5872
790,1261.0046
790,1029.2653
790,1073.9117
790,1030.1332
790,857.72797
790,857.72797
790,866.88184
790,866.88184
790,1123.9803
790,1123.9803
790,1354.1766
790,1354.1766
790,1204.0691
791,1325.7402
791,998.38324
791,1256.2908
791,1256.2908
791,1256.2908
791,1135.4775
791,1215.4674
791,1215.4674
791,1215.4674
791,1215.4674
791,1215.4674
791,1215.4674
791,1077.5735
791,1015.78485
791,1015.78485
791,1015.78485
791,1015.78485
791,1015.78485
791,1015.78485
791,1026.6237
791,1331.3127
791,1331.3127
791,1317.2604
791,1331.3127
791,1331.3127
791,1331.3127
791,1289.5985
791,1331.3127
791,1331.3127
791,1317.2604
791,1331.3127
791,1303.3561
791,1331.3127
791,1317.2604
791,1331.3127
791,1317.2604
791,1317.2604
792,1132.5636
792,1318.2362
792,1080.0254
792,1080.0254
792,1080.0254
792,1101.0765
792,1064.0404
792,1101.0765
792,1414.5857
792,1170.5952
792,1275.9757
792,1262.507
792,1170.5952
792,1170.5952
792,1146.011
792,1158.2379
792,1146.011
792,1158.2379
792,1146.011
792,1158.2379
792,1146.011
792,1035.7947
792,1146.011
792,1249.1796
792,1146.011
792,1275.9757
792,1249.1796
793,1229.1132
793,1127.7067
793,1347.3828
793,1052.8069
793,1052.8069
794,1229.1132
794,1117.9493
794,1093.7622
794,1141.2037
794,1141.2037
794,1141.2037
794,1124.3135
794,1124.3135
794,1110.1938
794,1154.234
794,1193.4102
794,1168.3466
794,1193.4102
794,1172.1096
794,1172.1096
794,1296.1012
795,1123.5963
795,1123.5963
795,1123.5963
795,971.25085
795,1085.4814
795,1106.9664
795,1217.0293
795,1217.0293
795,1031.1431
795,1031.1431
795,931.96436
795,1015.88086
795,1073.9117
795,1073.9117
795,1226.627
795,984.57776
796,1122.8699
796,1122.8699
796,1122.8699
796,1126.8716
796,1255.4786
796,1106.2513
796,1178.2424
796,1218.7189
796,975.6185
796,1376.1537
797,896.0913
797,984.67035
797,984.67035
798,1039.0186
798,1073.2262
798,1028.6086
798,1098.5769
798,1086.1744
798,1111.6296
798,1089.3496
798,1100.9725
798,1077.8492
798,1089.3496
798,1077.8492
798,1212.894
798,1187.4222
798,1174.887
798,1200.0907
798,1174.887
798,1187.4222
798,1187.4222
798,1116.5139
798,1088.3762
798,1099.9888
798,1093.0645
798,1116.5139
798,1301.2283
798,1099.9888
798,1076.8861
798,1088.3762
798,1088.3762
798,1093.0645
798,1093.0645
798,1076.8861
798,1099.9888
798,1088.3762
798,1110.9115
799,1050.6765
799,1101.892
799,1113.6486
799,1113.6486
799,1183.3169
799,1113.6486
799,1113.6486
799,1113.6486
799,1113.6486
799,1195.9415
799,1213.9069
799,1303.6018
799,1201.0928
799,1213.9069
799,1303.6018
799,1061.3182
799,1005.1554
799,1154.234
800,1080.7241
800,1139.7384
800,1139.7384
800,1139.7384
800,1139.7384
800,1077.5735
800,990.816
800,1281.5918
800,1131.832
800,1131.832
800,1131.832
800,1000.00867
800,1126.8716
800,1103.2048
800,1114.9755
800,1110.1938
800,1103.2048
800,1126.8716
800,1103.2048
800,1363.5067
800,1126.8716
801,1140.4757
801,1140.4757
801,1096.9596
801,1103.909
801,1175.7479
801,1193.4102
801,1292.3345
801,1043.4939
801,1184.8381
801,1197.479
801,1179.7566
801,1305.2769
802,1269.8126
802,1269.8126
802,1296.223
802,1147.7001
802,1147.7001
802,1122.8699
802,1171.5728
802,1171.5728
802,1171.5728
802,1171.5728
802,1171.5728
802,1171.5728
802,1171.5728
802,1226.7423
802,1134.7435
802,956.6802
802,966.8889
802,956.6802
802,956.6802
802,952.5768
802,928.56683
802,938.4759
802,928.56683
802,938.4759
456,853.8753
456,934.0852
456,726.2055
456,840.61804
457,943.2171
457,780.3984
457,779.396
457,796.12286
457,796.12286
457,784.3355
457,784.3355
457,784.3355
457,757.71893
457,776.55444
457,796.6377
458,998.92096
458,1088.8594
458,1169.3223
458,1131.11
458,973.7441
458,1061.418
458,1026.729
459,881.4305
459,788.80255
459,763.99567
459,812.6889
459,777.89185
459,777.89185
459,786.1208
459,726.6752
802,938.4759
802,938.4759
802,928.56683
802,928.56683
802,938.4759
802,928.56683
802,938.4759
802,938.4759
802,938.4759
802,928.56683
802,938.4759
802,938.4759
802,938.4759
802,928.56683
802,928.56683
802,928.56683
802,909.0612
802,909.0612
802,918.7623
802,928.56683
802,938.4759
802,928.56683
802,928.56683
802,928.56683
802,942.51904
802,952.5768
802,952.5768
802,942.51904
802,952.5768
802,942.51904
802,942.51904
802,952.5768
802,952.5768
802,952.5768
802,952.5768
802,942.51904
802,942.51904
802,942.51904
802,942.51904
802,942.51904
802,942.51904
802,942.51904
802,942.51904
802,942.51904
802,952.5768
802,942.51904
802,932.5673
802,932.5673
802,932.5673
802,922.7202
802,932.5673
802,942.51904
802,922.7202
802,932.5673
802,956.6802
802,966.8889
802,956.6802
802,956.6802
802,966.8889
802,966.8889
802,966.8889
802,966.8889
802,966.8889
802,966.8889
802,956.6802
802,956.6802
802,966.8889
802,956.6802
802,956.6802
802,966.8889
802,966.8889
802,966.8889
802,946.5791
802,966.8889
802,956.6802
802,956.6802
802,956.6802
802,956.6802
802,966.8889
802,956.6802
802,966.8889
802,956.6802
802,966.8889
802,956.6802
802,966.8889
802,966.8889
802,956.6802
802,966.8889
802,956.6802
802,966.8889
802,966.8889
802,956.6802
802,946.5791
802,936.5846
802,956.6802
802,956.6802
802,966.8889
802,966.8889
802,956.6802
802,966.8889
802,1182.4408
802,942.51904
802,942.51904
803,1223.9576
803,1148.8345
803,1200.2035
803,1158.3474
803,1158.3474
803,1158.3474
803,1158.3474
803,1275.9757
803,874.92584
803,1130.2725
803,1130.2725
803,1118.3405
803,1142.3317
803,874.92584
803,976.873
803,976.873
803,976.873
803,976.873
803,1130.2725
803,1130.2725
803,1142.3317
803,1142.3317
803,1142.3317
803,1142.3317
803,1130.2725
803,1130.2725
803,1142.3317
803,1142.3317
803,1142.3317
803,1142.3317
803,1130.2725
803,1142.3317
803,1130.2725
803,1130.2725
803,1130.2725
803,1130.2725
803,1033.6991
803,987.29694
803,1391.8644
803,1354.1766
804,1148.8345
804,1131.832
804,1325.7402
804,1230.6932
804,1324.8833
804,1354.1766
804,1080.0254
804,1010.12946
804,1089.4525
804,1077.2542
804,1148.8345
804,1148.8345
804,1131.832
805,1078.2706
805,1324.8833
805,1101.403
805,1228.3192
805,1226.7423
805,1200.9799
805,1208.5872
805,1208.5872
805,1226.7423
805,1208.5872
805,1213.7927
805,1208.5872
805,1208.5872
805,1226.7423
805,1226.7423
805,1208.5872
805,1226.7423
805,1200.9799
805,1208.5872
805,1208.5872
805,1226.7423
805,1226.7423
805,1213.7927
805,1213.7927
805,1226.7423
805,1208.5872
805,1226.7423
805,1226.7423
805,1195.8291
805,1208.5872
805,1226.7423
806,1046.2772
806,1217.0293
806,1147.7001
806,1182.4408
806,1130.7144
806,1127.7067
806,1225.9668
807,949.62085
807,968.13214
807,1065.4083
807,1065.4083
807,1067.8322
807,1052.0273
807,1236.2264
807,1067.2517
807,1078.6392
807,1390.834
807,1048.2911
807,1048.2911
807,1057.3417
807,1080.0254
807,1041.6915
807,1052.8069
807,1030.6938
807,1080.0254
807,1052.8069
807,1046.1788
807,1041.6915
807,1046.1788
807,1057.3417
807,1064.0404
807,1052.8069
808,1172.3307
808,1229.1132
808,1242.3428
808,1338.8911
808,1174.2384
808,1083.7085
809,1325.7402
809,1139.5236
809,1003.4191
809,1354.1766
809,1223.9576
809,1011.4282
809,1203.2906
809,1296.9396
810,1086.1744
810,957.2009
810,1094.8433
810,1094.8433
810,1094.8433
810,964.60333
810,964.60333
810,876.6998
810,895.51227
810,886.0564
810,886.0564
810,886.0564
810,876.6998
810,1010.0345
810,974.89655
810,964.60333
810,1083.285
810,1083.285
810,1094.8433
810,1094.8433
810,1094.8433
810,1083.285
810,1071.8486
810,1094.8433
810,1094.8433
810,951.02844
810,961.17737
810,951.02844
810,1110.2029
810,1069.9973
810,1360.7482
810,1135.5844
810,1164.9414
810,1360.7482
810,1196.4799
810,1164.9414
810,1360.7482
810,1276.8004
810,1346.3853
810,1164.9414
810,1043.0308
810,1332.1738
810,1147.7001
810,1304.1886
810,1360.7482
810,1360.7482
810,1332.1738
810,1276.8004
810,1360.7482
810,1304.1886
810,1149.1755
810,1290.4215
810,1360.7482
810,1360.7482
810,1346.3853
810,1346.3853
810,1346.3853
810,1140.4757
810,1164.9414
811,1048.9694
811,1103.909
811,1201.7463
811,1189.0605
811,1189.0605
811,1201.7463
811,1189.0605
811,1201.7463
459,742.272
459,742.272
459,726.6752
459,734.4324
459,742.272
459,742.272
459,726.6752
459,742.272
460,786.6295
460,847.95013
460,835.39636
460,886.3661
460,895.8257
460,794.2402
461,885.3114
461,812.17
461,872.20514
461,950.7466
461,848.20154
461,801.6863
461,844.2328
461,844.2328
461,880.86096
461,880.86096
461,766.302
461,766.302
461,758.2089
461,750.20123
461,750.20123
461,758.2089
811,1176.5079
811,1176.5079
811,1176.5079
811,1201.7463
811,1201.7463
811,1176.5079
811,1183.9609
811,1201.7463
811,1183.9609
811,1176.5079
811,1201.7463
811,1201.7463
811,1201.7463
811,1176.5079
811,1189.0605
812,1189.1724
812,1053.8477
812,1148.7264
812,1160.9824
812,1148.7264
812,860.8665
812,860.8665
812,860.8665
812,860.8665
812,860.8665
812,873.8022
812,873.8022
812,864.57526
812,1148.7264
812,1065.0922
813,1043.0308
813,1173.0789
813,1277.0411
813,1334.1371
813,1228.3192
813,1097.6603
813,1154.234
813,1229.9077
813,1078.5372
813,1080.7241
813,1357.799
814,1164.1978
814,1146.968
814,1146.968
814,1256.2908
814,1005.8052
814,1010.13763
814,1115.0803
814,1269.8126
814,1269.8126
814,1269.8126
814,1296.223
814,1296.223
814,1296.223
814,1296.223
814,1296.223
814,1296.223
814,1296.223
814,1296.223
814,1296.223
814,1296.223
814,1122.8699
814,1122.8699
814,1122.8699
814,1122.8699
814,1122.8699
814,1122.8699
814,1122.8699
814,1122.8699
814,1122.8699
814,1122.8699
814,1122.8699
814,1122.8699
814,1122.8699
814,1122.8699
814,1171.5728
814,1171.5728
814,1171.5728
814,1171.5728
814,1171.5728
814,1171.5728
814,1171.5728
814,1171.5728
814,1171.5728
814,1171.5728
814,1171.5728
814,1171.5728
814,1171.5728
814,1171.5728
814,1171.5728
814,1171.5728
814,1171.5728
814,1171.5728
814,1106.2513
814,1106.2513
814,1106.2513
814,1106.2513
814,1106.2513
814,1106.2513
814,1106.2513
814,1106.2513
814,1106.2513
814,1106.2513
814,1106.2513
814,1354.9244
814,1073.4285
814,1170.0686
814,1157.7168
814,1150.2032
814,908.88245
814,1095.6545
814,1095.6545
814,1320.0548
814,1334.1371
814,1151.9078
814,1261.0046
815,1139.5236
815,1205.0745
815,1166.439
815,1163.4457
815,1324.8833
815,1324.8833
815,1149.1755
815,1149.1755
815,1149.1755
815,1197.479
815,1197.479
815,1146.2266
815,1064.0404
815,1341.7314
815,1233.6093
816,1216.253
816,1090.1567
816,1242.3428
816,1242.3428
816,1242.3428
816,1056.6581
816,1208.5872
816,1046.1788
816,1119.8835
816,1119.8835
816,995.08386
816,1136.7067
816,1136.7067
816,989.55164
816,1125.4248
816,1148.8345
816,1098.5769
816,1098.5769
816,1082.317
816,1202.6362
816,1215.4674
816,955.0276
816,1075.5034
816,1075.5034
816,1075.5034
816,1064.149
816,1215.4674
816,1086.9788
816,1215.4674
816,1189.941
816,1082.317
816,1086.9788
816,1098.5769
816,1098.5769
816,1202.6362
816,1202.6362
816,1215.4674
816,1075.5034
816,1086.9788
816,1064.149
816,1098.5769
816,1098.5769
816,1086.9788
816,1070.8909
816,1064.149
816,1098.5769
816,1098.5769
816,1075.5034
816,1086.9788
816,1086.9788
816,1202.6362
816,1098.5769
816,1086.9788
816,1086.9788
816,1075.5034
816,1075.5034
816,1098.5769
816,1082.317
816,1070.8909
816,1215.4674
816,1086.9788
816,1098.5769
816,1189.941
817,1004.0679
817,1243.9398
817,1050.2037
817,1110.1938
817,1262.6256
817,1207.036
817,1074.7075
817,1212.4797
818,1310.7754
818,1073.9117
818,1125.319
818,1137.3253
818,1113.4392
818,1125.319
818,1113.4392
818,1113.4392
818,1113.4392
818,1101.6848
818,1226.627
818,1213.6781
818,1090.0543
818,1263.4417
818,1250.1051
818,1041.6915
819,1270.6339
819,1148.4425
819,1148.4425
819,1158.3474
819,990.277
819,965.31775
819,975.6185
819,986.0292
819,979.82153
819,1000.8438
819,1000.8438
819,990.277
819,959.2399
819,1159.836
820,1377.1733
820,1116.5139
820,1101.403
820,1147.7001
820,1147.7001
820,776.47473
820,1130.7144
820,1123.4906
820,1165.8046
821,1040.3544
821,1030.1248
821,1038.3468
821,1038.3468
821,1285.961
821,1100.9725
821,1006.44727
821,1199.7935
821,1151.7903
821,1127.6001
821,1141.2037
821,1089.7755
821,1127.6001
821,1127.6001
821,1124.3135
821,1117.2356
822,1135.4775
822,1126.8716
822,1200.2035
823,1160.5863
823,1061.2098
823,1219.7982
823,1106.8623
823,1211.6965
823,1193.7639
824,1164.9414
824,1164.9414
824,1164.9414
824,1031.4492
824,997.7382
824,1120.493
824,1221.3663
824,952.5768
825,1165.6943
825,1165.6943
825,1134.0197
825,1134.0197
825,1080.0254
825,1088.9685
825,1088.9685
825,1088.9685
825,1156.8602
825,1156.8602
825,1156.8602
825,1156.8602
825,1156.8602
825,1204.296
825,1348.381
825,1362.6371
825,1445.8608
826,1297.8893
826,1277.0411
826,1277.0411
826,1277.0411
826,1277.0411
826,1277.0411
826,976.1496
826,1154.234
826,1058.1251
461,766.302
461,750.20123
461,758.2089
461,750.20123
462,734.9765
462,783.32806
462,818.368
462,906.7278
462,1125.5403
462,1061.418
462,808.6097
462,817.24
462,964.9404
462,975.23724
462,975.23724
462,975.23724
462,964.9404
462,808.6097
462,825.96234
462,817.24
462,975.23724
462,975.23724
462,985.6442
462,985.6442
462,808.6097
462,985.6442
462,800.07043
462,996.1617
462,800.07043
462,825.96234
826,1264.3778
826,1304.0653
826,1140.3679
826,1392.8955
827,1039.3265
827,980.4471
827,1240.7484
827,1354.9244
827,1251.7122
827,1364.3881
827,1143.0701
827,1167.5919
827,1167.5919
827,1155.2662
827,1167.5919
827,1155.2662
827,1155.2662
827,1155.2662
827,1167.5919
827,1167.5919
827,1155.2662
827,1167.5919
827,1155.2662
827,1167.5919
827,1167.5919
827,1167.5919
827,1167.5919
827,1167.5919
827,977.11456
827,1133.8059
827,1071.4736
827,1080.7241
827,1037.8944
827,1080.7241
827,1223.9576
827,1092.2551
827,1092.2551
827,1103.909
827,1103.909
827,1092.2551
827,1060.1619
827,1080.7241
827,1092.2551
827,1087.5703
827,1092.2551
827,1092.2551
827,1103.909
827,1092.2551
827,1092.2551
827,1103.909
827,1092.2551
827,1103.909
827,1092.2551
827,1103.909
827,1080.7241
827,1092.2551
827,1092.2551
827,1037.8944
827,1103.909
827,1098.0984
827,1048.9694
827,1080.7241
827,1103.909
827,1103.909
827,1087.5703
827,1092.2551
827,1103.909
827,1064.7283
827,1080.7241
827,1064.7283
827,1071.4736
827,1076.0887
827,1080.7241
827,1092.2551
827,1103.909
827,1071.4736
827,1037.8944
827,1103.909
827,1060.1619
827,1103.909
827,1060.1619
827,1092.2551
827,1098.0984
827,1103.909
827,1208.5872
827,1334.1371
827,1334.1371
827,1087.5703
828,1243.9398
828,1324.8833
828,1324.8833
828,1223.9576
828,1251.0212
828,1197.479
828,1197.479
828,1197.479
828,910.1367
828,1151.7903
828,1174.2384
828,976.1496
828,1262.6256
828,1334.7484
828,1204.296
828,1126.2587
828,1222.3862
828,1138.275
828,1138.275
828,1138.275
828,1209.4827
828,1209.4827
828,1209.4827
828,973.64465
828,957.29913
828,949.1042
828,949.1042
828,949.1042
828,949.1042
828,939.08307
828,949.1042
828,959.2322
828,959.2322
828,959.2322
828,959.2322
828,959.2322
828,959.2322
828,959.2322
828,963.3647
828,973.64465
828,973.64465
828,973.64465
828,973.64465
828,963.3647
828,963.3647
828,963.3647
828,973.64465
828,973.64465
828,973.64465
828,963.3647
828,963.3647
828,973.64465
828,973.64465
828,973.64465
828,973.64465
828,973.64465
828,973.64465
828,963.3647
828,973.64465
828,973.64465
828,973.64465
828,973.64465
828,973.64465
828,963.3647
828,963.3647
828,963.3647
828,973.64465
828,973.64465
828,953.1926
828,973.64465
828,973.64465
828,963.3647
828,963.3647
828,963.3647
828,977.8387
828,988.27295
828,977.8387
828,977.8387
828,988.27295
828,977.8387
828,988.27295
828,977.8387
828,988.27295
828,988.27295
828,988.27295
828,988.27295
828,977.8387
828,988.27295
828,988.27295
828,977.8387
828,988.27295
828,988.27295
828,977.8387
828,988.27295
828,977.8387
828,977.8387
828,977.8387
828,988.27295
828,977.8387
828,988.27295
828,977.8387
828,988.27295
828,988.27295
828,988.27295
828,988.27295
828,977.8387
828,977.8387
828,988.27295
828,988.27295
828,988.27295
828,988.27295
828,988.27295
828,988.27295
828,967.51447
828,967.51447
828,945.9675
828,973.64465
828,963.3647
828,988.27295
828,1166.3287
828,1085.8032
828,1085.8032
828,1109.097
828,1251.0212
828,1109.097
829,1161.8427
829,1171.3525
829,865.6871
829,1089.4525
829,1139.7384
829,1251.0212
829,1087.5703
829,978.3709
829,1125.4248
829,1125.4248
829,1334.7484
829,1235.3112
829,1253.8674
829,1253.8674
829,1253.8674
829,1240.6318
829,1209.3689
829,1253.8674
829,1253.8674
829,1240.6318
829,1253.8674
829,1253.8674
829,1240.6318
829,1253.8674
829,1253.8674
829,1235.3112
829,1222.2712
829,1253.8674
829,1253.8674
829,1235.3112
829,1235.3112
829,1253.8674
829,1291.2562
829,1253.8674
829,1240.6318
829,1253.8674
830,1172.3307
830,1217.0293
830,1111.6206
830,1154.234
830,1154.234
830,1082.8131
830,915.31934
830,905.6541
830,905.6541
830,905.6541
830,915.31934
830,915.31934
830,905.6541
830,886.6293
830,1032.3717
830,869.9721
830,1216.1387
830,1376.1537
830,1390.834
830,1376.1537
830,1376.1537
831,1129.9926
831,1121.9335
831,1220.5873
832,1146.968
832,1146.968
832,1127.6001
832,1347.3828
832,1093.7622
832,1093.7622
832,1093.7622
832,1093.7622
832,1110.1938
832,1102.388
832,1164.9414
833,1284.0686
833,1260.5737
833,1171.4626
833,884.26306
833,1220.1703
833,1011.4282
833,1107.2406
833,985.93646
833,1000.7497
833,1000.7497
833,1000.7497
833,1000.7497
833,1011.4282
833,1011.4282
833,1000.7497
833,1011.4282
462,808.6097
462,808.6097
462,808.6097
462,975.23724
462,996.1617
462,964.9404
462,808.6097
462,996.1617
462,996.1617
462,996.1617
462,800.07043
462,975.23724
462,964.9404
462,808.6097
462,964.9404
462,817.24
462,817.24
462,817.24
462,800.07043
462,808.6097
463,1015.23224
463,803.51105
463,803.51105
463,803.51105
463,726.2055
463,726.2055
463,934.6896
463,944.6639
463,771.65765
463,774.9825
833,1000.7497
833,1000.7497
833,1107.2406
833,1107.2406
833,1119.0543
833,1107.2406
833,1119.0543
833,1098.4731
833,1098.4731
833,1098.4731
833,1098.4731
833,1110.1938
833,1082.2153
833,1093.7622
833,1086.8766
833,1110.1938
834,1027.5928
834,1198.2537
834,1080.7241
834,1354.1766
834,883.12744
834,889.2985
834,893.12964
834,1077.1528
834,1378.9429
834,1378.9429
835,1207.036
835,1207.036
835,1415.6337
835,1080.7241
835,1184.7268
835,1262.6256
835,1262.6256
835,1262.6256
835,1225.9668
835,1394.6853
835,1129.9926
835,1148.4425
835,1297.8893
836,1003.4191
836,995.72766
836,957.2009
836,868.8548
837,1164.1978
837,1139.7384
837,1242.3428
837,1242.3428
837,1189.1724
837,1189.1724
837,1189.1724
837,1189.1724
837,992.91846
837,992.91846
837,1202.6362
837,1169.8486
837,1215.4674
838,1095.8763
838,1303.3561
838,1106.9664
838,1297.8893
838,1297.8893
838,1297.8893
838,1147.7001
838,1147.7001
838,1147.7001
838,1147.7001
838,1147.7001
838,1147.7001
838,1147.7001
838,1147.7001
838,1277.0411
838,1277.0411
838,1277.0411
838,1277.0411
838,1277.0411
838,1277.0411
838,1277.0411
838,1277.0411
838,1277.0411
838,1317.3848
838,1145.2701
838,1145.2701
838,1421.5845
838,1130.7144
838,1130.7144
838,1130.7144
838,1130.7144
838,1130.7144
838,1130.7144
838,933.6782
838,1150.2032
838,1150.2032
838,1240.5145
838,1240.5145
838,1038.2491
838,1143.8003
839,907.7152
839,1143.4094
839,1271.445
839,1271.445
839,1099.9888
839,1255.4786
839,1255.4786
839,1133.2871
839,1179.7566
839,1160.5863
839,1288.8867
840,1164.1978
840,1086.8766
840,1269.8126
840,1324.8833
840,1324.8833
840,1197.479
840,1197.479
840,1197.479
840,1197.479
840,1197.479
840,1197.479
840,1197.479
840,1197.479
840,1197.479
840,1197.479
840,1197.479
840,1197.479
840,1197.479
840,1033.7963
840,1235.3112
840,1179.7566
840,963.89685
840,984.57776
840,995.08386
840,984.57776
840,984.57776
840,984.57776
840,908.9683
840,1275.8557
840,1275.8557
841,1325.7402
841,1224.7488
841,1354.1766
841,1223.9576
841,1115.5823
841,1008.2898
841,1008.2898
841,1239.7133
842,1173.8372
842,1109.4851
842,1156.8602
842,1174.2384
842,1161.8427
842,1122.8699
842,1099.2871
842,1177.2594
842,1099.2871
842,1177.2594
842,1094.5726
842,1164.8318
842,1113.8745
842,1106.2513
842,1111.016
842,1122.8699
842,1229.2288
842,1113.8745
842,1164.8318
842,1242.3428
842,1164.8318
842,1242.3428
842,1122.8699
842,1122.8699
842,1164.8318
842,1152.5348
842,1177.2594
842,1242.3428
842,1164.8318
842,1099.2871
842,1229.2288
842,1090.48
842,1122.8699
842,1242.3428
842,1164.8318
842,1122.8699
842,1113.8745
842,1164.8318
842,1242.3428
842,1125.7589
842,1090.48
842,1229.2288
842,1090.48
842,1164.8318
842,1242.3428
842,1122.8699
842,1102.1155
842,1122.8699
842,1122.8699
842,1122.8699
843,1356.7937
843,1013.38336
843,1071.4736
843,1242.3428
843,1242.3428
843,1177.2594
843,1145.2701
844,1129.0497
844,1353.9214
844,1173.0789
844,1173.0789
844,1277.0411
844,1047.4165
844,1049.3274
844,1049.3274
844,1143.8003
844,1155.7179
844,1154.234
844,1154.234
844,1154.234
844,1005.1554
844,1015.88086
844,1020.25665
844,1020.25665
844,1005.1554
844,1015.88086
844,1005.1554
844,1031.1431
844,1020.25665
844,1020.25665
844,1020.25665
844,1020.25665
844,1020.25665
844,1031.1431
844,1031.1431
844,1020.25665
844,1020.25665
844,1031.1431
844,1020.25665
844,1031.1431
844,1031.1431
844,1031.1431
844,1031.1431
844,1031.1431
844,1031.1431
844,1031.1431
844,1031.1431
844,1031.1431
844,1031.1431
844,1031.1431
844,1031.1431
844,1031.1431
844,1020.25665
844,1031.1431
844,1020.25665
844,1031.1431
844,1031.1431
844,1020.25665
844,1031.1431
844,1031.1431
844,1031.1431
844,1031.1431
844,1031.1431
844,1031.1431
844,1031.1431
844,1031.1431
844,1020.25665
844,1031.1431
844,1020.25665
844,1031.1431
844,1020.25665
844,1031.1431
844,1031.1431
844,1031.1431
844,1031.1431
844,1031.1431
844,1031.1431
844,1020.25665
844,1020.25665
844,1020.25665
844,1020.25665
844,1020.25665
844,1031.1431
844,1031.1431
844,1020.25665
844,1031.1431
844,1020.25665
844,1020.25665
844,1020.25665
844,1031.1431
844,1020.25665
844,1031.1431
844,1020.25665
844,1020.25665
844,1256.1726
844,1026.6237
844,1020.25665
844,1031.1431
844,1031.1431
844,1385.8958
844,1385.8958
844,1141.9414
844,1371.2676
844,1356.7937
844,1324.3062
463,763.5081
463,779.89404
463,779.89404
463,771.65765
463,763.5081
463,771.65765
464,829.8453
464,829.8453
464,785.34424
464,800.65656
464,800.65656
464,836.4707
464,757.71893
464,757.71893
464,757.71893
464,757.71893
464,757.71893
464,757.71893
464,757.71893
465,916.40405
465,916.40405
465,916.40405
465,998.92096
465,998.92096
465,998.92096
465,998.92096
465,998.92096
465,984.1347
465,1072.7438
465,741.3185
845,1126.4866
845,1369.3784
845,1369.3784
845,1028.7053
846,1318.2362
846,1190.701
846,1077.2542
846,1077.2542
846,1077.2542
846,1077.2542
846,1183.9609
846,1195.9415
846,1022.978
846,1080.1362
846,1007.83606
846,1244.8616
846,1414.5857
847,1143.4094
847,1126.4866
847,1310.7754
847,1237.6986
847,1148.334
847,1198.1404
847,1099.8854
847,1116.4089
847,1128.3203
847,1128.3203
847,1099.8854
847,1104.6227
847,1111.6206
847,1116.4089
847,1128.3203
847,1128.3203
847,1128.3203
847,1116.4089
847,1111.6206
847,1116.4089
847,1111.6206
847,1116.4089
847,1128.3203
847,1128.3203
847,1104.6227
847,1104.6227
847,1128.3203
847,1128.3203
847,1099.8854
847,1116.4089
848,1207.036
848,1194.2938
848,1335.0
848,1190.701
848,1202.1025
848,1257.0925
848,1348.381
848,1194.2938
848,1207.036
848,1194.2938
848,1311.6119
849,1102.1155
849,1025.6097
849,1326.5863
849,1326.5863
849,1125.7589
849,1199.0184
849,1064.149
849,1391.7335
849,1406.5798
849,1448.7911
850,1095.8763
850,1369.3784
850,1369.3784
850,1369.3784
850,1369.3784
850,1369.3784
850,1129.9926
850,1000.8438
850,1136.2023
850,1182.4408
850,1182.4408
850,1182.4408
850,965.1279
850,1154.234
850,1154.234
850,1494.5571
851,1011.4282
851,1021.11505
851,1163.9694
851,1196.602
851,1168.3466
851,1180.8123
851,1193.4102
851,935.5636
851,1066.4615
851,1193.4102
851,1193.4102
851,1180.8123
851,1180.8123
851,1180.8123
851,1193.4102
851,1193.4102
851,1193.4102
851,1193.4102
851,1193.4102
851,1193.4102
851,1193.4102
851,1168.3466
851,1180.8123
851,1112.1146
851,1170.4852
851,1327.1942
851,1095.6545
851,1235.3112
851,1305.0315
851,1369.3784
851,1237.6986
852,1262.6256
852,1281.5918
852,1002.1307
852,1002.1307
852,1262.6256
852,1262.6256
852,1268.0631
852,1262.6256
852,1281.5918
852,1281.5918
852,1262.6256
852,1249.2976
852,1268.0631
852,1281.5918
852,1096.9596
852,1208.4735
852,1363.6349
852,1148.8345
852,903.82166
852,1121.9335
852,1107.6736
852,1268.0631
852,1268.0631
852,1249.2976
852,1268.0631
852,1129.0497
852,1281.5918
852,1281.5918
852,1281.5918
853,1167.193
853,1135.4775
853,1117.9493
853,1117.9493
853,1391.9952
853,1392.7639
853,1219.4967
853,1243.9398
853,1324.8833
853,1199.0184
853,1305.2769
853,1305.2769
853,1305.2769
853,1305.2769
853,1305.2769
853,1228.3192
853,1228.3192
853,1134.7435
853,1179.7566
853,1179.7566
853,1133.2871
853,1138.1681
854,1281.1539
854,1104.6227
854,1021.77515
854,1354.1766
854,1125.7589
854,1223.9576
854,1223.9576
854,1251.0212
854,1171.5728
854,1223.9576
854,1223.9576
854,1223.9576
854,1223.9576
854,1283.2386
854,1010.12946
854,1010.12946
854,999.46466
854,988.91235
854,980.4471
854,980.4471
854,980.4471
854,980.4471
854,980.4471
854,980.4471
854,970.09534
854,970.09534
854,984.67035
854,995.1779
854,995.1779
854,995.1779
854,984.67035
854,984.67035
854,995.1779
854,995.1779
854,984.67035
854,984.67035
854,995.1779
854,984.67035
854,995.1779
854,995.1779
854,995.1779
854,995.1779
854,984.67035
854,984.67035
854,995.1779
854,995.1779
854,984.67035
854,984.67035
854,984.67035
854,984.67035
854,984.67035
854,995.1779
854,995.1779
854,995.1779
854,995.1779
854,984.67035
854,984.67035
854,984.67035
854,984.67035
854,974.2741
854,984.67035
854,995.1779
854,995.1779
854,999.46466
854,1010.12946
854,1010.12946
854,999.46466
854,999.46466
854,1010.12946
854,1010.12946
854,1010.12946
854,1010.12946
854,1010.12946
854,1010.12946
854,1010.12946
854,1010.12946
854,1010.12946
854,999.46466
854,999.46466
854,999.46466
854,1021.5684
854,973.5531
854,999.46466
854,999.46466
854,1010.12946
855,1200.2035
855,1200.2035
855,1110.9115
855,1122.7643
855,1094.4692
855,1005.70245
855,950.14545
855,922.6259
855,912.8841
855,922.6259
855,952.48724
855,952.48724
855,952.48724
855,1200.0907
855,880.4771
855,912.8841
855,912.8841
855,912.8841
855,1100.9725
855,1100.9725
855,1112.72
855,1089.3496
855,1100.9725
855,1100.9725
855,1200.0907
855,1200.0907
855,1200.0907
855,1200.0907
855,1200.0907
855,1200.0907
855,1200.0907
855,1200.0907
855,1212.894
855,1200.0907
855,1187.4222
855,901.19403
855,952.48724
855,962.65125
855,962.65125
855,962.65125
855,993.3736
855,922.6259
856,1355.0519
856,1032.4689
856,960.8975
857,1510.6416
857,1171.5728
857,1171.5728
857,1171.5728
465,741.3185
465,741.3185
465,988.3744
465,630.9258
465,624.2606
465,630.9258
465,630.9258
466,879.429
466,763.0143
466,763.0143
466,763.0143
467,805.7372
467,865.2975
467,762.03424
467,762.03424
467,863.3837
468,884.65576
468,730.8142
468,1013.9291
468,789.81665
468,644.8872
468,918.4032
468,831.6558
468,916.40405
468,970.1866
468,884.437
468,823.5608
468,903.41486
468,893.8756
468,814.86383
857,1171.5728
857,1171.5728
857,1171.5728
857,1058.0166
857,1056.6581
857,1123.9803
857,1107.3447
857,1050.685
857,1157.4991
858,1117.2356
858,1146.968
858,1256.2908
858,1354.1766
858,1147.7001
858,1278.6827
858,1290.5435
858,1293.9956
858,1163.4457
858,1146.2266
858,1249.415
858,985.2063
858,1163.2269
858,1150.9468
858,1267.944
858,1267.944
858,1267.944
859,1172.3307
859,1224.7488
859,1139.5236
859,1173.8372
859,1181.2733
859,1341.6053
859,1080.0254
860,1334.1371
860,1061.2098
860,1156.7509
861,1135.4775
861,1066.7776
861,1232.5071
861,1027.9436
861,1006.35266
861,1017.0909
862,1250.2227
862,1250.2227
862,1250.2227
862,1095.1683
862,1277.0411
862,1277.0411
862,1277.0411
862,1277.0411
862,1277.0411
862,1277.0411
862,1277.0411
862,1277.0411
862,1277.0411
862,1151.7903
862,1158.3474
862,1261.0046
862,1346.5125
862,1037.3214
862,1253.7489
862,1064.8289
863,1233.7252
863,1129.0497
863,1159.0962
863,1181.6865
863,1181.6865
863,1129.9926
863,1178.0204
863,1165.5847
863,1203.2906
863,1203.2906
863,1190.5885
863,1126.4866
863,1203.2906
863,1408.5203
863,1190.5885
863,1190.5885
863,1203.2906
863,1203.2906
863,1203.2906
863,1203.2906
863,1178.0204
863,1203.2906
863,1203.2906
863,1203.2906
863,1178.0204
863,1203.2906
863,1150.653
863,1138.506
863,1126.4866
863,1126.4866
863,1178.0204
863,1150.653
863,1203.2906
863,1178.0204
863,1190.5885
863,1203.2906
863,1203.2906
863,1203.2906
863,1203.2906
863,1178.0204
863,1173.0789
863,1173.0789
863,1173.0789
863,1173.0789
863,1171.5728
863,1305.2769
863,1262.6256
863,1155.7179
863,1155.7179
863,1155.7179
863,1155.7179
863,1155.7179
863,1155.7179
863,1154.234
863,1154.234
863,1154.234
863,1154.234
863,1154.234
863,1154.234
863,1154.234
863,1154.234
863,1154.234
863,1154.234
863,1154.234
863,1154.234
863,1154.234
863,1154.234
863,1154.234
863,1154.234
863,1154.234
863,1154.234
863,1154.234
863,1154.234
863,1154.234
863,1154.234
863,1154.234
863,1154.234
863,1154.234
863,1154.234
863,1154.234
863,1154.234
863,1154.234
863,1154.234
863,1154.234
863,1153.162
863,889.2145
864,1175.7479
864,1242.3428
864,1242.3428
864,1215.4674
864,1215.4674
864,1215.4674
864,1215.4674
864,1215.4674
864,1215.4674
864,1215.4674
864,1067.8322
864,995.08386
864,1004.1623
864,1014.87714
864,1004.1623
864,1014.87714
864,1010.0345
865,1182.0374
865,1182.0374
865,1182.0374
865,1317.3848
865,1176.0969
865,1305.2769
865,1305.2769
865,1305.2769
865,1305.2769
865,1305.2769
865,1210.1409
865,1210.1409
865,1182.7919
866,1284.0686
866,1319.0776
866,1391.9952
866,1202.5232
866,1202.5232
866,1215.3525
866,1228.3192
866,1202.5232
866,1228.3192
866,1215.3525
866,1202.5232
866,983.94165
866,1089.4525
867,1152.5348
867,1141.0964
867,1129.0497
867,1129.0497
867,1124.2078
867,1141.0964
867,1141.0964
867,1141.0964
867,1124.2078
867,1141.0964
867,1141.0964
867,1354.1766
867,1354.1766
867,1223.9576
867,1223.9576
867,1223.9576
867,1223.9576
867,1223.9576
867,1177.2594
867,1139.242
867,833.79584
868,1219.3821
868,1219.3821
868,1369.3784
868,1135.4775
868,1237.6986
868,1142.6708
868,1118.7777
868,1147.7001
868,1135.5844
868,1269.8126
868,1106.9664
868,1135.5844
868,1159.2052
868,1147.7001
868,1130.7144
868,1147.7001
868,1171.5728
868,1256.4088
868,1135.5844
868,1118.7777
868,1135.5844
868,1123.5963
868,1123.5963
868,1147.7001
868,1135.5844
868,1171.5728
868,1159.2052
868,1147.7001
868,1147.7001
868,1147.7001
868,1171.5728
868,1123.5963
868,1147.7001
868,1147.7001
868,1269.8126
868,1130.7144
868,1199.0184
868,1136.2023
868,1136.2023
868,1159.836
868,1181.2733
869,1341.4786
869,1178.7728
869,1061.8959
869,1062.6741
869,1067.2517
870,1268.7532
870,1125.7589
870,1126.8716
870,1126.8716
870,1185.4829
870,1120.493
870,1222.8214
870,936.48895
870,995.08386
871,928.4795
871,1399.6549
871,1135.4775
871,1310.7754
871,1310.7754
871,1310.7754
871,1018.4943
871,1184.7268
871,1310.7754
871,1296.9396
871,1126.8716
871,1131.832
871,1179.7566
871,1179.7566
871,1179.7566
871,1179.7566
871,1179.7566
871,1179.7566
871,1179.7566
871,1179.7566
871,1179.7566
871,1078.5372
871,1078.5372
871,1078.5372
871,1327.1942
872,1217.8165
872,1180.5198
872,966.99414
872,1217.0293
872,1217.0293
872,1229.8977
872,1406.7122
872,1038.3468
469,785.34424
469,727.1395
469,742.272
469,808.08716
470,945.3635
470,945.3635
470,945.3635
470,945.3635
470,867.2668
470,867.2668
470,1015.23224
470,1015.23224
470,1015.23224
470,1015.23224
470,1106.6384
470,1106.6384
470,1106.6384
470,885.87665
470,1052.5934
470,880.86096
470,1026.729
470,731.6057
470,1037.014
470,1037.014
470,788.2247
470,1026.0652
470,1037.014
470,965.6477
470,1030.4852
470,1026.0652
872,1038.3468
872,1053.9467
872,1042.8197
872,1027.3844
872,1042.8197
872,1053.9467
872,1053.9467
872,1053.9467
872,1053.9467
872,1053.9467
872,1053.9467
872,1053.9467
872,1053.9467
872,1042.8197
872,1053.9467
872,1053.9467
872,1053.9467
872,1042.8197
872,1053.9467
872,1053.9467
872,1053.9467
872,1042.8197
872,1042.8197
872,1053.9467
872,1053.9467
872,1053.9467
872,1053.9467
872,1053.9467
872,1053.9467
872,1053.9467
872,1053.9467
872,1053.9467
872,1042.8197
872,1053.9467
872,1042.8197
872,1053.9467
872,1053.9467
872,1053.9467
872,1042.8197
872,1053.9467
872,1053.9467
872,1053.9467
872,1042.8197
872,1042.8197
872,1053.9467
872,1053.9467
872,1042.8197
872,1042.8197
872,1042.8197
872,1053.9467
872,1053.9467
872,1042.8197
873,1143.4094
873,1143.4094
873,1281.1539
873,1384.8816
873,1384.8816
873,1074.8086
873,1235.1951
873,1192.2312
873,1355.9174
873,1101.0765
873,1101.0765
873,1005.70245
873,1005.70245
873,1005.70245
873,1258.1422
873,1258.1422
873,1258.1422
873,1258.1422
873,1258.1422
873,1258.1422
873,1258.1422
873,1258.1422
873,1258.1422
873,1258.1422
873,1258.1422
873,1258.1422
873,1091.5583
874,1050.105
874,999.66693
874,1119.3866
874,1285.961
874,1285.961
874,1272.387
874,1272.387
874,934.3626
874,1290.5435
874,902.6609
874,1049.3274
874,1219.7982
874,1043.1289
874,1043.1289
874,1206.922
874,1206.922
874,1206.922
874,1206.922
874,1206.922
874,1181.5754
874,1206.922
875,1193.0024
875,1150.653
875,1150.653
875,1037.7885
875,1078.6392
875,1255.4786
875,1311.6119
875,1208.5872
875,1208.5872
875,1393.7958
876,1099.2871
876,1309.9281
876,1276.9204
876,1309.9281
876,1290.5435
876,1348.2427
876,1438.7427
876,1309.9281
876,1296.1012
876,1061.3096
876,1061.3096
876,1271.445
876,1385.8958
876,1027.9436
876,913.4743
876,923.2225
876,933.07495
876,943.03204
876,943.03204
876,943.03204
876,933.07495
876,943.03204
876,943.03204
876,933.07495
876,933.07495
876,933.07495
876,933.07495
876,933.07495
876,933.07495
876,1137.3253
876,1125.319
876,1137.3253
876,1125.319
876,1125.319
876,1125.319
876,1137.3253
876,1125.319
876,1137.3253
876,1125.319
876,1125.319
876,1239.7133
876,1239.7133
876,1226.627
876,1226.627
876,1226.627
876,1239.7133
876,1226.627
876,1226.627
876,1239.7133
876,1226.627
876,1226.627
877,1130.6075
877,1142.6708
877,1159.836
877,1135.4775
877,1147.5922
877,1142.6708
877,1142.6708
877,1159.836
877,1142.6708
877,1147.5922
877,1147.5922
877,1106.8623
877,1142.6708
877,1130.6075
877,1159.836
877,936.08093
877,1224.6335
877,1461.2842
877,1159.836
877,1207.3938
877,1233.7252
877,1233.7252
877,1233.7252
877,1233.7252
877,1220.702
878,1277.8666
878,1154.9801
878,1197.479
878,1197.479
878,1164.1978
878,973.5531
878,1188.9481
878,997.7382
878,1096.9596
878,1195.7167
878,1175.7479
878,1163.3363
878,975.6185
878,975.6185
878,975.6185
878,965.31775
878,986.0292
878,986.0292
878,965.31775
878,965.31775
878,986.0292
878,986.0292
878,975.6185
878,975.6185
878,975.6185
878,965.31775
878,965.31775
878,986.0292
878,975.6185
878,975.6185
878,975.6185
878,990.277
878,990.277
878,990.277
878,1000.8438
878,1000.8438
878,1000.8438
878,990.277
878,990.277
878,1000.8438
878,1000.8438
878,1000.8438
878,979.82153
878,1000.8438
878,990.277
878,1000.8438
878,990.277
878,1000.8438
878,990.277
878,969.47595
878,1000.8438
878,990.277
878,969.47595
878,1000.8438
878,990.277
878,990.277
878,990.277
878,990.277
878,990.277
878,990.277
878,990.277
878,979.82153
878,990.277
878,979.82153
878,990.277
878,979.82153
878,969.47595
878,990.277
878,990.277
878,979.82153
878,979.82153
878,1074.8086
878,1041.1249
878,973.5531
878,1000.8438
879,1256.2908
879,1246.4618
879,1119.8835
879,1192.2312
879,1192.2312
879,1334.1371
879,1210.1409
879,1148.8345
879,1044.1605
879,1044.1605
879,1148.8345
879,1148.8345
880,1269.0027
880,1238.4893
880,1251.0212
880,1251.0212
880,1251.0212
880,1251.0212
880,1251.0212
880,1251.0212
880,1251.0212
880,1251.0212
880,1251.0212
880,1021.5684
880,1021.5684
880,991.55023
880,991.55023
880,1002.1307
880,1002.1307
880,995.8213
880,1006.44727
880,1032.4689
880,1032.4689
880,1032.4689
880,1021.5684
880,1032.4689
880,1032.4689
880,1021.5684
880,1032.4689
373,853.33044
373,1013.9291
373,719.5272
373,862.9951
373,901.5942
373,862.9951
373,920.35223
373,890.2687
374,631.3339
374,640.8248
374,638.07446
374,638.07446
374,640.8248
375,693.3223
375,716.4458
376,746.023
376,844.3191
377,740.3663
377,1004.5137
377,673.31195
378,771.23773
378,950.7466
378,930.1737
378,930.1737
378,875.96313
378,668.6383
378,668.6383
378,682.99084
379,684.37646
379,647.2476
471,1021.0127
471,831.2033
471,831.2033
471,831.2033
471,831.2033
471,862.35596
471,774.4817
471,926.78265
471,868.3821
471,822.9508
471,998.08734
471,819.4204
471,819.4204
471,971.0543
471,877.64954
472,916.40405
472,916.40405
472,1088.8594
472,1072.7438
472,1072.7438
472,1072.7438
472,1072.7438
472,1072.7438
472,1169.3223
472,988.3744
472,973.7441
472,1061.418
472,713.61536
472,758.6931
472,734.90735
880,1032.4689
880,1032.4689
880,1021.5684
880,1021.5684
880,1021.5684
880,889.2145
880,1021.5684
880,1002.1307
881,1208.5872
881,1226.7423
881,1213.7927
881,1369.3784
881,1326.5863
881,1163.9694
882,1118.672
882,1407.7543
882,1437.8134
882,1445.9968
882,1197.479
882,1110.1938
882,1175.6373
882,1039.5841
882,1028.6086
882,1050.6765
882,1039.5841
882,1039.5841
882,955.6455
882,1073.2262
882,1084.6777
882,1061.8959
882,1096.2509
882,1073.2262
882,1182.3296
882,1182.3296
882,1157.4991
882,1182.3296
882,1182.3296
882,1169.8486
882,1182.3296
882,1169.8486
882,1169.8486
882,1182.3296
882,1169.8486
882,1157.4991
882,1157.4991
882,1169.8486
882,1182.3296
882,1157.4991
882,1157.4991
882,1157.4991
882,1169.8486
882,1194.9437
882,1169.8486
882,1157.4991
882,1079.438
882,1162.475
882,1084.6777
883,1319.9308
883,1184.7268
883,1421.5845
883,1245.539
883,1242.3428
883,1205.8436
883,1224.6335
884,1216.9149
884,1176.0969
884,1176.0969
884,1204.0691
884,1176.0969
884,1225.531
884,1176.0969
884,1176.0969
884,1197.479
884,1197.479
884,1059.3768
884,1059.3768
884,1059.3768
884,1246.7699
884,1246.7699
884,1288.7655
885,1209.3689
885,1414.7194
885,1207.036
885,1207.036
885,1207.036
885,919.7628
885,963.88904
886,1198.2537
886,1198.2537
886,1198.2537
886,1198.2537
886,1198.2537
886,1086.8766
886,1157.608
886,1231.721
886,1231.721
886,1231.721
886,1231.721
886,1231.721
886,1231.721
886,1218.5939
886,1290.5435
886,1072.5328
886,1258.1422
886,1258.1422
886,1258.1422
886,1258.1422
886,1258.1422
886,1258.1422
886,1258.1422
886,1258.1422
886,1258.1422
886,1258.1422
886,1258.1422
886,1258.1422
886,1258.1422
886,1258.1422
886,1258.1422
886,1258.1422
886,1258.1422
886,1258.1422
886,1258.1422
886,1258.1422
886,1258.1422
886,1258.1422
886,1258.1422
886,1258.1422
886,1258.1422
886,1258.1422
886,1258.1422
886,1258.1422
886,1258.1422
886,1258.1422
886,1258.1422
886,1258.1422
886,1258.1422
886,1258.1422
886,1258.1422
886,1120.9402
886,1145.2701
886,1249.8594
887,1355.9174
887,1199.0184
887,1199.0184
887,1199.0184
887,1181.2733
887,907.7152
888,1189.0605
888,1256.2908
888,1141.2037
888,1187.007
888,1285.961
889,1246.344
889,1399.6549
889,1265.0658
889,1265.0658
889,1348.2427
889,1229.1132
889,1229.1132
889,1242.2261
889,1242.2261
889,1429.6755
889,1250.1051
889,1126.8716
890,1277.8666
890,1237.6986
890,1184.3124
890,1346.5125
890,1440.5919
890,1242.3428
890,1334.1371
890,1305.2769
890,1398.7509
890,1398.7509
890,1264.2487
891,1291.3777
891,1154.9801
891,1269.8126
891,1193.1146
891,1193.1146
891,1354.9244
891,1150.653
891,1103.909
891,1398.7509
891,1210.1409
891,985.2063
891,1179.7566
891,1179.7566
891,1179.7566
891,1179.7566
891,1179.7566
891,1179.7566
891,1179.7566
891,1179.7566
891,1179.7566
891,1179.7566
891,1179.7566
891,1179.7566
891,1179.7566
891,1179.7566
891,1179.7566
891,1179.7566
891,1179.7566
891,1179.7566
891,1179.7566
891,1179.7566
891,1179.7566
891,1179.7566
891,1179.7566
891,1179.7566
891,1179.7566
891,1179.7566
891,1179.7566
891,1179.7566
891,1179.7566
891,1179.7566
891,1179.7566
891,1179.7566
891,1117.1306
891,1251.7122
891,1319.8066
891,1037.3214
891,1037.3214
891,956.87427
891,967.0851
891,956.87427
891,1026.3698
891,1037.3214
891,1026.3698
891,1026.3698
891,1037.3214
891,1037.3214
892,1260.5737
892,1225.531
892,1334.1371
892,1334.1371
892,1258.1422
892,1258.1422
892,1214.9379
893,1243.1464
893,1243.1464
893,1384.1172
893,1251.0212
893,1251.0212
893,1251.0212
893,1251.0212
893,1251.0212
893,1036.4558
893,1399.9187
893,1113.544
893,1042.4635
893,1350.5944
893,1350.5944
894,1236.1096
894,1071.4736
894,1180.4088
894,1236.8992
894,1223.8425
894,1249.1796
894,1174.587
894,1090.8527
894,1090.8527
894,1090.8527
895,1237.6986
895,1210.9231
895,1277.0411
895,1173.0789
895,1263.561
895,1129.9926
895,1277.0411
895,1277.0411
895,1129.9926
895,1129.9926
895,1263.561
895,1118.0635
895,1129.9926
895,1479.8657
895,1173.0789
895,1154.234
895,1277.0411
895,1142.0493
895,1154.234
895,1118.0635
895,1277.0411
895,1173.0789
895,1154.234
895,1154.234
895,1142.0493
895,1129.9926
895,1277.0411
895,1277.0411
895,1154.234
895,1154.234
895,1142.0493
895,1223.9576
895,1398.7509
895,1236.8992
895,980.8885
895,966.3689
895,1182.7919
472,750.6803
473,668.6383
473,682.99084
473,662.91187
473,662.91187
473,662.91187
473,655.9093
473,848.9603
473,779.396
473,787.7153
473,848.9603
473,776.05225
473,779.396
473,767.8563
473,787.7153
473,784.3355
473,787.7153
473,767.8563
473,767.8563
473,779.396
473,776.05225
473,779.396
473,771.16486
473,771.16486
473,784.3355
473,848.9603
473,784.3355
473,779.396
473,767.8563
473,776.05225
895,970.00366
896,1243.9398
896,1243.9398
896,1243.9398
896,1385.8958
896,1385.8958
896,1009.5862
896,922.6259
896,1050.6765
897,1315.244
897,1172.3307
897,1172.3307
897,1197.479
897,1197.479
897,1172.3307
898,1260.5737
898,1206.6237
898,1093.7622
898,1455.0305
898,1378.0522
898,1269.8126
898,1223.9576
898,1017.1865
898,1156.8602
898,1156.8602
898,1156.8602
898,1205.8436
898,1205.8436
898,1205.8436
898,953.7115
898,953.7115
898,963.88904
898,963.88904
898,943.6417
898,963.88904
898,943.6417
898,1038.2491
898,1143.8003
898,1131.7256
898,953.7115
898,963.88904
898,953.7115
898,1162.475
898,1162.475
898,1267.1244
898,1253.7489
898,1253.7489
898,1253.7489
898,1253.7489
898,924.49695
898,924.49695
898,938.38763
898,948.40137
898,938.38763
898,938.38763
898,938.38763
898,938.38763
898,948.40137
898,1038.2491
899,1172.9686
899,1160.5863
899,1172.9686
899,1185.4829
899,1160.5863
899,1185.4829
899,1185.4829
899,1160.5863
899,1167.938
899,1185.4829
899,1172.9686
899,1160.5863
899,1185.4829
899,1160.5863
899,1160.5863
899,1172.9686
899,1185.4829
899,1172.9686
899,1172.9686
899,1185.4829
899,1185.4829
899,1160.5863
899,1172.9686
899,1167.938
899,1160.5863
899,1143.4094
899,1185.4829
899,1091.5583
900,970.5316
900,1201.3358
900,1319.9308
900,1103.909
900,1235.3112
900,1061.3096
900,1061.3096
900,1061.3096
900,1077.2542
900,1077.2542
900,1077.2542
900,1065.8813
900,1077.2542
900,1077.2542
900,995.08386
900,995.08386
900,1005.70245
900,1077.2542
900,995.08386
900,984.57776
900,995.08386
900,995.08386
900,995.08386
900,995.08386
900,995.08386
900,995.08386
900,1065.8813
900,1065.8813
900,1077.2542
900,1077.2542
900,1077.2542
900,1065.8813
900,1077.2542
900,1077.2542
900,1077.2542
900,1077.2542
900,1077.2542
900,1077.2542
900,1077.2542
900,1065.8813
900,1077.2542
900,1077.2542
900,1077.2542
900,1065.8813
900,1077.2542
900,1077.2542
900,1077.2542
900,1077.2542
900,1077.2542
900,1077.2542
900,1065.8813
900,1077.2542
900,1077.2542
900,1077.2542
900,1077.2542
900,1077.2542
900,1077.2542
900,1077.2542
900,1065.8813
900,1077.2542
900,871.0904
900,1077.2542
901,1477.8271
901,1152.6437
901,1285.961
901,1285.961
901,1285.961
901,1285.961
901,1285.961
901,1285.961
901,1285.961
901,1285.961
901,1285.961
901,1052.9059
901,1068.7239
901,1057.441
902,1218.5939
902,1218.5939
902,1218.5939
902,1340.6122
902,1236.8992
902,1236.8992
903,1040.3544
903,1174.587
903,1197.479
903,1305.2769
903,1305.2769
903,1040.2561
903,1175.6373
903,1266.4534
903,1051.3562
904,1223.7269
904,1473.5326
904,1257.0925
904,1283.2386
904,1120.493
904,1096.9596
904,1085.3789
904,1120.493
904,1096.9596
904,1096.9596
904,1096.9596
904,1208.4735
904,1208.4735
904,1221.3663
904,1195.7167
904,1221.3663
904,1208.4735
904,1208.4735
904,1221.3663
904,1183.0945
904,1208.4735
904,1195.7167
904,1208.4735
904,1183.0945
904,1195.7167
905,1142.6708
905,1424.6002
905,1424.6002
905,1176.8572
905,1202.1025
905,1230.6932
905,1257.0925
905,1230.6932
905,1230.6932
905,1230.6932
905,1230.6932
905,1243.8229
905,1030.1248
905,1223.9576
905,1391.9952
905,1319.0776
905,1362.4973
905,1205.8436
905,1205.8436
905,1067.2517
905,1063.4615
905,1122.0481
905,1097.0632
906,1378.9429
906,1103.2048
906,1103.2048
906,1278.6827
906,1363.6349
906,1363.6349
906,1113.0498
906,1055.3018
906,1055.3018
906,1044.1605
906,1055.3018
906,1013.47864
906,1024.2933
906,1013.47864
906,1024.2933
906,1013.47864
906,1024.2933
906,1039.6818
906,1028.7053
906,1028.7053
906,1039.6818
906,1028.7053
906,1028.7053
906,1028.7053
906,1028.7053
906,1039.6818
906,1028.7053
906,1039.6818
906,1039.6818
906,1039.6818
906,1055.3018
906,1055.3018
906,1055.3018
906,1055.3018
906,1055.3018
906,1044.1605
906,1055.3018
906,1044.1605
906,1055.3018
906,1055.3018
906,1055.3018
906,1044.1605
906,1055.3018
906,1055.3018
906,1044.1605
906,1055.3018
906,1044.1605
906,1055.3018
906,1044.1605
907,1253.8674
907,1128.3203
907,1303.3561
907,1182.3296
907,1194.9437
907,1182.3296
907,1182.3296
907,1007.83606
907,997.1955
907,1007.83606
907,997.1955
907,997.1955
907,1007.83606
907,1007.83606
907,1007.83606
907,1007.83606
907,997.1955
907,997.1955
907,997.1955
907,986.6671
907,997.1955
907,986.6671
907,986.6671
907,1022.978
907,1012.17773
473,796.12286
473,779.396
473,759.7469
473,776.05225
473,784.3355
473,776.05225
473,779.396
473,881.99365
473,824.54236
473,759.7469
473,839.9954
473,776.05225
473,779.396
473,779.396
473,776.05225
473,767.8563
473,771.16486
473,759.7469
473,787.7153
473,779.396
473,767.8563
473,767.8563
473,759.7469
474,1060.6326
474,770.0956
474,679.18646
475,770.594
475,898.61395
475,741.3185
475,741.3185
907,1012.17773
907,1022.978
907,1022.978
907,1022.978
907,1022.978
907,1012.17773
907,1022.978
907,1022.978
907,1022.978
907,1012.17773
907,1022.978
907,1012.17773
907,1022.978
907,1001.49084
907,1022.978
907,1012.17773
907,1001.49084
907,1022.978
907,1001.49084
907,1012.17773
907,990.9172
907,1001.49084
907,1270.3945
907,1032.3717
907,1174.2384
907,1007.83606
908,1160.5863
908,1340.6122
909,1279.5092
909,1237.6986
909,1349.1147
909,1046.1788
909,1166.439
909,1398.7509
909,1120.493
910,1430.6002
910,1430.6002
910,1430.6002
910,1284.0686
910,1293.0376
910,1193.7639
910,1454.2274
910,1438.8785
910,1270.5139
910,1445.9968
910,1287.6141
911,1112.1146
911,1112.1146
911,1117.9493
911,1113.0498
911,1255.4786
911,1006.99506
911,1107.3447
911,1123.9803
911,1112.1146
911,1107.3447
911,1095.6545
911,1107.3447
911,1095.6545
911,1107.3447
911,1112.1146
911,1095.6545
911,1123.9803
911,1123.9803
911,1112.1146
911,1123.9803
911,1123.9803
911,1123.9803
911,1112.1146
911,1123.9803
911,1123.9803
911,1112.1146
911,1112.1146
911,1123.9803
911,1123.9803
911,1123.9803
911,1123.9803
911,1112.1146
911,1123.9803
911,1112.1146
911,1123.9803
911,1123.9803
911,1123.9803
911,1123.9803
911,1112.1146
911,1123.9803
911,1123.9803
911,1123.9803
911,1123.9803
911,1112.1146
911,1112.1146
911,1123.9803
911,1123.9803
911,1112.1146
911,1123.9803
911,1112.1146
911,1123.9803
911,1123.9803
911,1112.1146
911,1112.1146
911,1112.1146
911,1123.9803
911,1112.1146
911,1112.1146
911,1123.9803
911,1123.9803
911,1112.1146
911,1112.1146
911,1112.1146
911,1112.1146
911,1112.1146
911,1123.9803
911,1112.1146
911,1099.0804
911,1031.1431
912,1281.1539
912,1224.7488
912,1224.7488
912,1399.6549
912,1144.1393
912,1269.6932
912,1256.2908
912,1256.2908
912,1269.6932
912,1256.2908
912,1283.2386
912,1269.6932
912,1283.2386
912,1283.2386
912,1269.6932
912,1256.2908
912,1256.2908
912,1283.2386
912,1269.6932
912,936.08093
912,1536.2933
912,1283.2386
912,1256.2908
912,1223.9576
912,1223.9576
912,1223.9576
912,1223.9576
912,1223.9576
912,1223.9576
912,1391.9952
912,1174.2384
912,1174.2384
912,1207.3938
912,1357.799
912,997.84064
913,1227.1058
913,1173.0789
913,1223.9576
913,1236.8992
913,1233.7252
913,1002.58136
913,1155.7179
914,1190.701
914,1319.9308
914,1258.956
914,1258.956
914,1258.956
914,1272.387
914,1348.2427
914,1317.3848
914,1285.961
914,1285.961
914,1285.961
914,1285.961
914,1285.961
914,1285.961
914,1285.961
914,1285.961
914,1285.961
914,1285.961
914,1285.961
914,1285.961
914,1285.961
914,1285.961
914,1285.961
914,1285.961
914,1285.961
914,1285.961
914,1285.961
914,1160.4767
914,884.26306
914,1194.2938
915,991.45654
915,1369.3784
915,1443.5122
915,1245.539
915,1037.7885
915,1265.8733
915,1210.1409
915,1314.3945
916,1028.6086
916,1202.1025
916,1277.0411
916,1424.6002
916,1210.1409
916,1096.2509
917,1306.1212
917,1233.3043
917,1232.3912
917,1245.539
917,1245.539
917,1166.439
917,1115.0803
917,1115.0803
917,1269.8126
917,1269.8126
917,1363.6349
917,1334.1371
917,1334.1371
917,1334.1371
917,1454.2274
917,1398.7509
917,1398.7509
917,1264.2487
917,1264.2487
917,1264.2487
917,1264.2487
917,1073.9117
917,1208.9459
917,1364.3881
917,1330.1348
917,980.98865
918,1014.6863
918,1369.3784
918,1180.5198
918,1414.7194
918,1277.0411
918,1496.6182
918,1512.5833
918,1398.7509
918,1378.0522
918,1216.0139
918,1205.8436
918,1205.8436
918,1205.8436
918,1205.8436
918,1205.8436
918,1205.8436
918,1205.8436
918,1205.8436
918,1205.8436
918,1205.8436
918,1205.8436
918,1205.8436
918,1205.8436
918,1205.8436
918,1205.8436
918,1205.8436
918,1205.8436
918,1205.8436
918,1205.8436
918,1205.8436
918,1205.8436
918,1205.8436
918,1205.8436
918,1205.8436
918,1205.8436
918,1205.8436
918,1205.8436
918,1205.8436
918,1205.8436
918,1022.88184
918,1096.2509
919,1278.6827
919,990.816
919,976.1496
919,1437.8134
919,983.94165
919,1072.5328
919,1015.3423
919,974.8044
919,985.2063
919,974.8044
919,985.2063
919,974.8044
919,985.2063
919,985.2063
919,1188.1802
919,1175.6373
919,1175.6373
919,1188.1802
919,1175.6373
919,1281.4707
919,1295.1416
919,1295.1416
919,1281.4707
919,1281.4707
919,1138.1681
920,1455.1674
920,1271.445
920,1319.0776
920,1039.5841
920,1303.3561
920,1331.3127
920,1303.3561
475,741.3185
475,862.907
475,862.907
475,880.86096
475,880.86096
475,880.86096
475,880.86096
475,880.86096
475,880.86096
475,880.86096
475,880.86096
475,880.86096
475,880.86096
475,880.86096
475,880.86096
475,880.86096
475,880.86096
475,1008.7375
475,774.9825
475,774.9825
476,1024.6512
476,789.81665
476,818.368
476,818.368
476,1032.5743
476,1032.5743
476,846.492
477,808.08716
477,808.08716
477,808.08716
920,1331.3127
920,1084.6777
921,1407.622
921,1286.7922
921,1320.7732
921,1293.0376
921,1186.2493
921,1173.8372
921,1168.6935
921,1181.2733
921,1198.9056
921,1198.9056
921,1197.479
921,1229.1132
921,1181.2733
921,1211.6965
921,1168.6935
921,1168.6935
921,1211.6965
921,1186.2493
921,1211.6965
921,1193.7639
921,1211.6965
921,1211.6965
921,1211.6965
921,1181.2733
921,1186.2493
921,1198.9056
921,1198.9056
921,1211.6965
921,1211.6965
921,1211.6965
921,1535.3004
921,1334.1371
921,1290.5435
921,1285.961
921,1285.961
921,1285.961
921,1285.961
921,1038.9204
921,1050.0062
921,1072.5328
921,1249.1796
921,999.7609
921,949.01495
921,1235.3112
921,1222.2712
921,934.96674
921,999.7609
921,999.7609
922,939.69025
923,1101.1953
923,1150.3114
923,1039.6818
923,1133.2871
923,1029.2653
923,1410.4747
923,1089.5701
923,1017.0909
923,1017.0909
923,1017.0909
923,1017.0909
923,1017.0909
923,1017.0909
923,1017.0909
923,1017.0909
923,1027.9436
923,1017.0909
923,1017.0909
923,1017.0909
923,1017.0909
923,1017.0909
923,1027.9436
923,1258.7188
923,1226.7423
924,1233.3043
924,1179.7566
924,1305.2769
924,1291.499
924,1154.9801
924,1179.7566
924,1305.2769
924,1167.3027
924,1305.2769
924,1142.7875
924,1179.7566
924,1167.3027
924,1154.9801
924,1179.7566
924,1179.7566
924,1179.7566
924,1291.499
924,1179.7566
924,1454.2274
924,1319.0776
924,1319.0776
924,940.10565
924,1288.7655
924,1275.1613
924,1275.1613
924,1302.5142
924,1288.7655
924,1261.701
924,1275.1613
924,1275.1613
924,1288.7655
925,1219.3821
925,1256.2908
925,1263.4417
925,1263.4417
925,1462.0919
925,1232.5071
925,1232.5071
925,1232.5071
926,1223.9576
926,1339.883
926,1223.9576
926,1215.7134
926,1215.7134
926,1271.3254
926,1198.2537
926,1198.2537
926,1223.9576
926,1230.577
926,1175.3462
926,1223.9576
926,1223.9576
926,1211.0375
926,1223.9576
926,1202.8802
926,1479.8657
926,990.816
926,936.48895
926,1345.1825
926,1133.1799
926,1121.2173
926,1121.2173
926,1121.2173
926,1121.2173
926,1109.3809
926,1235.1951
926,1235.1951
926,1235.1951
926,1235.1951
926,1235.1951
927,1073.2262
927,1453.9534
927,1422.5032
927,1099.0709
927,1057.441
928,1355.9174
928,1281.5918
928,1281.5918
928,1101.0765
928,1101.0765
928,1084.7798
928,1101.0765
928,1178.1317
928,1101.0765
928,1101.0765
928,1089.4525
928,1101.0765
928,1101.0765
928,1101.0765
928,1089.4525
928,1089.4525
928,1101.0765
928,1101.0765
928,1101.0765
928,1101.0765
928,1101.0765
928,1089.4525
928,1101.0765
928,1101.0765
928,1101.0765
928,1089.4525
928,1101.0765
928,1101.0765
928,1101.0765
928,1089.4525
928,1101.0765
928,1101.0765
928,1101.0765
928,1101.0765
928,1089.4525
928,1101.0765
928,1089.4525
928,1101.0765
929,1119.3866
929,1238.2557
929,1192.2312
929,1192.2312
929,1192.2312
929,1192.2312
929,1192.2312
929,1338.8911
929,1210.1409
929,1314.3945
929,1314.3945
929,1314.3945
929,1314.3945
929,1314.3945
929,1314.3945
929,1140.3679
929,1062.5742
930,966.99414
930,1342.5986
930,1009.5862
930,1146.7426
930,1222.9364
930,1235.6779
930,1208.4735
930,1208.4735
930,1042.8197
930,1119.8835
931,1306.1212
931,1462.2292
931,1265.0658
931,1378.9429
931,1159.7269
931,1337.1914
931,1245.539
931,1245.539
931,1245.539
931,1245.539
931,1365.3878
931,1378.0522
931,1296.8065
931,1145.2701
931,1248.3727
931,1181.2733
931,1307.6771
931,1022.978
932,1246.344
932,1246.344
932,1399.6549
932,1251.0212
932,1067.2517
932,1046.9451
932,1035.892
932,1062.6741
932,1051.4551
932,1051.4551
932,1051.4551
932,1062.6741
932,1051.4551
932,1051.4551
932,1078.6392
932,1078.6392
932,1067.2517
932,1067.2517
933,1268.0631
933,1281.5918
933,1262.6256
933,1249.2976
933,1355.0519
933,1197.3665
933,1184.7268
933,1310.7754
933,1210.1409
933,1310.7754
933,1197.3665
933,1338.8911
933,1301.2283
933,1391.9952
933,1319.0776
933,1275.2817
933,1396.0723
933,1261.0046
934,1422.7714
934,1146.7426
935,1037.1263
935,1070.5796
935,1297.7673
935,1311.6119
935,1311.6119
935,1311.6119
935,1311.6119
935,1311.6119
935,1311.6119
935,1311.6119
935,1297.7673
935,1364.3881
935,1311.6119
935,1311.6119
935,1297.7673
935,1311.6119
935,1278.6827
935,1268.7532
935,1000.00867
936,1252.6288
936,1305.2769
936,1400.5481
936,1234.0914
936,1234.0914
936,1234.0914
936,1315.1205
936,1107.3447
936,1045.6013
936,1126.7656
477,808.08716
477,808.08716
477,808.08716
477,808.08716
477,808.08716
477,808.08716
477,808.08716
477,808.08716
477,955.3618
477,986.28143
477,817.76886
477,835.3178
477,965.55695
477,1018.1925
477,975.8603
477,945.27466
477,955.3618
477,835.3178
477,788.72833
477,844.2328
477,826.4968
477,986.28143
477,826.4968
477,1018.1925
477,780.3984
477,800.5813
477,996.8057
477,800.5813
477,965.55695
477,826.4968
936,1030.1248
936,1030.1248
936,1019.2491
936,1019.2491
936,1019.2491
936,1030.1248
936,1030.1248
936,1030.1248
936,1019.2491
936,1030.1248
936,1019.2491
936,1030.1248
936,1019.2491
936,1019.2491
936,1045.6013
936,1045.6013
936,1034.5619
936,1045.6013
936,1034.5619
936,1045.6013
936,1045.6013
936,1045.6013
936,1045.6013
936,1045.6013
936,1045.6013
936,1045.6013
936,1045.6013
936,1034.5619
936,1034.5619
936,1045.6013
936,1034.5619
936,1045.6013
936,1034.5619
936,1034.5619
936,1034.5619
936,1045.6013
936,1045.6013
936,1034.5619
936,1045.6013
936,1034.5619
936,1045.6013
936,1045.6013
936,1122.8699
936,973.5531
936,1030.1248
937,898.1306
938,1236.4766
938,1372.2834
938,1301.2283
938,1461.2842
938,1196.602
938,1052.8069
938,1237.6986
938,1262.3876
938,1032.4689
938,1217.587
939,1251.8298
939,1251.8298
939,1399.6549
939,1048.2911
939,1273.0793
939,1185.604
939,1251.0212
939,1251.0212
939,1251.0212
939,1251.0212
939,1236.8992
939,1236.8992
939,1246.4618
940,1378.0522
940,1200.2035
940,1200.2035
940,1319.0776
940,1205.8436
940,1307.42
940,1184.8381
941,1391.8644
941,1012.72864
941,1373.1593
941,1006.99506
941,985.84375
941,1233.6093
941,1233.6093
941,1233.6093
941,1233.6093
941,934.2743
941,934.2743
941,1238.4893
941,1037.6903
942,1407.7543
942,1437.8134
942,1407.7543
942,1305.2769
942,1153.271
942,1005.70245
942,1014.5904
942,1131.832
942,1131.832
942,1131.832
942,1131.832
942,1119.8835
942,1136.7067
942,1119.8835
942,1119.8835
942,1148.8345
942,1148.8345
942,1119.8835
942,1131.832
942,1131.832
942,1131.832
942,1131.832
942,1119.8835
942,1119.8835
942,1131.832
942,1148.8345
942,1119.8835
942,1136.7067
942,1148.8345
942,1346.3853
942,1332.1738
942,1045.5024
942,1045.5024
942,1023.54315
942,1148.8345
942,1148.8345
942,1148.8345
942,1148.8345
942,1148.8345
942,1148.8345
942,1148.8345
942,1148.8345
942,1136.7067
942,1148.8345
942,1148.8345
942,1148.8345
942,1136.7067
942,1148.8345
942,1148.8345
942,1148.8345
942,1148.8345
942,1148.8345
942,1148.8345
942,1148.8345
942,1148.8345
942,1148.8345
942,1148.8345
942,1148.8345
942,1148.8345
942,1148.8345
942,1148.8345
942,1136.7067
942,1148.8345
942,1148.8345
942,1136.7067
942,1148.8345
942,1148.8345
942,1148.8345
942,1148.8345
942,1148.8345
942,1148.8345
942,1148.8345
942,1136.7067
942,1148.8345
942,1148.8345
942,1148.8345
942,1148.8345
942,1148.8345
942,1007.83606
943,1281.1539
943,1192.2312
943,1307.6771
943,1238.4893
943,1238.4893
943,1238.4893
943,1212.4797
943,1238.4893
943,1220.1604
943,1225.4152
943,1220.1604
943,1238.4893
943,1212.4797
943,1212.4797
943,1314.3945
943,1314.3945
943,1314.3945
943,1314.3945
943,1314.3945
943,1314.3945
943,1371.3965
943,1371.3965
943,1371.3965
943,1402.4916
943,991.45654
944,1300.3976
944,1372.2834
944,1511.6178
944,1297.8893
944,1162.8195
944,1432.7084
944,1000.7497
945,1338.4337
945,1335.0
945,1254.239
945,1139.7477
945,1313.298
945,1299.4355
945,1122.0481
945,1139.7384
945,1445.9968
945,1306.9547
945,1306.9547
945,1306.9547
945,1363.6349
945,1171.0624
945,1079.438
945,1079.438
945,1079.438
945,1079.438
945,1079.438
945,1079.438
945,1050.6765
945,1028.6086
945,1050.6765
945,959.7621
945,1084.6777
945,1182.3296
945,1176.0969
945,1176.0969
945,1176.0969
945,1176.0969
945,1176.0969
945,1039.5841
945,1039.5841
945,1216.9149
945,1216.9149
945,976.1496
945,965.8432
945,945.55536
945,980.35486
945,1084.6777
945,1084.6777
945,1084.6777
945,1084.6777
945,1096.2509
945,1084.6777
945,1061.8959
945,1084.6777
945,1084.6777
945,1084.6777
945,1182.3296
945,1182.3296
945,1194.9437
945,1194.9437
945,1194.9437
945,1182.3296
945,1194.9437
945,1182.3296
945,1182.3296
945,1194.9437
945,1182.3296
945,1194.9437
945,1182.3296
945,1225.531
945,1083.7085
945,1063.4615
945,1074.8086
945,1063.4615
945,1063.4615
945,1194.9437
945,1209.2546
945,1351.722
945,1341.4869
945,1755.8441
945,1327.1942
945,1235.3112
945,1253.8674
945,1230.809
945,1219.3821
945,1084.6777
945,1182.3296
946,1393.7845
946,1232.5071
946,1232.5071
946,1232.5071
946,1232.5071
946,1232.5071
946,1232.5071
946,1232.5071
946,1232.5071
946,1232.5071
946,1232.5071
947,880.9564
947,1229.4781
947,1244.8616
947,1258.1422
947,1258.1422
947,1244.8616
947,1207.3938
947,1416.5371
947,1223.9576
477,844.2328
477,986.28143
477,1018.1925
477,1018.1925
477,975.8603
477,1018.1925
477,826.4968
477,826.4968
477,955.3618
477,1018.1925
477,1018.1925
477,835.3178
477,835.3178
477,835.3178
477,965.55695
477,826.4968
477,844.2328
477,1018.1925
477,965.55695
478,936.6727
478,936.6727
478,1021.0127
478,1021.0127
478,1021.0127
478,998.92096
478,1021.0127
478,1112.9382
478,1112.9382
478,944.42993
478,1005.8998
947,1378.0522
947,1047.4165
947,1317.2604
947,1303.3561
947,1303.3561
947,1303.3561
947,1303.3561
947,1289.5985
948,1455.1674
948,1461.2842
948,1348.2427
948,1348.2427
948,1170.5952
948,1158.2379
948,1133.913
948,1133.913
948,1262.507
948,1249.1796
948,1249.1796
948,1249.1796
948,1258.0239
949,794.2402
949,794.2402
949,1269.6932
949,1342.5986
949,1597.071
949,1189.1724
949,1189.1724
949,1189.1724
949,1189.1724
949,1174.587
949,1280.3258
949,1422.7714
949,1103.909
949,1175.7479
949,1283.2386
949,1062.6741
949,1207.036
949,1314.3945
949,1314.3945
949,1340.4861
949,1070.8909
949,1068.1578
950,1269.8126
950,1282.5408
950,1296.223
950,1256.4088
950,1290.5435
950,1100.484
950,1302.5142
951,1178.0204
951,1237.6986
951,1373.0302
951,1378.0522
951,1378.0522
951,1073.9117
951,1242.2261
951,1242.2261
951,1122.7643
951,1242.2261
951,1242.2261
951,1372.0249
952,1470.5516
952,1218.5939
952,1218.5939
952,1218.5939
952,1218.5939
952,1259.7595
952,1259.7595
952,1123.4906
952,1346.5125
952,1184.3124
952,1369.3784
952,1193.1146
952,1193.1146
952,1036.4558
953,1120.8252
953,1177.6084
953,1177.6084
953,1249.9774
953,1235.6779
953,1269.8126
953,1235.1951
953,1248.3727
953,1334.6122
953,1125.319
953,1195.7167
954,1273.9022
954,1201.3358
954,1378.9429
954,1378.9429
954,1470.5516
954,1329.9983
954,1180.5198
954,1334.1371
954,1334.1371
954,1180.5198
954,1193.1146
954,1180.5198
954,1334.1371
954,1320.0548
954,1193.1146
954,1205.8436
954,1334.1371
954,1205.8436
954,1306.1212
954,1334.1371
954,1205.8436
954,1193.1146
954,1320.0548
954,1205.8436
954,1334.1371
954,1299.5577
954,1338.8911
954,1364.3881
954,1455.0305
955,1251.0212
955,1251.0212
955,1251.0212
955,1251.0212
955,1384.1172
955,1251.0212
955,1251.0212
955,1251.0212
955,1384.1172
955,1033.7963
955,1018.4943
955,1437.8134
956,1284.7675
956,1117.0165
956,1193.5394
956,981.52264
956,1217.0293
956,1277.0411
956,1277.0411
956,1263.561
956,1277.0411
956,1223.8425
956,1125.4248
956,1108.7684
956,1173.0789
956,1263.561
956,1277.0411
956,1097.0632
956,1108.7684
956,1154.234
956,1277.0411
956,1277.0411
956,1277.0411
956,977.3128
956,1193.0024
956,1236.8992
956,1088.3762
956,1173.0789
956,1173.0789
956,1113.544
956,1113.544
956,1125.4248
956,1125.4248
956,1125.4248
956,1113.544
956,1125.4248
956,1125.4248
956,1113.544
956,1125.4248
956,1125.4248
956,1113.544
956,1125.4248
956,1113.544
956,1113.544
956,1142.0493
956,1142.0493
956,1154.234
956,1142.0493
956,1154.234
956,1154.234
956,1154.234
956,1142.0493
956,1154.234
956,1154.234
956,1154.234
956,1142.0493
956,1118.0635
956,1154.234
956,1129.9926
956,991.99615
956,1284.7675
956,1610.8641
956,1610.8641
956,1610.8641
956,1610.8641
956,1610.8641
957,1433.6351
957,1342.5986
957,1144.1393
957,1078.756
957,1573.4397
957,1477.9661
957,1343.4562
957,1343.4562
957,1371.3965
957,1371.3965
957,1371.3965
957,1371.3965
957,1471.641
957,1058.8005
957,1058.8005
957,1074.7075
957,1074.7075
957,1074.7075
957,1063.3611
957,1090.8527
957,1090.8527
957,1102.4916
957,1090.8527
957,1090.8527
957,1102.4916
957,1090.8527
957,1102.4916
957,1090.8527
957,1079.3364
957,1090.8527
957,1090.8527
957,1090.8527
957,1288.8867
958,1372.2834
958,1462.0919
958,1462.0919
958,1312.4597
958,1340.6122
958,1340.6122
958,1326.4615
958,1340.6122
958,1236.8992
958,1354.0493
958,1339.7565
958,1340.6122
958,1340.6122
958,1326.4615
958,1340.6122
958,1193.0024
958,1326.4615
958,1340.6122
958,1340.6122
958,1312.4597
958,1236.8992
958,1354.0493
958,1340.6122
958,1340.6122
958,1069.205
958,1057.9171
958,1314.3945
958,1401.7175
959,1349.1147
959,1042.9327
959,1278.6827
959,1192.7678
959,1287.6141
959,1287.6141
959,936.08093
959,1197.479
959,1197.479
959,1184.8381
959,1197.479
959,1184.8381
959,1130.7144
959,1130.7144
959,1130.7144
960,1378.0522
960,1284.0686
960,1273.0793
960,1365.3878
960,1264.2487
960,1185.371
960,963.89685
960,1077.2542
961,1301.2283
961,1461.2842
961,1262.9999
961,1262.9999
961,1262.9999
961,1317.3848
961,1155.6086
961,1167.938
961,1167.938
961,1172.9686
961,1172.9686
961,1185.4829
961,1172.9686
961,1185.4829
961,1172.9686
961,1172.9686
961,1185.4829
961,1185.4829
961,1185.4829
961,1172.9686
961,1172.9686
961,1172.9686
961,1185.4829
961,1185.4829
478,1005.8998
478,1005.8998
478,1005.8998
478,1072.7438
478,1096.466
478,1072.7438
478,1072.7438
478,1072.7438
478,1072.7438
478,1195.1787
478,1169.3223
478,876.43994
478,841.2339
478,802.7173
478,853.8753
478,1156.9784
479,774.4817
479,774.4817
479,1024.6512
480,923.9936
480,904.8931
480,891.4973
480,788.80255
480,788.80255
480,779.89404
480,779.89404
480,800.65656
480,800.65656
480,914.2373
480,638.07446
961,1172.9686
961,1172.9686
961,1172.9686
961,1172.9686
961,1172.9686
961,1185.4829
961,1172.9686
961,1185.4829
961,1172.9686
961,1317.3848
962,1417.4532
962,1301.2283
962,1087.5703
962,1075.4022
963,1477.8271
963,1329.15
963,1470.5516
963,1287.4924
963,1005.2638
963,1299.5577
963,1299.5577
963,1299.5577
963,1299.5577
963,1027.481
963,946.07007
963,1228.3192
964,1058.601
964,1081.3123
964,1393.6534
964,1408.5203
964,1251.0212
964,1070.5796
964,1069.205
964,1069.205
964,1054.7338
964,1027.9436
964,1027.9436
964,1253.8674
965,1300.3976
965,1252.511
965,1005.2638
965,1042.2584
965,1055.4161
965,1282.5408
965,1296.223
965,1052.9059
965,1041.7899
965,1052.9059
965,1052.9059
965,1057.441
965,1068.7239
965,1057.441
965,1046.2772
965,1057.441
965,1068.7239
965,1057.441
965,1057.441
965,1068.7239
965,1068.7239
965,1068.7239
965,1057.441
965,1057.441
965,1057.441
965,1057.441
965,1068.7239
965,1057.441
965,1068.7239
965,1134.8599
965,1193.6516
965,1057.441
966,1279.5092
966,1133.1799
966,1068.6234
966,1068.6234
967,1470.5516
967,1470.5516
967,1470.5516
967,1162.1876
967,1149.9185
967,1137.7792
967,1337.5692
967,1278.6827
967,1278.6827
967,1226.7423
967,1226.7423
967,1319.8066
967,1424.6002
967,1424.6002
967,1131.832
967,1417.5865
968,1327.4437
968,1201.3358
968,1333.8862
968,1228.3192
968,1232.5071
968,1073.9117
968,1202.1025
968,1202.1025
968,1062.5742
968,1062.5742
968,1243.8229
968,1243.8229
968,1257.0925
968,1243.8229
968,1243.8229
968,1243.8229
968,1062.5742
969,1281.9717
969,1198.0181
969,1204.3127
969,1120.493
969,966.4681
969,997.7382
969,1108.6636
969,1108.6636
969,1108.6636
969,1108.6636
969,1120.493
969,1120.493
969,1085.3789
969,1096.9596
969,1096.9596
969,1208.4735
969,1208.4735
969,1208.4735
969,1208.4735
969,1208.4735
969,1221.3663
969,1221.3663
969,1208.4735
969,1208.4735
969,1221.3663
969,1221.3663
969,1221.3663
969,1195.7167
969,1221.3663
969,1221.3663
969,1208.4735
969,1221.3663
969,1221.3663
969,1183.0945
969,1195.7167
969,1291.499
969,962.65125
969,962.65125
969,962.65125
969,1126.8716
969,1126.8716
969,1126.8716
969,962.65125
969,912.8841
969,1164.3243
970,1253.439
970,1048.2911
970,1269.8126
970,1151.7903
970,1425.3868
970,1158.9872
970,1346.3853
970,1346.3853
970,1360.7482
970,1360.7482
970,1360.7482
970,1276.8004
970,1276.8004
971,1417.4532
971,1468.3759
971,1210.9231
971,1494.6976
971,1151.7903
971,1371.2676
971,1477.9661
971,1254.239
971,1147.7001
971,1264.2487
971,978.3709
971,1343.4562
971,1343.4562
971,1189.0605
971,1189.0605
972,1329.15
972,1357.6603
972,1156.8602
972,1156.8602
972,1161.8427
972,1174.2384
972,1156.8602
972,1156.8602
972,1156.8602
972,1156.8602
972,1156.8602
972,1174.2384
972,1174.2384
972,1095.9799
972,1174.2384
972,1174.2384
972,1174.2384
972,1174.2384
972,1174.2384
972,1161.8427
972,1174.2384
972,1174.2384
972,1174.2384
972,1174.2384
972,1174.2384
972,1174.2384
972,1174.2384
972,1161.8427
972,1174.2384
972,1174.2384
972,1174.2384
972,1174.2384
972,1174.2384
972,1174.2384
972,1174.2384
972,1174.2384
972,1174.2384
972,1174.2384
972,1174.2384
972,1174.2384
972,1174.2384
972,1161.8427
972,1012.63293
972,1066.7863
972,1154.6445
972,1174.2384
972,1174.2384
973,1454.2274
973,1438.8785
973,1280.3258
973,1393.7845
973,1393.7845
973,1047.4165
973,1191.2365
974,1113.0498
974,1265.0658
974,1003.23
974,1218.5939
974,1287.6141
974,1206.5096
974,1164.9414
974,1283.6196
974,1259.7595
974,1259.7595
974,1259.7595
974,1259.7595
974,1259.7595
974,1259.7595
974,1259.7595
974,1259.7595
974,1259.7595
974,1259.7595
974,1259.7595
974,1259.7595
974,1259.7595
974,1259.7595
974,1079.235
975,1473.5326
975,1149.9185
975,1272.0276
975,1197.479
975,1197.479
975,1170.5952
975,1275.9757
975,1283.2386
975,1269.6932
975,1283.2386
975,1269.6932
975,1283.2386
975,1283.2386
975,1283.2386
975,1269.6932
975,1269.6932
975,1283.2386
975,1283.2386
975,1283.2386
975,1283.2386
975,1269.6932
975,1269.6932
975,1177.2594
975,1105.2244
975,1321.5026
975,1242.2261
976,1302.0692
976,1302.0692
976,1160.5863
976,1074.8086
976,1446.796
977,966.99414
977,1579.1942
977,1579.1942
977,1337.5692
977,1261.0046
977,1115.0803
977,1115.0803
977,1082.317
977,1086.9788
977,1098.5769
977,1070.8909
977,1272.387
480,644.8872
480,647.66656
480,647.66656
480,644.8872
481,1060.6326
481,818.368
481,1063.7245
481,843.1485
482,758.2089
482,783.32806
482,783.32806
482,783.32806
482,783.32806
482,783.32806
483,802.7173
483,748.49744
483,853.33044
484,902.83844
484,902.83844
484,849.58954
484,846.0246
484,867.8205
484,788.1441
484,916.3179
484,916.3179
485,1021.0127
485,1021.0127
485,1021.0127
485,1021.0127
485,1021.0127
977,1185.604
977,1086.9788
978,1065.9963
978,1077.3708
978,1065.9963
978,1152.1317
978,1308.6348
978,1210.1409
978,1288.8867
978,1288.8867
978,982.14966
978,1343.4562
978,1153.162
978,1610.8641
979,1277.0411
979,1285.961
979,1285.961
979,1285.961
979,1285.961
979,1285.961
979,1272.387
979,1215.4674
979,1215.4674
979,1280.3258
979,1319.0776
979,1319.0776
979,1469.6018
979,1146.7426
979,1287.6141
979,1287.6141
979,1287.6141
979,1094.5726
979,1462.0919
979,1194.2938
980,1349.1147
980,1207.3938
980,1229.7821
980,1232.3912
980,1080.0254
980,1372.0249
980,1224.7488
981,1243.1464
981,1370.253
981,1471.49
981,1341.4786
981,1370.253
981,1355.7892
981,1370.253
981,1370.253
981,1433.4996
981,1270.5139
982,1324.8833
982,1324.8833
982,1324.8833
982,1324.8833
982,1184.8381
982,1324.8833
982,1329.15
982,1232.3912
982,1219.3821
982,1369.3784
982,1237.6986
982,1398.7509
982,1237.6986
982,1250.9036
982,1398.7509
982,1250.9036
982,1219.3821
982,1250.9036
982,1232.3912
982,1264.2487
982,1250.9036
982,1232.3912
982,1250.9036
982,1383.9872
982,1383.9872
982,1232.3912
982,1250.9036
982,1237.6986
982,1245.539
982,1383.9872
982,1250.9036
982,1250.9036
982,1250.9036
982,1398.7509
982,1383.9872
982,1208.9459
982,1250.9036
982,1237.6986
982,1245.539
982,1264.2487
982,1369.3784
982,1383.9872
982,1208.9459
982,1398.7509
982,1264.2487
982,1398.7509
982,1398.7509
982,1232.3912
982,1078.0586
982,1053.3794
982,1053.3794
982,1053.3794
982,1270.5139
982,1277.0411
982,1286.5503
982,1023.54315
983,1423.6909
983,1140.9885
983,1510.6416
983,1213.2535
983,1437.8134
983,1437.8134
983,1437.8134
983,1092.8496
983,1092.8496
983,1092.8496
983,1249.9774
983,1022.88184
983,1003.4191
983,1007.74133
983,1022.88184
983,1022.88184
983,1022.88184
983,1033.7963
983,1022.88184
983,1022.88184
983,904.9838
983,1230.809
983,969.37695
984,1363.6349
984,1363.6349
984,1232.5071
984,1363.6349
984,1363.6349
984,1232.5071
984,1232.5071
984,1363.6349
984,1399.7865
984,1232.5071
984,1349.2416
984,1232.5071
984,1219.4967
984,1193.8864
984,1363.6349
984,1232.5071
984,1232.5071
984,1349.2416
984,1232.5071
984,1363.6349
984,1363.6349
984,1232.5071
984,1027.4957
984,1065.3077
984,1038.4594
984,1076.6743
984,1124.102
984,1422.7714
984,867.8205
984,1259.7595
984,1314.3945
984,1138.1681
984,1150.3114
984,1121.3232
984,1138.1681
984,1150.3114
984,1150.3114
984,1181.1622
984,1181.1622
984,1193.7639
984,1193.7639
984,1198.9056
984,1211.6965
984,1198.9056
984,1211.6965
984,1211.6965
984,1198.9056
984,1211.6965
984,1211.6965
984,1211.6965
984,1198.9056
984,1211.6965
984,1198.9056
984,1211.6965
984,1198.9056
984,1211.6965
984,1198.9056
984,1181.2733
984,1181.2733
984,1181.2733
984,1186.3613
984,1138.1681
984,1150.3114
984,1138.1681
984,1138.1681
984,1138.1681
984,1138.1681
984,1150.3114
984,1150.3114
984,1150.3114
984,1150.3114
984,1150.3114
984,1150.3114
984,1150.3114
984,1138.1681
984,1463.0242
984,1463.0242
984,1463.0242
984,1463.0242
984,1121.3232
984,1114.4807
984,1356.9219
984,944.2523
984,1133.913
984,933.07495
984,1198.0277
984,1230.577
985,1306.7091
985,1316.0835
985,1316.0835
985,1373.1593
985,1197.479
985,1306.8319
985,1320.7732
985,1255.4786
986,1311.1638
986,1363.6349
986,1324.3062
986,1487.1993
987,1371.1387
987,1372.2834
987,1501.9507
987,1470.4133
987,1271.445
987,1328.2909
987,1310.317
987,1401.7175
987,1401.7175
987,1401.7175
987,1095.7733
987,1348.9873
988,1184.7268
988,1184.7268
988,1132.8999
988,1479.8657
988,1464.2465
988,1479.8657
988,1479.8657
988,1448.7911
988,1328.2909
988,1328.2909
988,1328.2909
988,1328.2909
988,1328.2909
988,1139.1256
988,1210.1409
988,1469.6018
988,987.74146
988,1305.2769
988,1305.2769
988,1305.2769
988,1291.499
988,1291.499
988,1454.2274
988,1179.7566
988,1179.7566
988,1179.7566
988,1167.3027
988,1179.7566
988,1167.3027
988,1167.3027
988,1167.3027
988,1179.7566
988,1142.7875
988,1179.7566
988,1179.7566
988,1155.7179
988,1310.8986
989,1487.1993
989,1154.753
989,1296.1012
990,946.07007
990,1286.6713
990,1357.6603
990,1408.5203
990,1146.7426
990,1314.3945
990,1223.9576
990,1223.9576
990,1339.883
990,1346.5125
990,1211.0375
990,1223.9576
990,1223.9576
990,1211.0375
990,1223.9576
990,1223.9576
990,1097.6603
990,1086.0723
990,1097.6603
485,1021.0127
485,1021.0127
485,1021.0127
485,1021.0127
485,1021.0127
485,998.92096
485,1021.0127
485,998.92096
485,998.92096
485,998.92096
485,998.92096
485,998.92096
485,998.92096
485,1112.9382
485,1088.8594
485,1112.9382
485,1112.9382
485,1005.8998
485,1005.8998
485,1096.466
485,1096.466
485,1096.466
485,1096.466
485,1096.466
485,1096.466
485,1096.466
485,1096.466
485,1096.466
485,1072.7438
485,1096.466
990,1215.7134
990,1215.7134
990,1215.7134
990,1271.3254
990,1086.0723
990,1086.0723
990,1086.0723
990,1302.5142
990,1302.5142
990,1302.5142
990,1288.7655
990,1288.7655
990,1288.7655
990,1288.7655
990,1288.7655
990,1302.5142
990,1288.7655
990,1288.7655
990,1302.5142
990,1187.8859
990,1076.0887
990,1092.2551
990,1087.468
990,1211.0375
990,1084.7798
990,1086.0723
990,1086.0723
991,1227.8997
991,1227.8997
991,1503.0634
991,1002.58136
991,896.007
992,1544.039
992,1232.5071
992,1145.2701
992,1019.80383
992,1145.2701
992,1133.1799
992,1133.1799
992,1133.1799
992,1133.1799
992,1133.1799
992,1145.2701
992,1133.1799
992,1235.1951
992,1248.3727
992,1235.1951
992,1248.3727
992,1235.1951
992,1235.1951
992,1235.1951
992,1248.3727
992,1235.1951
992,1222.1558
992,1248.3727
992,1755.8441
992,1755.8441
992,1755.8441
992,1035.125
992,1024.1965
992,1035.125
993,1369.3784
993,1280.3258
993,1280.3258
993,1376.1537
993,1376.1537
993,1361.6283
993,1347.2561
993,1390.834
993,1376.1537
994,1035.7947
994,1357.6603
994,1306.9547
994,1306.9547
994,1044.4701
994,1055.6146
994,1044.4701
994,1055.6146
994,1251.5939
994,1264.9469
994,1307.5536
994,1307.5536
995,981.52264
995,1399.6549
995,1470.5516
995,1435.4772
995,1253.439
995,1407.622
995,1337.5692
995,1284.1893
995,1159.7269
995,1064.8289
995,1064.8289
995,1053.5865
995,1076.1904
995,1076.1904
995,1064.8289
995,1076.1904
995,1080.8257
995,1092.3578
995,1092.3578
995,1092.3578
995,1092.3578
995,1080.8257
995,1080.8257
995,1092.3578
995,1080.8257
995,1250.2227
995,1171.5728
996,1344.1981
996,1084.8972
996,1126.7656
996,1138.7875
996,1016.6477
997,1243.7059
997,1230.577
997,1510.6416
997,1337.5692
997,1365.3878
997,1113.0498
997,1408.5203
997,1324.8833
997,1324.8833
997,1493.4508
997,1493.4508
997,1269.8229
997,1184.8381
998,1212.4797
998,1263.8168
998,1355.9174
998,1317.3848
998,1210.1409
998,1197.3665
998,1338.8911
998,1210.1409
998,1197.3665
998,1324.7587
998,1324.7587
998,1110.1938
998,1290.4215
999,1344.3245
999,1031.9131
999,1373.1593
999,1311.6119
999,1311.6119
999,1311.6119
999,1297.7673
999,1297.7673
999,1311.6119
999,1297.7673
999,1311.6119
999,1311.6119
999,1311.6119
999,1311.6119
999,1311.6119
999,1311.6119
999,1155.6086
999,1276.9204
999,1290.5435
1000,1386.7921
1000,1210.9231
1000,1291.3777
1000,1305.1542
1000,1319.0776
1000,1218.3647
1000,1119.1755
1000,1319.0776
1000,1341.3525
1000,1391.9952
1000,1305.1542
1000,1305.1542
1000,1391.9952
1000,1319.0776
1000,1319.0776
1000,1319.0776
1000,1153.162
1000,1173.0789
1000,1367.1428
1000,1424.6002
1000,1141.7174
1000,1076.6743
1000,1076.6743
1000,1269.2595
1000,946.07007
1001,1260.5737
1001,1490.2013
1001,1393.7845
1001,1287.6141
1001,1287.6141
1001,1287.6141
1001,1287.6141
1001,1287.6141
1001,1356.6661
1001,1610.8641
1001,1204.7244
1002,1376.2831
1002,1288.4464
1002,1573.4397
1002,1153.908
1002,1139.7384
1002,960.8975
1002,1401.7175
1002,1200.2035
1002,1182.4408
1002,1169.9586
1002,1169.9586
1002,1182.4408
1002,1182.4408
1002,1182.4408
1002,1200.2035
1002,1200.2035
1002,1200.2035
1002,1200.2035
1002,1200.2035
1002,1200.2035
1002,1200.2035
1002,1187.5339
1002,1200.2035
1002,1200.2035
1002,1200.2035
1002,1200.2035
1002,1200.2035
1002,1200.2035
1002,1200.2035
1002,1200.2035
1002,1200.2035
1002,1200.2035
1002,1187.5339
1002,1182.4408
1002,1169.9586
1002,1182.4408
1002,1180.2972
1002,1369.5078
1003,1316.9347
1003,1502.0925
1003,1400.5481
1003,1385.7654
1003,1385.7654
1003,1400.5481
1003,1385.7654
1003,1400.5481
1003,1190.701
1003,1190.701
1003,1080.0254
1003,1309.9281
1003,1236.8992
1003,1198.0277
1004,1470.5516
1004,1308.6348
1004,1210.1409
1004,1348.2427
1004,1348.2427
1004,1408.5203
1004,1348.2427
1004,987.74146
1004,1432.7084
1004,1178.6615
1005,1409.4307
1005,1310.7754
1005,1238.4893
1005,1135.4775
1005,1378.0522
1005,1311.488
1006,1250.2227
1006,1195.2985
1006,1569.2427
1006,1153.162
1006,1154.753
1006,1288.8867
1006,1316.0835
1006,1391.8644
1006,1223.7269
1007,1292.2018
1007,1246.344
1007,1429.6755
1007,1429.6755
1007,1273.0793
1007,1292.2018
1007,1429.6755
1007,1273.0793
1007,1429.6755
1007,1292.2018
1007,1292.2018
1007,1278.5619
1007,1273.0793
1007,1429.6755
1007,1408.5203
1007,1292.2018
1007,1292.2018
1007,1292.2018
1007,1235.6779
1007,1246.344
1007,1265.0658
1007,1414.5857
1007,1429.6755
1007,1292.2018
1007,1429.6755
1007,1278.5619
1007,1292.2018
1007,1292.2018
485,1072.7438
485,1072.7438
485,1072.7438
485,1169.3223
485,1056.8658
485,763.0143
485,988.3744
485,668.6383
485,675.77655
485,682.99084
485,975.3294
486,823.5608
486,823.5608
486,897.72644
486,897.72644
486,897.72644
486,897.72644
486,796.12286
486,796.12286
486,784.3355
486,842.0656
486,850.76215
486,841.77826
486,832.2722
486,751.16614
486,767.28754
486,982.0512
487,966.27203
487,966.27203
487,966.27203
1007,1278.5619
1007,1259.6411
1007,1292.2018
1007,1265.0658
1007,1273.0793
1007,1273.0793
1007,1429.6755
1007,1292.2018
1007,1259.6411
1007,1273.0793
1007,1292.2018
1007,1292.2018
1007,1278.5619
1007,1292.2018
1007,1399.6549
1007,1292.2018
1007,1265.0658
1007,1273.0793
1007,1273.0793
1007,1292.2018
1007,1265.0658
1007,1408.5203
1007,1278.5619
1007,1288.8867
1007,1046.1788
1007,1041.6915
1008,1144.6472
1008,1309.4806
1008,1038.4594
1008,1038.4594
1008,1148.959
1008,1134.7435
1008,1134.7435
1008,1416.5371
1008,1354.1766
1008,1308.6348
1008,1308.6348
1008,1308.6348
1008,1053.3794
1008,1139.7384
1008,1127.7067
1008,1139.7384
1008,1139.7384
1008,1139.7384
1008,1220.1604
1008,1220.1604
1008,1238.4893
1008,1238.4893
1008,1238.4893
1008,1238.4893
1008,1225.4152
1008,1225.4152
1008,1225.4152
1008,1238.4893
1008,1225.4152
1008,1321.6274
1008,1122.8699
1008,1343.3292
1008,953.7115
1009,1527.7428
1009,1297.0615
1009,1536.2933
1009,1478.7822
1009,1128.9436
1009,1220.7096
1009,1014.78174
1009,1030.028
1009,1045.5024
1009,1045.5024
1009,1045.5024
1009,1034.4646
1009,1034.4646
1009,1045.5024
1009,1045.5024
1009,1355.6617
1010,1118.7777
1010,1314.3945
1010,1613.063
1010,1579.1942
1010,1299.5577
1010,1299.5577
1010,1299.5577
1010,1299.5577
1010,1242.3428
1010,1242.3428
1010,1080.0254
1010,1269.0027
1010,1118.7777
1010,1223.8425
1010,1154.125
1011,1252.6395
1011,1385.9076
1011,1180.1768
1011,1165.4657
1011,1133.2871
1011,1254.239
1011,1127.6001
1011,1035.0276
1011,1220.702
1011,1340.4861
1012,1291.499
1012,1291.499
1012,1329.15
1012,1335.8629
1012,1357.6603
1012,1366.1418
1012,1740.4683
1013,1371.8848
1013,1512.5833
1013,1416.5371
1013,1338.8911
1013,1210.1409
1013,1371.3965
1013,1295.6584
1013,1158.3474
1013,1176.6191
1013,1189.1724
1013,1176.6191
1013,1244.8616
1013,1258.1422
1013,1176.6191
1013,1176.6191
1013,1189.1724
1013,1176.6191
1013,1189.1724
1013,1146.1188
1013,1176.6191
1013,1189.1724
1013,1189.1724
1013,1244.8616
1013,1176.6191
1013,1176.6191
1013,1175.7479
1013,1158.3474
1013,1176.6191
1013,1189.1724
1013,1258.1422
1013,1189.1724
1013,1189.1724
1013,1189.1724
1013,1175.7479
1013,1175.7479
1013,1175.7479
1013,1242.5948
1013,1216.9149
1013,1207.3938
1013,1163.3363
1013,1175.7479
1013,1163.3363
1013,1163.3363
1013,1175.7479
1013,1175.7479
1013,1175.7479
1013,1163.3363
1013,1163.3363
1013,1163.3363
1013,1163.3363
1013,1163.3363
1013,1175.7479
1013,1163.3363
1013,1175.7479
1013,1175.7479
1013,1047.721
1013,1058.9001
1013,1058.9001
1013,1047.721
1013,1058.9001
1013,1058.9001
1013,1074.8086
1013,1063.4615
1013,1063.4615
1013,1063.4615
1013,1063.4615
1013,1074.8086
1013,1074.8086
1013,1074.8086
1013,1074.8086
1013,1074.8086
1013,1074.8086
1013,1063.4615
1013,1052.2338
1013,1063.4615
1013,1052.2338
1013,1063.4615
1013,1074.8086
1013,1052.2338
1013,1063.4615
1013,1063.4615
1013,1063.4615
1013,1063.4615
1013,1074.8086
1013,1052.2338
1013,1063.4615
1013,1074.8086
1013,1063.4615
1013,1052.2338
1013,1052.2338
1013,1052.2338
1013,1189.3011
1013,1059.2772
1013,1146.1188
1013,1014.03076
1013,1979.5753
1013,704.6543
1013,1163.3363
1014,1354.1766
1014,1354.1766
1014,1010.2389
1014,1315.244
1014,1393.7845
1014,1393.7845
1014,1393.7845
1014,1393.7845
1014,1393.7845
1014,1259.7595
1014,1259.7595
1014,1393.7845
1014,1259.7595
1014,1259.7595
1014,1364.517
1014,1259.7595
1014,1246.4618
1014,1439.6615
1014,1355.8086
1015,1423.6909
1015,1357.6603
1015,1129.6642
1015,1357.6603
1015,1331.3127
1015,1331.3127
1015,1331.3127
1015,1317.2604
1015,1331.3127
1015,1317.2604
1015,1331.3127
1015,1331.3127
1015,1331.3127
1015,1317.2604
1015,1331.3127
1015,1317.2604
1015,1331.3127
1015,1331.3127
1015,1317.2604
1015,1303.3561
1015,1195.7167
1015,1477.6882
1015,1462.0919
1015,1317.2604
1016,1256.9744
1016,1270.3842
1016,1311.1638
1016,1000.65564
1016,1092.8496
1016,1046.8467
1016,1158.2379
1016,1158.2379
1016,1158.2379
1016,1170.5952
1016,1158.2379
1016,1170.5952
1016,1170.5952
1016,1158.2379
1016,1158.2379
1016,1158.2379
1016,1158.2379
1016,1262.507
1016,1275.9757
1016,1275.9757
1016,1262.507
1016,1275.9757
1016,1158.2379
1017,1373.0302
1017,1448.7911
1017,1448.7911
1017,1448.7911
1017,1214.1526
1017,1227.1058
1017,1227.1058
1017,1227.1058
1017,1227.1058
1017,1310.317
1017,1112.2346
1017,1064.0404
1017,1064.0404
1017,1181.2733
1017,1181.2733
1018,1503.0634
1018,1503.0634
1018,1318.2362
1018,1402.6241
1018,1578.1743
1018,1535.3004
1018,1535.3004
1018,1432.7084
1018,1432.7084
1018,1432.7084
1018,1432.7084
1018,1432.7084
1018,1432.7084
1018,1376.2831
379,637.662
380,670.4224
380,677.58
380,670.4224
380,677.58
381,848.4984
382,757.23535
382,665.7688
382,752.4602
382,752.4602
382,680.0598
382,775.0554
382,844.8586
383,633.6451
383,694.2142
383,862.9951
384,699.5185
384,861.24884
384,669.9891
384,669.9891
384,799.6286
384,651.7723
385,669.1283
386,829.06995
386,837.91833
386,837.91833
386,913.3753
386,913.3753
386,913.3753
386,913.3753
487,966.27203
487,886.4498
487,886.4498
487,886.4498
487,951.96906
487,951.96906
487,951.96906
487,951.96906
487,1037.6844
487,1037.6844
487,1037.6844
487,1037.6844
487,1131.11
487,1075.871
487,808.08716
487,808.08716
487,808.08716
487,941.91766
487,1059.9469
487,1075.871
487,838.62305
487,1064.4127
487,1059.9469
487,838.62305
487,935.891
487,849.50964
487,935.891
487,849.50964
488,673.31195
488,677.58
1018,1177.6084
1018,1177.6084
1018,1249.9774
1018,1271.3254
1018,1158.9872
1019,1480.8221
1019,988.38
1019,1535.3004
1019,1100.484
1019,1264.8171
1020,1243.7059
1020,1243.7059
1020,1243.7059
1020,1283.2386
1020,1141.7174
1020,1141.7174
1020,1270.3842
1020,1320.0548
1020,1320.0548
1020,1334.1371
1020,1334.1371
1020,1334.1371
1020,1334.1371
1020,1334.1371
1020,1320.0548
1020,1334.1371
1020,977.3128
1020,1205.8436
1020,1193.1146
1020,1205.8436
1020,1193.1146
1020,1193.1146
1020,1205.8436
1020,1193.1146
1020,1205.8436
1020,1205.8436
1020,1205.8436
1020,1292.0803
1020,1073.8103
1020,1005.70245
1020,1097.0632
1020,1049.5403
1021,1250.7854
1021,1335.852
1021,1251.0212
1021,1251.0212
1021,1384.1172
1021,1251.0212
1021,1251.0212
1021,1251.0212
1021,1251.0212
1021,1251.0212
1021,1384.1172
1021,1052.8069
1021,1324.7587
1022,1096.3696
1022,1376.1537
1023,1076.6743
1023,1073.4438
1023,1084.8972
1023,1073.4438
1023,1015.9909
1023,1397.3693
1023,987.74146
1023,1183.8496
1024,1057.9171
1024,1048.9694
1024,1087.5703
1024,1236.8992
1024,1236.8992
1024,1326.4615
1024,1326.4615
1024,1340.6122
1024,1340.6122
1024,1340.6122
1024,1326.4615
1024,1340.6122
1024,1340.6122
1024,1340.6122
1024,1340.6122
1024,1340.6122
1024,1326.4615
1024,1326.4615
1024,1340.6122
1024,1340.6122
1024,1205.7303
1024,1122.7643
1024,1354.0493
1024,1354.0493
1024,1088.3762
1024,1088.3762
1024,1099.9888
1024,1088.3762
1024,1099.9888
1024,1099.9888
1024,1088.3762
1024,1099.9888
1024,1088.3762
1024,1116.5139
1024,1104.727
1024,1104.727
1024,1116.5139
1024,1104.727
1024,1312.5837
1024,1354.0493
1025,1497.7268
1025,1154.234
1025,1283.2386
1026,1348.2427
1026,1356.9219
1026,1342.5986
1026,1356.9219
1026,1334.0117
1026,1255.0497
1026,1178.6615
1026,1178.6615
1026,1387.6771
1026,1180.2877
1026,1346.5125
1026,1126.8716
1026,1114.9755
1026,1126.8716
1026,1114.9755
1026,1126.8716
1026,1126.8716
1026,1114.9755
1026,1211.5826
1026,1211.5826
1026,1151.9078
1027,1374.0474
1027,1416.5371
1027,1319.0776
1027,1240.0908
1027,1453.0143
1028,1448.7911
1028,1199.0184
1028,1335.852
1028,1272.0172
1028,1181.2733
1028,1343.4562
1028,1305.2769
1028,1179.7566
1028,1197.479
1028,1184.8381
1028,1201.6334
1029,1153.908
1029,1316.0835
1029,1316.0835
1029,1287.4924
1030,1391.8644
1030,1511.6178
1030,1366.2703
1030,1561.3706
1030,1416.5371
1030,1393.7845
1030,1424.6002
1030,1354.1766
1030,1393.6534
1030,1408.5203
1030,1039.1311
1030,1247.6937
1031,889.87354
1031,1086.8766
1031,1093.7622
1031,1320.7732
1031,1320.7732
1031,1461.2842
1031,1301.2283
1031,1301.2283
1031,1273.9022
1031,1306.8319
1031,1461.2842
1031,1320.7732
1031,1306.8319
1031,1301.2283
1031,1461.2842
1031,1320.7732
1031,1293.0376
1031,1301.2283
1031,1320.7732
1031,1320.7732
1031,1461.2842
1031,1306.8319
1031,1293.0376
1031,1301.2283
1031,1461.2842
1031,1461.2842
1031,1301.2283
1031,1301.2283
1031,1589.196
1031,1124.102
1031,1328.2909
1031,922.6259
1031,1201.2229
1031,1252.511
1031,1217.587
1031,1256.9744
1031,1217.587
1031,1053.3794
1031,1153.162
1031,1288.2041
1032,1097.6603
1032,1333.8862
1033,1219.3821
1033,1299.5577
1033,1477.9661
1033,1345.1825
1033,1089.5701
1033,1226.7423
1033,1208.5872
1033,1208.5872
1033,1195.8291
1033,1208.5872
1033,1208.5872
1033,1208.5872
1033,1208.5872
1033,1208.5872
1033,1226.7423
1033,1208.5872
1033,1208.5872
1033,1208.5872
1033,1162.1876
1033,1162.1876
1033,1149.9185
1033,1226.7423
1033,1226.7423
1033,1226.7423
1033,1213.7927
1033,1213.7927
1033,1226.7423
1033,1226.7423
1033,1213.7927
1033,1226.7423
1033,1226.7423
1033,1226.7423
1033,1226.7423
1033,1226.7423
1033,1226.7423
1033,1208.5872
1033,1651.5986
1033,1076.0887
1034,1091.074
1034,1121.4442
1034,1447.8555
1034,1447.8555
1034,1324.8833
1034,1324.8833
1034,1324.8833
1035,1031.2548
1035,1077.4722
1035,1117.0256
1035,1346.5125
1035,1117.0165
1035,1148.2168
1035,1148.2168
1035,1403.5193
1035,1064.0404
1035,1348.116
1035,1281.9717
1035,1048.2911
1035,1048.2911
1035,1052.8069
1035,1052.8069
1035,1052.8069
1035,1052.8069
1035,1052.8069
1035,1068.6234
1035,1057.3417
1035,1080.0254
1035,1080.0254
1035,1080.0254
1035,1440.728
1035,1147.5922
1035,1267.5107
1035,1102.7153
1036,1387.6771
1036,1328.2909
1036,1390.834
1036,1284.7675
1036,1284.7675
1037,1102.6111
1037,1428.2642
1037,1192.7678
1037,1269.2595
1037,1258.7188
1037,1332.8988
1038,1108.1716
1038,1228.3192
1038,1165.4657
1038,1124.8196
1038,1494.6976
1038,1283.2386
1038,1269.6932
1039,1277.8666
1039,1052.0273
1039,1289.2687
1039,1357.6603
1039,1357.6603
1040,1339.7565
1040,1195.2985
488,677.58
488,677.58
488,677.58
489,1037.6844
489,862.35596
489,862.35596
489,891.1854
489,891.1854
489,813.7341
489,784.8431
489,788.2247
489,813.7341
489,776.55444
489,793.22003
489,813.7341
489,813.7341
489,788.2247
489,788.2247
489,813.7341
489,796.6377
489,793.22003
489,813.7341
489,796.6377
489,796.6377
489,796.6377
489,793.22003
489,796.6377
489,796.6377
489,813.7341
489,796.6377
1040,1424.4656
1040,1225.541
1040,1164.9414
1040,1164.9414
1040,1164.9414
1040,1164.9414
1040,1069.9973
1040,1054.16
1040,1196.4799
1040,1304.1886
1040,1290.4215
1040,1346.3853
1040,1360.7482
1040,1360.7482
1040,1346.3853
1040,1360.7482
1040,1360.7482
1040,1360.7482
1040,1346.3853
1040,1360.7482
1040,1346.3853
1040,1346.3853
1040,1360.7482
1040,1360.7482
1040,1346.3853
1040,1147.7001
1040,1110.1938
1040,1135.5844
1040,1152.6437
1040,1812.629
1040,1774.5726
1040,1290.4215
1040,1304.1886
1040,1290.4215
1041,1071.2722
1041,1077.3708
1041,1296.223
1041,1296.223
1041,1296.223
1041,1296.223
1041,1171.5728
1041,1171.5728
1041,1171.5728
1041,1171.5728
1041,1171.5728
1041,1171.5728
1041,1267.63
1041,1201.7463
1041,1201.7463
1041,1201.7463
1041,1183.9609
1041,1183.9609
1041,1201.7463
1041,1189.0605
1041,1189.0605
1041,1189.0605
1041,1201.7463
1041,1189.0605
1041,1189.0605
1041,1189.0605
1041,1201.7463
1041,1189.0605
1041,1201.7463
1041,1201.7463
1041,1189.0605
1041,1189.0605
1041,1201.7463
1041,1287.6141
1041,1189.0605
1042,1255.0497
1042,1333.8862
1042,1120.7197
1042,1477.9661
1042,1343.4562
1042,1217.5771
1042,1031.9131
1042,1497.586
1042,1103.909
1043,1448.7911
1043,1321.5026
1043,1254.239
1043,1254.239
1043,1240.9995
1043,1227.8997
1043,1254.239
1043,1337.5692
1043,1337.5692
1043,1337.5692
1043,1337.5692
1043,1337.5692
1043,1337.5692
1043,1337.5692
1043,1337.5692
1043,1337.5692
1043,1456.0967
1043,1502.0925
1043,1348.643
1044,1334.1371
1044,1320.0548
1044,1010.2389
1044,1290.1027
1044,1260.5737
1044,1409.5637
1044,1424.6002
1044,1260.5737
1044,1287.6141
1044,1287.6141
1044,1287.6141
1044,1409.5637
1044,1287.6141
1044,1424.6002
1044,1274.0226
1044,1424.6002
1044,1387.6771
1044,1261.0046
1045,985.2063
1046,1117.7385
1046,1054.0609
1046,1355.6617
1046,1207.9373
1046,1298.4735
1046,1290.926
1046,1401.7175
1046,1285.961
1046,1285.961
1046,1202.6362
1046,1215.4674
1046,1285.961
1046,1285.961
1046,1202.6362
1046,1215.4674
1046,1202.6362
1046,1215.4674
1046,1202.6362
1046,1215.4674
1046,1202.6362
1046,1272.387
1046,1285.961
1046,1215.4674
1046,1202.6362
1046,1082.317
1046,1070.8909
1046,1082.317
1046,1070.8909
1046,1070.8909
1046,1082.317
1046,1098.5769
1046,1086.9788
1046,1086.9788
1046,1098.5769
1046,1086.9788
1046,1086.9788
1046,1098.5769
1046,1098.5769
1046,1086.9788
1046,1086.9788
1046,1098.5769
1046,1098.5769
1046,1098.5769
1046,1098.5769
1046,1075.5034
1046,1098.5769
1046,1075.5034
1046,1098.5769
1046,1086.9788
1046,1086.9788
1046,1086.9788
1046,1086.9788
1046,1086.9788
1046,1075.5034
1046,1098.5769
1046,1086.9788
1046,1098.5769
1046,1086.9788
1046,1210.0271
1046,1086.9788
1046,1086.9788
1047,955.0276
1047,1038.4594
1047,1505.1367
1047,1095.7733
1047,1645.4125
1048,1031.2548
1048,1031.2548
1048,1031.2548
1048,1354.1766
1048,1128.3203
1048,1111.6206
1048,1370.253
1048,1355.7892
1048,1370.253
1048,1370.253
1048,1370.253
1048,1370.253
1049,1329.15
1049,1329.15
1049,1179.424
1049,1294.6998
1049,1192.0071
1049,1365.3878
1049,1447.7401
1049,1203.301
1050,1355.0519
1050,1312.0013
1050,1309.9281
1050,1199.5679
1050,1090.2661
1050,1208.9459
1050,1208.9459
1050,1232.3912
1050,1232.3912
1050,1232.3912
1050,1232.3912
1050,1245.539
1050,1232.3912
1050,1245.539
1050,1232.3912
1050,1232.3912
1050,1250.9036
1050,1250.9036
1050,1264.2487
1050,1250.9036
1050,1250.9036
1050,1264.2487
1050,1264.2487
1050,1250.9036
1050,1250.9036
1050,1250.9036
1050,1250.9036
1050,1250.9036
1050,1250.9036
1050,1250.9036
1050,1250.9036
1050,1250.9036
1050,1250.9036
1050,1398.7509
1050,1383.9872
1050,1383.9872
1050,1398.7509
1050,1383.9872
1050,1398.7509
1050,1398.7509
1050,1398.7509
1050,1383.9872
1050,1398.7509
1050,1398.7509
1050,1383.9872
1050,1383.9872
1050,1206.5096
1050,1159.836
1051,1246.344
1051,1440.5919
1051,1337.5692
1051,1002.58136
1051,1401.7175
1052,1336.4641
1052,1299.5577
1052,1281.9717
1052,1124.8196
1052,1363.6349
1052,1363.6349
1052,1363.6349
1052,1363.6349
1052,1363.6349
1052,1399.7865
1052,1349.2416
1052,1349.2416
1052,1363.6349
1052,1363.6349
1052,1363.6349
1052,1054.0609
1052,1232.5071
1052,1193.8864
1052,1232.5071
1052,1232.5071
1052,1232.5071
1052,1232.5071
1052,1232.5071
1052,1232.5071
1052,1219.4967
1052,1232.5071
1052,1232.5071
1052,1284.7675
1052,1284.7675
1052,1178.6615
1052,1369.5078
1052,1357.799
1053,1489.2509
1053,1138.3984
1053,1530.839
1053,1363.5067
1053,1363.5067
1053,1378.0522
1053,1378.0522
1053,1349.1147
1053,1349.1147
1053,1349.1147
1053,1378.0522
1053,1378.0522
1053,1363.5067
489,805.1404
489,796.6377
489,805.1404
489,801.6863
489,805.1404
489,813.7341
489,784.8431
489,813.7341
489,776.55444
489,813.7341
489,788.2247
489,784.8431
489,788.2247
489,776.55444
489,796.6377
489,788.2247
489,776.55444
489,793.22003
489,788.2247
489,805.1404
489,776.55444
489,801.6863
489,813.7341
490,808.6097
490,812.6889
490,812.6889
490,812.6889
490,905.4708
490,872.76245
490,892.06696
1053,1349.1147
1053,1349.1147
1053,1189.1724
1053,1349.1147
1053,1378.0522
1053,1363.5067
1053,1378.0522
1053,1370.253
1053,1502.0925
1053,1208.9459
1053,1514.682
1053,1139.6313
1053,1151.7903
1053,1089.7755
1053,1139.6313
1053,1139.6313
1053,1124.3135
1053,1129.1564
1053,1141.2037
1053,1225.531
1053,1265.7543
1054,1031.2548
1054,1417.4532
1054,1414.7194
1054,1037.7885
1054,1141.7174
1054,1117.0165
1055,1250.2303
1055,1457.0377
1055,1159.7269
1055,1367.1428
1055,1293.8629
1055,1293.8629
1055,1211.6965
1055,1193.7639
1056,1178.6615
1056,1479.8657
1056,1464.2465
1056,1479.8657
1056,1479.8657
1056,1545.0369
1056,1290.926
1056,1477.8271
1056,1329.9983
1056,1329.9983
1056,1302.0692
1056,1493.5912
1056,1321.6274
1056,1335.7264
1056,1477.8271
1056,1277.2996
1056,1321.6274
1056,1335.7264
1056,1493.5912
1056,1493.5912
1056,1329.9983
1056,1302.0692
1056,1329.9983
1056,1161.9685
1056,1447.8555
1056,1225.531
1056,929.07227
1056,943.03204
1056,943.03204
1056,943.03204
1056,1345.1825
1056,1345.1825
1056,1345.1825
1056,1345.1825
1056,1345.1825
1056,1345.1825
1056,1434.55
1056,1528.7302
1056,1464.2465
1056,1259.6411
1057,1299.3127
1057,1590.223
1057,1590.223
1057,1624.3282
1057,1607.1852
1057,1192.7678
1057,1149.6929
1057,1149.6929
1057,1149.6929
1058,1184.7268
1058,1286.6713
1058,1300.3976
1058,1596.7571
1058,1596.7571
1058,1154.753
1058,1477.8483
1058,1164.7218
1059,1416.2708
1059,1243.9398
1059,1337.5692
1059,1337.5692
1059,1337.5692
1059,1337.5692
1059,1502.0925
1059,1327.1833
1059,1433.4996
1059,1356.6661
1059,1078.0586
1059,1015.9909
1059,1042.2584
1059,1177.2594
1059,1177.2594
1059,1247.7115
1059,1208.4735
1060,1407.7543
1060,1544.039
1060,1272.2667
1060,1386.9225
1060,1401.7175
1060,1465.1927
1060,1156.2375
1060,1208.5872
1060,1058.601
1061,1248.7427
1061,1285.961
1061,1285.961
1061,1334.1371
1061,1060.1619
1061,1109.8146
1061,1098.0984
1061,1060.1619
1061,1071.4736
1061,1060.1619
1061,1037.8944
1061,1048.9694
1061,1048.9694
1061,1071.4736
1061,1071.4736
1061,1060.1619
1061,1087.5703
1061,1064.7283
1061,1087.5703
1061,1076.0887
1061,1076.0887
1061,1087.5703
1061,1103.909
1061,1092.2551
1061,1092.2551
1061,1103.909
1061,1092.2551
1061,1103.909
1061,1092.2551
1061,1092.2551
1061,1092.2551
1061,1092.2551
1061,1092.2551
1061,1092.2551
1061,1092.2551
1061,1103.909
1061,1103.909
1061,1092.2551
1061,1103.909
1061,1092.2551
1061,1103.909
1061,1092.2551
1061,1092.2551
1061,1092.2551
1061,1103.909
1061,1092.2551
1061,1092.2551
1061,1103.909
1061,1103.909
1061,1103.909
1061,1092.2551
1061,1092.2551
1061,1092.2551
1061,1092.2551
1061,1103.909
1061,1092.2551
1061,1103.909
1061,1103.909
1061,1334.1371
1061,1223.9576
1062,1580.2019
1062,1133.4098
1062,1384.1172
1062,1251.0212
1063,1509.3813
1063,1134.6368
1063,1132.061
1063,1434.55
1063,1434.55
1063,1235.3112
1063,1235.3112
1063,1222.2712
1063,1235.3112
1063,1222.2712
1063,1235.3112
1063,1253.8674
1063,1291.2562
1063,1166.3287
1063,1097.3884
1063,1097.3884
1063,1109.097
1063,1109.097
1063,1240.6318
1063,1253.8674
1063,1253.8674
1063,1240.6318
1063,1240.6318
1063,1253.8674
1063,1253.8674
1063,1253.8674
1063,1240.6318
1063,1253.8674
1063,1253.8674
1063,1253.8674
1063,1253.8674
1063,1253.8674
1063,1253.8674
1063,1140.9885
1063,1349.8489
1063,1370.1235
1063,1253.8674
1063,1253.8674
1064,1305.2769
1064,1376.2831
1064,1502.0925
1064,1261.3789
1064,1261.3789
1064,1422.6377
1064,1376.1537
1064,1390.834
1064,1376.1537
1064,1376.1537
1064,1344.1981
1064,1454.2274
1064,1266.8112
1064,1330.9838
1065,1226.8751
1065,1346.5125
1065,1195.8365
1065,1386.5195
1065,1386.5195
1065,1253.1926
1065,1229.1132
1065,1117.0165
1066,1448.7911
1066,1309.4806
1066,1536.2933
1066,1354.1766
1066,1257.0925
1066,1174.2384
1066,1053.3794
1066,1272.1471
1066,1260.2075
1066,1246.7699
1066,1243.8407
1067,1454.2274
1067,1385.6351
1067,1454.2274
1067,1437.8134
1067,1422.6377
1067,1454.2274
1067,1454.2274
1067,1437.8134
1067,1280.3258
1067,1437.8134
1067,1422.6377
1067,1454.2274
1067,1454.2274
1067,1164.9414
1068,1054.0609
1068,1054.0609
1068,1243.7059
1068,1124.102
1068,1281.9717
1068,1268.4396
1068,1131.9546
1068,1284.7675
1068,1139.7384
1068,1416.5371
1068,1367.1428
1068,1367.1428
1068,1367.1428
1068,1367.1428
1069,1605.1229
1069,1418.3579
1069,1418.3694
1069,1319.0776
1069,1319.0776
1069,1319.0776
1069,1305.1542
1069,1319.0776
1069,1391.9952
1069,1391.9952
1069,1319.0776
1069,1082.2153
1069,1098.4731
1069,1098.4731
1069,1110.1938
1069,1098.4731
1069,1110.1938
1069,1098.4731
1069,1098.4731
490,817.3169
490,900.34436
490,900.34436
490,1017.2909
490,869.7956
490,783.7612
490,809.12604
490,809.12604
490,747.8726
490,783.7612
491,796.12286
491,796.12286
491,796.12286
491,796.12286
491,796.12286
491,796.12286
491,796.12286
491,796.12286
491,796.12286
491,796.12286
491,796.12286
491,796.12286
491,796.12286
491,796.12286
491,796.12286
491,796.12286
491,796.12286
491,796.12286
491,784.3355
491,784.3355
1069,1305.1542
1069,1305.1542
1069,1305.1542
1069,1006.99506
1069,1006.99506
1069,1174.587
1069,1610.8641
1069,1610.8641
1069,1610.8641
1069,1307.5536
1069,1286.4183
1069,1187.5339
1069,1169.9586
1069,1093.7622
1070,1271.2053
1070,1218.3647
1070,1544.039
1070,1395.576
1070,1402.3597
1071,1174.3656
1071,1494.6976
1071,1510.6416
1071,956.7838
1071,966.99414
1071,1277.0411
1071,1277.0411
1071,1226.0927
1071,1297.8893
1071,1160.6954
1071,1409.5637
1071,1265.7543
1071,1436.6139
1071,1190.701
1071,1142.0493
1072,1502.0925
1072,1189.1888
1072,1184.0891
1072,1320.649
1072,1211.5826
1072,1283.118
1073,1166.439
1073,1161.9685
1073,1416.5371
1073,1416.5371
1073,1416.5371
1073,1416.5371
1073,1416.5371
1073,1036.4558
1073,1166.9635
1073,1403.5193
1073,1065.9963
1073,1088.8662
1073,1077.3708
1073,1400.5481
1073,1385.7654
1073,1385.7654
1073,1400.5481
1073,1385.7654
1073,1400.5481
1073,1313.1738
1073,1313.1738
1073,1192.0071
1073,1313.1738
1073,1471.3517
1073,1229.7821
1073,1031.2548
1074,1302.1923
1074,1302.1923
1074,1316.0835
1074,1373.1593
1074,1477.6882
1074,1207.1667
1074,1352.7119
1074,1324.8833
1074,1197.479
1074,1165.4657
1074,1100.484
1074,1199.5581
1074,1317.7753
1074,1317.7753
1074,1374.9243
1074,1215.4674
1074,1194.9437
1075,1569.2427
1075,1448.7911
1075,1433.3649
1075,1100.484
1075,1407.7543
1076,1367.1428
1076,1367.1428
1076,1053.3794
1076,1175.1151
1076,1260.4553
1076,1429.6755
1076,1235.6779
1076,1259.6411
1076,1273.0793
1076,1273.0793
1076,1273.0793
1076,1273.0793
1076,1259.6411
1076,1273.0793
1076,1273.0793
1076,1273.0793
1076,1259.6411
1076,1273.0793
1076,1273.0793
1076,1278.5619
1076,1278.5619
1076,1278.5619
1076,1292.2018
1076,1292.2018
1076,1292.2018
1076,1292.2018
1076,1292.2018
1076,1292.2018
1076,1278.5619
1076,1292.2018
1076,1292.2018
1076,1292.2018
1076,1278.5619
1076,1292.2018
1076,1292.2018
1076,1292.2018
1076,1278.5619
1076,1292.2018
1076,1292.2018
1076,1278.5619
1076,1292.2018
1076,1278.5619
1076,1292.2018
1076,1278.5619
1076,1292.2018
1076,1429.6755
1076,1429.6755
1076,1429.6755
1076,1429.6755
1076,1429.6755
1076,1414.5857
1076,1429.6755
1076,1429.6755
1076,1429.6755
1076,1204.7244
1076,1204.7244
1076,1408.5203
1076,1408.5203
1076,1172.9686
1077,1226.082
1077,1341.3525
1077,1355.6617
1077,1355.6617
1077,1341.3525
1077,1355.6617
1077,1341.3525
1077,1246.0996
1077,1288.8867
1077,1134.7435
1077,1134.7435
1078,1383.8563
1078,1579.1942
1078,1613.063
1078,1356.527
1078,1356.527
1078,1153.162
1078,1100.4929
1079,1218.3647
1079,1218.3647
1079,1125.5472
1079,1408.5203
1079,1408.5203
1079,1393.6534
1079,1393.6534
1079,1378.9429
1079,1393.6534
1079,1408.5203
1079,1393.6534
1079,1408.5203
1079,1393.6534
1079,1408.5203
1079,1393.6534
1079,1408.5203
1079,1408.5203
1079,1408.5203
1079,1408.5203
1079,1393.6534
1079,1408.5203
1079,1378.9429
1079,1408.5203
1079,1378.9429
1079,1378.9429
1079,1393.6534
1079,1393.6534
1079,1408.5203
1079,1408.5203
1079,1408.5203
1079,1408.5203
1079,1393.6534
1079,1393.6534
1079,1393.6534
1079,1270.3842
1079,1464.384
1080,843.2399
1080,1225.531
1080,1032.5807
1080,1060.7389
1080,1165.4657
1080,1270.3842
1080,1562.5272
1080,1412.2878
1080,1314.3945
1080,1242.3428
1080,1242.3428
1080,1242.3428
1080,1229.2288
1080,1242.3428
1080,1242.3428
1080,1242.3428
1080,1229.2288
1080,1229.2288
1080,1163.3363
1080,1049.5403
1080,1038.4594
1080,1076.6743
1080,1065.3077
1080,1113.8745
1080,1113.8745
1080,1125.7589
1080,1102.1155
1080,1113.8745
1080,1102.1155
1080,1113.8745
1080,1090.48
1080,1164.8318
1080,1164.8318
1080,1177.2594
1080,1164.8318
1080,1164.8318
1080,1177.2594
1080,1164.8318
1080,1164.8318
1080,1177.2594
1080,1164.8318
1080,1164.8318
1080,1177.2594
1080,1106.2513
1080,1094.5726
1080,1111.016
1080,1122.8699
1080,1122.8699
1080,1122.8699
1080,1122.8699
1080,1122.8699
1080,1111.016
1080,1122.8699
1080,1122.8699
1080,1111.016
1080,1122.8699
1080,1122.8699
1080,1122.8699
1080,1111.016
1080,1258.7188
1080,1175.7479
1080,1146.1188
1080,1147.5922
1080,1300.5205
1080,1821.7819
1081,1350.8489
1081,1504.0225
1081,1330.8586
1081,1359.4048
1081,1526.6119
1081,1365.2594
1081,1345.056
1081,1286.4183
1081,1432.4391
1081,949.62085
1081,949.62085
1081,1082.317
1082,1512.5833
1082,1519.0964
1082,1114.4807
1082,1305.9984
1082,1385.8958
1082,1154.125
1082,1385.8958
1082,1371.2676
1082,1371.2676
1082,1320.7732
1083,1291.3777
1083,1245.3048
1083,1129.7709
1084,1367.1428
1084,1280.9021
1084,1005.70245
1084,1005.70245
1084,1379.0731
1084,1393.7845
1084,1393.7845
1084,1393.7845
1084,1393.7845
491,784.3355
491,784.3355
491,758.6931
491,757.71893
491,920.25775
491,920.25775
491,775.0554
491,844.8586
491,809.6496
491,997.4425
491,837.01154
491,827.02454
491,814.7806
491,814.7806
491,867.8205
491,966.18115
491,986.9111
491,845.86505
491,840.61804
491,849.58954
491,986.9111
491,849.58954
491,797.66223
491,920.7666
491,849.58954
491,806.17584
491,669.9891
491,997.4425
491,809.6496
491,801.099
1084,1393.7845
1084,1393.7845
1084,1259.7595
1084,1259.7595
1084,1259.7595
1084,1259.7595
1084,1259.7595
1084,1246.4618
1084,1128.2142
1084,1439.5255
1084,1065.3077
1085,1512.5833
1085,1357.6603
1085,1244.8616
1085,1203.2906
1086,1159.7269
1086,1123.3845
1086,1250.7854
1087,1366.2703
1087,1071.2722
1087,1031.2548
1087,1159.836
1087,1290.5435
1087,1116.4089
1087,1099.8854
1087,1099.8854
1087,1111.6206
1087,1099.8854
1087,1111.6206
1087,1116.4089
1087,1128.3203
1087,1128.3203
1087,1128.3203
1087,1116.4089
1087,1116.4089
1087,1116.4089
1087,1128.3203
1087,1128.3203
1087,1128.3203
1087,1128.3203
1087,1116.4089
1087,1128.3203
1087,1116.4089
1087,1128.3203
1087,1116.4089
1087,1116.4089
1087,1311.6119
1087,1377.922
1087,1755.8441
1087,1111.6206
1087,1377.922
1087,1308.5117
1088,1578.1743
1088,1077.3708
1088,1357.6603
1088,1343.3292
1088,1329.15
1088,1343.3292
1088,1357.6603
1088,1343.3292
1088,1357.6603
1088,1343.3292
1088,1357.6603
1088,1329.15
1088,1431.3787
1088,1539.4067
1088,1246.2268
1088,1279.3889
1088,1227.1058
1088,1227.1058
1088,1214.1526
1088,1227.1058
1088,1227.1058
1088,1450.3807
1089,1237.6986
1089,1124.102
1089,1243.398
1089,1426.4307
1089,1151.1704
1089,1406.5798
1089,1406.5798
1089,1138.2914
1089,1161.327
1089,1580.2147
1090,1472.4418
1090,1440.4565
1090,1455.8223
1090,1440.4565
1090,1271.2053
1090,1148.959
1090,1258.5902
1090,1217.5771
1090,1440.4565
1090,1440.4565
1090,1210.272
1090,1479.8657
1090,1283.2386
1091,1300.9829
1091,1191.2365
1091,1235.3112
1091,1318.9536
1091,1136.0955
1092,1218.3647
1092,1659.1786
1092,1283.2386
1092,1437.8134
1092,1437.8134
1092,1466.2664
1092,1610.8641
1092,1116.5139
1092,1293.7413
1092,1223.8425
1093,1449.7164
1093,1270.8911
1093,1096.4728
1093,1244.4998
1093,1153.271
1094,1230.577
1094,1270.3842
1094,1136.0955
1094,1391.9952
1094,1310.317
1094,1100.4929
1094,1281.9717
1094,1183.3242
1094,1471.49
1094,1376.2831
1094,1376.2831
1094,1191.2365
1094,1201.0996
1094,1124.8196
1094,1100.484
1094,1268.0631
1094,1262.6256
1094,1249.2976
1094,1262.6256
1094,1262.6256
1094,1262.6256
1094,1262.6256
1094,1249.2976
1094,1281.5918
1094,1281.5918
1094,1243.7059
1094,1256.9744
1094,1268.0631
1094,1268.0631
1094,1268.0631
1094,1281.5918
1094,1281.5918
1094,1268.0631
1094,1281.5918
1094,1281.5918
1094,1219.4967
1094,1281.5918
1094,1074.8086
1095,1126.9937
1095,1294.8215
1095,1469.6018
1095,1432.7084
1095,1469.6018
1095,1432.7084
1095,1294.8215
1095,1308.6348
1095,1469.6018
1095,1417.5865
1095,1437.8134
1095,1376.2831
1095,1270.3842
1096,1544.039
1096,1544.039
1096,1395.576
1096,1395.576
1096,1306.9547
1096,1395.576
1096,1395.576
1096,1395.576
1096,1395.576
1096,1268.4396
1097,1371.8848
1097,1131.1165
1097,1355.6617
1097,1328.2909
1097,1337.5692
1097,1337.5692
1097,1337.5692
1097,1337.5692
1097,1337.5692
1097,1355.6617
1097,1356.9219
1097,1319.0776
1097,1356.9219
1097,1416.5371
1097,1356.9219
1097,1131.1165
1097,1106.1473
1097,1122.7643
1097,1122.7643
1097,1334.0117
1097,1348.2427
1097,1334.0117
1097,1370.1235
1097,1370.1235
1098,1225.3
1098,1355.6617
1098,1385.6351
1098,1415.3553
1098,1489.2509
1098,1385.6351
1098,1386.5195
1098,1199.5581
1098,1341.3525
1098,1425.2529
1099,1142.4554
1099,1037.7885
1099,1346.9116
1099,1282.5408
1100,1271.2053
1100,1055.4161
1100,1416.5371
1100,1416.5371
1100,1416.5371
1100,1416.5371
1100,1416.5371
1100,1171.5896
1100,1486.3785
1100,1447.8555
1100,1217.5771
1100,1298.4735
1100,1078.0586
1100,1346.9116
1100,1166.2191
1101,1395.576
1101,1395.576
1101,1078.0586
1101,1405.3234
1101,1341.3525
1101,1197.3665
1101,1204.1995
1102,1193.7639
1102,1277.0411
1102,1123.3754
1102,1341.6053
1102,1245.4213
1102,1258.7188
1103,1335.0
1103,1488.2883
1103,1448.5071
1103,1186.3613
1103,1301.2283
1103,1301.2283
1103,1301.2283
1103,1301.2283
1103,1301.2283
1103,1301.2283
1103,1301.2283
1103,1287.4924
1103,1306.8319
1103,1320.7732
1103,1306.8319
1103,1320.7732
1103,1320.7732
1103,1306.8319
1103,1320.7732
1103,1320.7732
1103,1306.8319
1103,1320.7732
1103,1306.8319
1103,1461.2842
1103,1461.2842
1103,1461.2842
1103,1461.2842
1103,1461.2842
1103,1461.2842
1103,1181.2733
1103,1193.6516
1103,1314.8619
1103,1199.5679
1104,1355.6617
1104,1385.6351
1104,1384.7402
1104,1384.7402
1104,1299.5577
1104,1159.836
1104,1578.0479
1105,1048.0941
1105,981.52264
1105,1389.4608
1105,1409.4307
1105,1535.3004
1105,1631.323
1105,1648.7233
1105,1648.7233
1105,1631.323
1105,1424.4656
1105,1424.4656
1105,1360.284
1105,1439.6615
1105,1305.2769
1105,1305.2769
1105,1305.2769
491,797.66223
491,961.41504
491,845.945
491,828.1727
492,936.6727
492,1088.8594
492,1112.9382
492,1096.466
492,1072.7438
492,1195.1787
492,1169.3223
492,813.2144
492,1152.0167
492,1011.5315
492,926.78265
492,1010.2326
492,995.2796
492,1084.8905
492,1184.0824
492,1068.8335
492,1029.7222
492,1040.7095
492,1040.7095
492,835.8579
492,1040.7095
492,1008.09393
492,1029.7222
492,1040.7095
492,1008.09393
492,1029.7222
1105,1159.3308
1105,1516.1882
1105,1088.8662
1106,1383.2424
1106,1448.7911
1106,1165.0675
1106,1479.8657
1106,1479.8657
1106,1479.8657
1106,1335.601
1106,1335.601
1107,1396.478
1107,1239.1732
1107,1313.3086
1107,1354.1766
1107,1228.6833
1107,1393.7845
1107,1165.4657
1107,1128.9436
1107,1150.653
1107,1138.506
1107,1138.506
1107,1150.653
1107,1138.506
1107,1138.506
1107,1203.2906
1107,1203.2906
1107,1203.2906
1107,1190.5885
1107,1190.5885
1107,1203.2906
1107,1203.2906
1107,1190.5885
1107,1190.5885
1107,1203.2906
1107,1203.2906
1107,1203.2906
1107,1190.5885
1107,1203.2906
1107,1203.2906
1107,1190.5885
1107,1203.2906
1107,1203.2906
1107,1190.5885
1107,1178.0204
1107,1203.2906
1107,1203.2906
1107,1190.5885
1107,1190.5885
1107,1203.2906
1107,1203.2906
1107,1203.2906
1107,1399.6636
1107,1202.6362
1108,1588.1818
1108,1510.3575
1108,1281.9717
1109,1536.2933
1109,1396.3468
1109,1255.6146
1109,1094.2545
1109,1242.3428
1109,1317.3848
1109,1526.4677
1109,1261.8202
1109,1478.6432
1110,1328.0413
1110,1292.0803
1110,1131.2234
1110,1131.2234
1110,1027.9436
1110,1027.9436
1110,1159.7269
1110,1157.4991
1111,1427.3531
1111,1427.3531
1111,1427.3531
1111,1313.1738
1111,1161.9685
1111,1174.3656
1111,1613.063
1111,1511.3214
1111,1370.2727
1112,1416.2708
1112,1410.1975
1112,1463.9705
1112,1228.3192
1112,1391.9952
1112,1228.3192
1112,1215.3525
1112,1215.3525
1112,1215.3525
1112,1215.3525
1112,1215.3525
1112,1215.3525
1112,1319.0776
1113,1209.4901
1113,1244.4998
1113,1227.6582
1113,1396.3468
1113,1141.0964
1113,1129.6642
1113,1124.2078
1113,1124.2078
1113,1141.0964
1113,1141.0964
1113,1141.0964
1113,1141.0964
1113,1141.0964
1113,1141.0964
1113,1141.0964
1114,1084.8972
1114,1149.6929
1114,1149.6929
1114,1171.5728
1114,1171.5728
1114,1159.2052
1114,1256.4088
1114,1343.4562
1114,1159.2052
1114,1477.9661
1114,1269.8126
1114,1269.8126
1114,1171.5728
1114,1130.7144
1114,1130.7144
1114,1118.7777
1114,1118.7777
1114,1118.7777
1114,1135.5844
1114,1147.7001
1114,1135.5844
1114,1135.5844
1114,1147.7001
1114,1147.7001
1114,1147.7001
1114,1147.7001
1114,1147.7001
1114,1135.5844
1114,1147.7001
1114,1147.7001
1114,1147.7001
1114,1135.5844
1114,1135.5844
1114,1135.5844
1114,1135.5844
1114,1327.1942
1114,1427.0842
1114,1425.2529
1114,1261.0046
1115,1387.6771
1115,1373.0302
1115,1358.5377
1115,1387.6771
1115,1387.6771
1115,1373.0302
1115,1387.6771
1115,1373.0302
1115,1387.6771
1115,1387.6771
1115,1373.0302
1115,1358.5377
1115,1387.6771
1115,1387.6771
1115,1373.0302
1115,1387.6771
1115,1387.6771
1115,1387.6771
1115,1387.6771
1115,1373.0302
1115,1373.0302
1115,1408.5203
1115,1254.239
1115,1240.9995
1115,1240.9995
1115,1254.239
1115,1254.239
1115,1662.9622
1115,1645.4125
1115,1610.8641
1116,1161.2179
1116,1480.8221
1116,1427.3531
1116,1306.7091
1116,1161.2179
1116,1136.8298
1116,1210.1409
1116,1424.6002
1116,1287.6141
1116,1424.6002
1116,1424.6002
1116,1409.5637
1116,1409.5637
1116,1268.7532
1116,1274.0226
1116,1287.6141
1116,1274.0226
1116,1287.6141
1116,1287.6141
1116,1274.0226
1116,1217.0468
1116,1106.2513
1116,1094.5726
1116,1245.4213
1116,1202.6362
1117,1300.3976
1117,1359.1492
1117,1299.5577
1117,1310.7754
1117,1324.7587
1117,1197.3665
1117,1324.7587
1117,1324.7587
1117,1324.7587
1117,1300.1426
1117,1018.4943
1118,1428.2642
1118,1270.3842
1119,1505.1367
1119,1553.8308
1119,1325.152
1119,1136.8298
1119,1136.8298
1119,1101.8988
1119,1069.205
1120,1401.3223
1120,1416.2708
1120,1416.2708
1120,1202.1025
1120,1395.576
1120,1371.3965
1120,1391.3889
1121,1128.9436
1121,1153.162
1121,1185.4829
1121,1246.0996
1121,1191.2365
1121,1327.1833
1121,1327.1833
1121,1204.7244
1121,1242.2261
1122,1458.9105
1122,1335.601
1122,1252.3933
1122,1073.4438
1122,1084.8972
1122,1096.4728
1122,1076.6743
1122,1285.961
1122,1272.387
1122,1272.387
1122,1181.8146
1122,1331.3127
1122,1285.961
1122,1160.6954
1123,1348.2427
1123,1477.6882
1123,1323.4508
1123,1502.0925
1123,1337.5692
1123,1309.4806
1123,1486.2382
1123,1309.4806
1123,1470.5516
1123,1486.2382
1123,1486.2382
1123,1323.4508
1123,1337.5692
1123,1337.5692
1123,1337.5692
1123,1486.2382
1123,1367.1428
1123,1367.1428
1123,1454.0908
1124,1084.8972
1124,1339.2886
1124,1426.4307
1124,1426.4307
1124,1426.4307
1124,1426.4307
1124,1426.4307
1124,1276.9204
1124,1290.5435
1124,1309.9281
1124,1309.9281
1124,1309.9281
1124,1296.1012
1125,1321.5026
1125,1243.7059
1125,1349.8489
1125,1081.3123
1125,1220.7096
1125,1024.7539
1125,1452.2324
1125,1374.9243
1125,1189.1724
1125,1363.5067
1125,1142.6708
1125,1130.6075
1125,1130.6075
492,853.795
492,1029.7222
492,844.7791
492,1040.7095
492,1018.8507
492,844.7791
492,862.907
492,1018.8507
492,844.7791
492,1040.7095
493,1020.1607
493,811.6451
493,871.6416
493,825.96234
493,825.96234
493,825.96234
493,825.96234
493,825.96234
494,895.8257
494,866.9634
494,866.9634
495,842.31573
495,842.31573
495,797.1467
495,797.1467
495,867.8205
495,832.55676
496,1060.6326
496,859.8418
496,796.12286
1125,1142.6708
1125,1118.672
1125,1142.6708
1125,1142.6708
1125,1142.6708
1125,1159.836
1125,1159.836
1125,1159.836
1125,1159.836
1125,1147.5922
1125,1147.5922
1125,1147.5922
1125,1378.0522
1125,1378.0522
1125,1363.5067
1125,1378.0522
1125,1363.5067
1125,1363.5067
1125,1363.5067
1125,1378.0522
1125,1363.5067
1125,1378.0522
1125,1363.5067
1125,1363.5067
1125,1363.5067
1125,1363.5067
1125,1378.0522
1125,1378.0522
1125,1256.9744
1125,1398.7509
1125,1120.6144
1125,956.16565
1126,1477.9661
1126,1376.6917
1126,1432.5737
1127,1165.4657
1127,1124.8196
1127,1253.3212
1127,1432.3038
1127,1346.9225
1127,1328.8888
1128,1455.8223
1128,1457.9675
1128,1457.9675
1128,1579.1942
1128,1220.8342
1128,1415.3553
1129,1108.8885
1129,1401.454
1129,1432.5737
1129,1470.6898
1129,1464.384
1129,1448.9281
1129,1426.4307
1129,1191.2365
1129,1153.908
1129,1290.926
1129,1277.2996
1129,1329.9983
1129,1329.9983
1129,1329.9983
1129,1315.9597
1129,1315.9597
1129,1329.9983
1129,1335.7264
1129,1335.7264
1129,1335.7264
1129,1335.7264
1129,1477.8271
1129,1493.5912
1129,1477.8271
1129,1493.5912
1129,1493.5912
1130,1479.0609
1130,1371.0098
1130,1414.7194
1130,1363.6349
1130,1363.6349
1130,1214.8132
1130,1052.0273
1130,1246.2268
1130,1607.1852
1131,1388.574
1131,1455.9591
1131,1499.6519
1131,1213.9243
1131,1355.9174
1131,1183.3242
1131,1156.2375
1131,1376.2831
1131,1258.1422
1131,1210.1409
1132,1213.1395
1132,1187.6626
1132,1328.0413
1132,1685.1715
1132,1685.1715
1132,1569.2427
1132,1667.3867
1132,1187.6626
1132,1328.0413
1132,1244.4998
1132,1254.8036
1133,1579.1942
1133,1147.4844
1133,1225.3
1133,1124.102
1133,1519.2391
1133,1319.0776
1133,1519.2391
1133,1519.2391
1133,1519.2391
1133,1157.724
1133,1272.0172
1133,1272.0172
1133,1272.0172
1133,1401.7175
1133,1386.9225
1133,1480.8221
1133,1523.845
1134,1528.4297
1134,1175.1151
1134,1175.1151
1134,1280.9021
1134,1121.4442
1134,1243.9576
1134,1388.3018
1134,1114.4807
1134,1493.6125
1134,1755.8441
1134,1269.1401
1134,1269.1401
1134,1425.2529
1134,1774.5726
1135,1580.2019
1135,1125.5472
1135,1389.4608
1135,1376.6917
1135,1562.5272
1136,1032.7749
1136,1154.753
1136,1050.6765
1136,1440.4565
1136,1269.1401
1137,1434.55
1138,1606.883
1138,1238.3722
1138,1434.55
1138,1527.455
1138,1610.8641
1138,1212.3657
1138,1186.8948
1138,1334.8739
1138,1662.9622
1138,1662.9622
1138,1477.8483
1139,1201.3358
1139,1298.4735
1139,1426.2965
1140,1425.5209
1140,1131.9546
1140,1685.0364
1140,1197.479
1140,1197.479
1140,1334.1371
1140,1148.2168
1140,1148.2168
1140,1148.2168
1140,1148.2168
1140,1148.2168
1140,1432.3038
1140,1437.8134
1140,1454.2274
1140,1454.2274
1140,1454.2274
1140,1454.2274
1140,1454.2274
1140,1437.8134
1140,1454.2274
1140,1437.8134
1140,1280.3258
1140,1422.6377
1140,1422.6377
1140,1556.3811
1140,1422.6377
1141,1255.7327
1141,1061.4246
1141,1463.0242
1141,1432.3038
1141,1432.3038
1141,1366.8853
1141,1251.0212
1141,1084.1964
1141,1183.9779
1141,1462.0919
1141,1136.0955
1141,1327.1942
1142,1555.8273
1142,1418.3579
1142,1403.3873
1142,1418.3579
1142,1418.3579
1142,1403.3873
1142,1418.3579
1142,1403.3873
1142,1418.3579
1142,1418.3579
1142,1418.3579
1142,1356.527
1142,1268.4396
1142,1605.1229
1142,1281.9717
1143,1398.2731
1143,1458.9105
1143,1226.9905
1143,1459.8416
1143,1229.2365
1143,1120.7197
1144,1193.5394
1144,1408.5203
1144,1366.1418
1144,1366.1418
1145,1512.2981
1145,1412.2878
1145,1321.5026
1145,1479.8657
1145,1228.6833
1145,1198.0181
1145,1510.6416
1145,1494.6976
1146,1416.2708
1146,1494.416
1146,1298.4735
1146,1446.6476
1147,1243.7059
1147,1210.272
1147,1440.4565
1147,1266.573
1147,1325.873
1147,1253.1926
1147,1355.8086
1147,1682.8743
1148,1124.102
1148,1360.4119
1148,1449.7164
1148,1426.4307
1148,1191.2365
1148,1373.1593
1148,1302.1923
1148,1302.1923
1148,1316.0835
1148,1352.7119
1148,1513.7037
1149,1203.4216
1149,1150.436
1149,1511.4757
1150,1397.3693
1150,1217.5771
1150,1344.1981
1150,1283.2386
1151,1201.8766
1151,1535.3004
1151,1600.2946
1151,1503.0634
1151,1367.1428
1151,1535.3004
1151,1535.3004
1151,1367.1428
1151,1338.4337
1151,1338.4337
1151,1503.0634
1151,1367.1428
1151,1338.4337
1151,1535.3004
1151,1367.1428
1151,1352.7119
1151,1084.1964
1151,1246.0996
1151,1407.1296
1151,1217.5771
1151,1192.0071
1152,1613.063
1152,1596.0388
1152,1200.3335
1152,1408.3872
1152,1181.805
1152,1181.805
1153,1225.3
1153,1225.3
1153,1272.0172
1153,1251.5844
1153,1317.7753
1153,1393.6534
1153,1393.6534
1153,1393.6534
1153,1393.6534
1153,1393.6534
1153,1408.5203
1153,1393.6534
1153,1393.6534
496,802.47894
496,844.2397
497,806.252
497,830.66614
497,818.368
497,818.368
497,727.1395
497,652.616
497,799.553
497,909.86694
497,900.92645
498,916.40405
498,998.92096
498,998.92096
498,877.73206
498,778.89233
498,811.6451
498,811.6451
498,811.6451
498,836.4707
498,695.1068
498,862.907
498,1062.7826
498,1108.8816
498,1061.418
499,807.811
499,1112.9382
499,848.4984
499,911.2157
499,911.2157
1153,1408.5203
1153,1393.6534
1153,1408.5203
1153,1408.5203
1153,1408.5203
1153,1408.5203
1153,1408.5203
1153,1393.6534
1153,1393.6534
1153,1408.5203
1153,1408.5203
1153,1408.5203
1153,1408.5203
1153,1408.5203
1153,1408.5203
1153,1393.6534
1153,1393.6534
1153,1393.6534
1153,1393.6534
1153,1393.6534
1153,1408.5203
1153,1408.5203
1153,1393.6534
1154,1491.1643
1154,1266.692
1154,1406.2316
1154,1386.5195
1154,1355.6617
1154,1371.8848
1154,1384.7402
1154,1355.6617
1154,1253.1926
1154,1239.9641
1154,1253.1926
1154,1384.7402
1154,1355.6617
1154,1355.6617
1154,1213.9243
1154,1370.1235
1154,1521.1919
1154,1521.1919
1154,1408.5203
1154,1148.2168
1154,1173.6069
1154,1405.3234
1154,1253.3212
1155,1285.961
1155,1359.4048
1155,1345.056
1155,1345.056
1155,1365.2594
1155,1365.2594
1155,1504.0225
1155,1269.1401
1155,1471.3517
1155,1471.3517
1155,1440.4565
1155,1440.4565
1155,1323.4508
1155,1471.3517
1155,1526.6119
1155,1440.4565
1155,1455.8223
1155,1471.3517
1155,1440.4565
1156,1538.1226
1156,1447.7194
1156,1217.587
1156,1136.0955
1156,1723.2131
1157,1386.7921
1157,1462.0919
1157,1462.0919
1157,1490.2013
1157,1396.3468
1158,1479.8657
1158,1479.8657
1158,1479.8657
1158,1479.8657
1158,1479.8657
1158,1479.8657
1158,1472.4418
1158,1317.7753
1158,1479.8657
1158,1479.8657
1158,1168.4637
1158,1576.857
1158,1755.8441
1158,1874.8802
1159,1704.2472
1159,1606.1603
1159,1375.4138
1159,1213.1395
1160,1614.1062
1160,1378.9429
1160,1274.4756
1160,1447.5833
1160,1226.0927
1160,1459.8416
1160,1395.576
1160,1395.576
1160,1521.1919
1160,1148.2168
1161,1458.9105
1161,1308.3888
1161,1174.3656
1161,1280.0851
1161,1275.2891
1161,1173.6069
1161,1173.6069
1162,1415.6337
1162,1385.8958
1162,1445.9968
1162,1386.5195
1163,1256.6631
1163,1496.7595
1163,1496.7595
1163,1496.7595
1163,1511.3214
1163,1463.9705
1163,1463.9705
1163,1479.5868
1163,1225.531
1163,1207.9373
1163,1260.3265
1163,1012.72864
1163,1012.72864
1163,1172.1001
1163,1207.3938
1163,1357.6603
1163,1357.6603
1163,1357.6603
1163,1343.3292
1163,1343.3292
1163,1343.3292
1163,1357.6603
1163,1357.6603
1163,1357.6603
1163,1343.3292
1163,1161.2179
1164,1555.8273
1164,1475.4259
1164,1256.6631
1165,1157.724
1166,1227.8997
1166,1335.0077
1166,1405.3347
1166,1479.8657
1166,1037.7885
1166,1336.4532
1166,1364.3881
1166,1641.5138
1166,1853.8966
1167,1676.8759
1167,1513.5608
1167,1513.5608
1167,1447.5833
1167,1477.6882
1167,1536.4377
1167,1552.8265
1167,1511.7606
1167,1307.6771
1168,1579.1942
1168,1588.7472
1168,1457.9675
1168,1457.9675
1168,1457.9675
1168,1457.9675
1168,1457.9675
1168,1285.961
1168,1285.961
1168,1285.961
1168,1285.961
1168,1396.3468
1168,1396.3468
1169,1458.9105
1169,1570.1091
1169,1449.7164
1169,1434.4152
1169,1449.7164
1169,1449.7164
1169,1449.7164
1169,1298.4735
1169,1573.4397
1169,1310.317
1169,1820.6053
1170,1413.8251
1170,1225.3
1170,1148.959
1170,1472.3033
1170,1217.5771
1170,1149.6929
1170,1149.6929
1170,1285.5978
1170,1469.6018
1170,1432.7084
1170,1437.8134
1170,1432.7084
1170,1417.5865
1170,1469.6018
1170,1415.3553
1170,1294.8215
1170,1308.6348
1170,1294.8215
1170,1469.6018
1170,1280.0851
1170,1292.0803
1171,1225.3
1171,1329.7483
1171,1528.8739
1171,1244.4998
1172,1205.617
1172,1245.539
1172,1133.4098
1172,1529.4182
1172,1239.1732
1172,1398.7509
1172,1344.1981
1172,1136.0955
1172,1256.9744
1173,1416.2708
1173,1201.8766
1173,1406.2316
1173,1406.2316
1173,1481.4886
1173,1447.7194
1173,1447.7194
1173,1658.107
1173,1207.9373
1173,1328.8888
1173,1300.1426
1173,1386.5195
1173,1227.6582
1173,1231.363
1173,1251.5844
1174,1552.5347
1174,1447.5833
1174,1414.7194
1174,1278.6827
1174,1278.6827
1174,1363.6349
1174,1265.2029
1175,1416.2708
1175,1175.8752
1175,1174.3656
1175,1417.1747
1175,1417.1747
1175,1417.1747
1175,1240.7656
1175,1402.2166
1175,1582.9451
1175,1279.2577
1175,1462.0919
1175,1181.8146
1175,1447.7401
1176,1107.4647
1176,1660.2374
1176,1327.1833
1176,1416.5371
1176,1486.3785
1176,1201.8766
1176,1416.5371
1176,1416.5371
1176,1416.5371
1176,1196.722
1176,1464.9047
1176,1464.9047
1176,1412.0101
1176,1306.8319
1176,1490.884
1176,1425.2529
1176,1416.5371
1177,1400.4165
1177,1415.3553
1177,1439.6615
1177,1438.2402
1177,1438.2402
1177,1429.6755
1177,1429.6755
1178,1130.5012
1178,1368.8995
1178,1148.2168
1178,1253.1926
1178,1408.9377
1178,1207.1667
1178,1493.4508
1179,1133.4098
1179,1294.6998
1179,1281.73
1179,1397.3693
1179,1353.5868
1179,1382.6201
1179,1397.3693
1179,1397.3693
1179,1569.2427
1179,1382.6201
1179,1382.6201
1179,1397.3693
1179,1554.8224
1179,1397.3693
499,1060.6326
499,940.0114
499,880.86096
499,880.86096
499,880.86096
499,960.1804
499,960.1804
499,960.1804
499,960.1804
499,960.1804
499,960.1804
499,960.1804
499,960.1804
499,960.1804
499,1084.8905
499,901.5942
499,651.7723
499,1072.7438
499,1088.8594
500,739.1628
500,887.0158
500,800.65656
500,800.65656
500,779.46967
500,946.5791
500,946.5791
500,853.24976
500,853.24976
500,853.24976
500,853.24976
1179,1552.6807
1179,1569.2427
1179,1569.2427
1179,1397.3693
1179,1552.6807
1179,1397.3693
1179,1397.3693
1179,1397.3693
1179,1382.6201
1179,1380.7153
1179,1397.3693
1179,1397.3693
1179,1144.0317
1179,1281.033
1179,1488.2883
1179,1320.649
1180,1201.8766
1180,1385.6351
1180,1494.416
1180,1326.0084
1180,1494.416
1180,1292.2018
1180,1292.2018
1180,1378.0522
1180,1165.4657
1180,1156.8762
1181,1631.323
1181,1648.7233
1181,1648.7233
1181,1631.323
1181,1307.5536
1181,1355.6617
1181,1355.6617
1181,1384.7402
1181,1341.3525
1181,1370.1235
1181,1384.7402
1181,1389.4608
1181,1374.795
1181,1424.4656
1181,1439.6615
1181,1424.4656
1181,1424.4656
1181,1270.6412
1181,1370.1235
1181,1370.1235
1181,1273.9022
1181,1124.102
1182,1220.7096
1182,1491.0242
1183,1499.6519
1183,1428.2642
1183,1554.8224
1183,1554.8224
1183,1417.1747
1183,1417.1747
1184,1448.7911
1184,1590.223
1184,1367.7576
1185,1528.4297
1185,1649.7896
1185,1685.1715
1185,1384.7402
1185,1438.2402
1186,1458.9105
1186,1350.7213
1186,1512.5833
1186,1457.9675
1186,1286.4183
1186,667.3476
1186,667.3476
1187,1557.8269
1187,1225.3
1187,1225.3
1187,1225.3
1187,1512.5833
1187,1512.5833
1187,1512.5833
1187,1512.5833
1187,1496.6182
1187,1346.9116
1187,1346.9116
1187,1512.5833
1187,1512.5833
1187,1512.5833
1187,1480.8221
1187,1512.5833
1187,1496.6182
1187,1512.5833
1187,1512.5833
1187,1512.5833
1187,1512.5833
1187,1318.6276
1187,1512.5833
1187,1366.0023
1188,1401.7175
1188,1037.7885
1188,1191.2365
1188,1097.6603
1188,1356.8021
1188,1530.5504
1188,1158.129
1188,1440.4565
1189,1200.3335
1189,1448.7911
1189,1405.3234
1190,1013.38336
1190,1416.2708
1190,1182.5695
1190,1586.8577
1190,1570.1091
1190,1493.4508
1190,1570.1091
1190,1046.0715
1191,1555.8273
1191,1410.1975
1191,1327.1833
1191,1298.4735
1192,1272.0172
1192,1173.6069
1192,1378.4613
1192,1373.0302
1192,1387.6771
1192,1387.6771
1192,1373.0302
1192,1373.0302
1192,1373.0302
1192,1373.0302
1192,1387.6771
1192,1387.6771
1192,1373.0302
1192,1373.0302
1192,1387.6771
1192,1387.6771
1192,1387.6771
1192,1387.6771
1192,1387.6771
1192,1373.0302
1192,1387.6771
1192,1387.6771
1192,1387.6771
1192,1387.6771
1193,1255.0497
1193,1460.785
1193,1604.8204
1193,1213.1395
1193,1358.2706
1193,1254.8036
1193,1436.3939
1193,1498.6833
1193,1176.7466
1193,1336.4641
1194,1142.4554
1194,1408.0392
1194,1432.4391
1195,1385.6351
1195,1424.6002
1195,1546.7186
1195,1546.7186
1195,1258.5902
1195,1173.6069
1195,1284.7675
1195,1668.1364
1195,1220.8342
1195,1161.2179
1196,1481.7678
1196,1466.1285
1196,1357.6603
1196,1490.2013
1196,1490.2013
1196,1420.8202
1196,1236.2335
1196,1325.152
1196,1858.4626
1196,1858.4626
1196,1425.2529
1196,1204.7244
1196,1204.7244
1197,1359.1492
1197,1437.3223
1197,1529.8495
1197,1529.8495
1197,1771.6642
1197,1225.3
1197,1268.2006
1197,1225.3
1197,1225.3
1197,1212.3657
1197,1212.3657
1197,1335.601
1197,1225.3
1197,1281.73
1197,1225.3
1197,1309.2238
1197,1225.3
1197,1212.3657
1197,1335.601
1197,1368.494
1197,1226.082
1197,1307.543
1197,1492.8003
1197,1511.4757
1198,1287.3715
1199,1570.2576
1199,1273.0793
1199,1436.3939
1199,1338.3079
1199,1401.3223
1200,1366.2703
1200,1544.039
1200,1395.576
1200,1544.039
1200,1511.6178
1200,1416.2708
1200,1395.576
1200,1511.6178
1200,1544.039
1200,1380.8458
1200,1380.8458
1200,1521.1919
1200,1405.3234
1200,1323.4508
1200,1337.5692
1200,1337.5692
1200,1337.5692
1200,1337.5692
1200,1323.4508
1200,1323.4508
1200,1323.4508
1200,1486.2382
1200,1486.2382
1200,1486.2382
1200,1486.2382
1200,1502.0925
1200,1502.0925
1201,1376.6917
1201,1405.3234
1202,1225.3
1202,1247.0222
1202,1459.8416
1202,1459.8416
1202,1194.3013
1202,1440.0881
1202,1494.416
1203,1323.3257
1203,1527.455
1203,1365.1305
1203,1270.3842
1204,1510.3575
1204,1314.3945
1204,1314.3945
1205,1448.7911
1205,1544.8916
1205,1490.2013
1205,1226.082
1205,1226.082
1205,1226.082
1205,1400.4165
1205,1400.4165
1205,1415.3553
1205,1400.4165
1206,1322.346
1206,1562.2201
1206,1199.5581
1206,1457.9675
1206,1457.9675
1206,1596.0388
1206,1662.9622
1207,1413.1891
1207,1428.2642
1207,1398.2731
1207,1428.2642
1207,1428.2642
1207,1413.1891
1207,1413.1891
1207,1428.2642
1207,1603.9348
1207,1398.2731
1207,1413.1891
1207,1670.7656
1207,1603.9348
1207,1603.9348
1207,1603.9348
1207,1459.8416
1207,1363.6349
1207,1432.5737
1207,1464.384
1207,1448.9281
1207,1470.6898
1207,1184.0891
1207,1935.5117
1208,1447.7194
1208,1432.7201
1208,1363.9109
1208,1393.7845
1208,1513.2632
1208,1479.0609
1208,1166.9635
1208,1314.8619
1209,1207.1667
500,862.35596
500,738.5458
500,862.35596
500,862.35596
500,880.86096
500,862.35596
500,746.4292
500,862.35596
500,871.55963
501,796.12286
501,698.1026
501,1087.9508
501,856.0728
501,1025.3058
502,813.7341
502,801.6863
502,801.6863
502,801.6863
502,801.6863
502,801.6863
502,1036.2545
503,699.06635
503,867.8205
503,801.6863
503,750.7513
503,854.9733
503,901.5021
503,941.13116
504,841.77826
504,917.5824
1209,1372.2834
1209,1513.2632
1209,1405.3234
1209,1455.9591
1209,1195.1855
1210,1667.3867
1210,1685.1715
1210,1685.1715
1210,1389.199
1210,1570.1091
1210,1217.5771
1210,1434.55
1210,1738.4233
1211,1400.4165
1211,1519.2391
1211,1519.2391
1211,1519.2391
1211,1519.2391
1211,1319.3451
1211,1319.0776
1211,1521.1919
1212,1578.1743
1212,1448.5071
1212,1201.0996
1212,1201.0996
1212,1498.6833
1212,1498.6833
1212,1498.6833
1212,1400.8315
1213,1335.601
1213,1361.2911
1213,1352.4575
1213,1490.2013
1213,1388.3018
1213,1389.4608
1213,1376.6917
1214,1335.601
1214,1225.3
1214,1329.7483
1214,1230.577
1214,1181.805
1214,1181.805
1214,1341.613
1214,1341.613
1214,1199.5581
1214,1309.2238
1214,1401.7175
1214,1401.7175
1214,1401.7175
1214,1401.7175
1214,1377.4519
1214,1563.2305
1214,1321.5026
1214,1321.5026
1215,1434.55
1215,1465.055
1215,1603.7832
1216,1390.3589
1216,1546.0228
1216,1546.0228
1216,1546.0228
1216,1376.6917
1216,1376.6917
1216,1261.9467
1216,1325.873
1216,1325.873
1217,1555.8273
1217,1532.8065
1217,1269.01
1217,1440.4565
1218,1296.2416
1218,1324.0458
1218,1058.0166
1218,1190.0603
1218,1042.3569
1218,1042.3569
1218,1498.6833
1219,1413.8251
1219,1308.3888
1219,1339.0361
1219,1174.587
1219,1186.8948
1219,1174.3656
1219,1313.1738
1219,1347.3905
1219,1136.0955
1220,1282.8003
1220,1335.601
1220,1406.2316
1220,1252.3933
1220,1239.1732
1220,1350.7213
1220,1252.3933
1220,1265.7543
1220,1350.7213
1220,1350.7213
1220,1131.2234
1220,1356.527
1221,1624.3282
1221,1546.7186
1221,1544.7339
1221,1264.6234
1221,1418.3579
1221,1403.3873
1221,1418.3579
1221,1418.3579
1221,1418.3579
1221,1418.3579
1221,1418.3579
1221,1418.3579
1221,1403.3873
1221,1226.9905
1221,1403.3873
1222,1455.8223
1222,1173.6069
1223,1478.6312
1223,1685.1715
1223,1523.1471
1223,1523.1471
1223,1199.5581
1223,1425.2407
1223,1425.2407
1223,1321.5026
1224,1235.445
1224,1183.3242
1224,1427.3531
1224,1538.1226
1225,1511.6178
1225,1301.1052
1225,1433.2185
1225,1404.1624
1226,1343.203
1226,1561.2239
1226,1577.877
1226,1372.0137
1226,1398.7509
1226,1226.082
1226,1219.2668
1226,1381.4667
1226,1327.1833
1226,1497.2916
1227,1395.313
1227,1399.1654
1227,1151.1704
1227,1253.1926
1227,1148.959
1227,1136.8298
1227,1447.5833
1227,1447.5833
1227,1463.0242
1227,1360.4119
1227,1284.7675
1227,1221.7389
1228,1573.4397
1228,1596.7571
1228,1320.7732
1228,1300.1426
1228,1176.6259
1228,1338.3079
1228,1396.3468
1228,1482.4341
1229,1417.6061
1229,1406.2316
1229,1547.1681
1229,1292.464
1229,1478.6312
1229,1478.6312
1229,1436.3939
1229,1436.3939
1229,1436.3939
1229,1436.3939
1229,1436.3939
1229,1436.3939
1229,1498.6833
1229,1446.6476
1229,1401.3223
1229,1431.3787
1229,1395.4448
1229,1668.1364
1230,1281.73
1230,1352.7119
1230,1367.1428
1230,1367.1428
1230,1367.1428
1230,1367.1428
1230,1352.7119
1230,1352.7119
1230,1352.7119
1230,1535.3004
1230,1535.3004
1230,1535.3004
1230,1535.3004
1230,1535.3004
1230,1535.3004
1231,1586.8577
1231,1349.8489
1231,1321.5026
1231,1496.6182
1232,1170.8328
1232,1158.4724
1232,1280.0851
1232,1411.3749
1232,1578.1743
1232,1545.0369
1232,1545.0369
1232,1396.478
1232,1561.5173
1232,1181.805
1232,1446.6476
1232,1425.2407
1232,1364.2487
1232,1440.4565
1232,1494.416
1232,1622.0914
1232,2381.5613
1233,1480.8221
1233,1622.244
1233,1523.1471
1233,1320.0631
1233,1223.184
1234,1634.154
1234,1614.8326
1234,1649.4653
1234,1297.202
1234,1477.8271
1234,1383.3837
1235,1026.7354
1235,1449.4432
1235,1355.6617
1235,1226.8751
1235,1639.3934
1235,1444.4335
1235,1459.8416
1235,1459.8416
1235,1639.3934
1235,1639.3934
1235,1639.3934
1235,1639.3934
1235,1235.445
1235,1211.0375
1235,1349.9758
1235,1386.5195
1235,1397.3693
1235,1382.6201
1235,1397.3693
1235,1382.6201
1235,1397.3693
1235,1382.6201
1235,1397.3693
1235,1397.3693
1235,1397.3693
1235,1382.6201
1235,1353.5868
1235,1397.3693
1235,1397.3693
1235,1397.3693
1235,1397.3693
1235,1569.2427
1235,1569.2427
1235,1552.6807
1235,1569.2427
1235,1552.6807
1235,1570.1091
1235,1204.7244
1235,1570.1091
1235,1603.7832
1235,1570.1091
1235,1361.7759
1235,1384.8903
1235,1397.3693
1236,1427.3531
1236,1207.9373
1236,1226.082
1236,1490.2013
1237,1225.3
1237,1225.3
1237,1252.3933
1237,1308.3888
1237,1657.7947
1237,1473.2429
1237,1289.849
1237,1251.5844
1237,1279.2577
1237,1456.7632
1237,1503.8811
1237,1621.9382
1238,1471.3517
1238,1505.8141
1238,1704.2472
1238,1512.2981
1238,1273.0793
1238,1771.6642
1238,1433.7781
1238,1288.1931
1238,1355.1876
1238,1330.5969
1238,1288.2041
1238,1471.3517
1238,1455.8223
1238,1488.1484
388,1059.2706
388,1059.2706
388,1059.2706
388,769.6042
388,695.55676
389,725.742
389,730.3419
389,741.3185
389,771.23773
389,638.07446
390,698.1026
391,782.8282
391,800.1457
391,800.1457
391,930.1737
391,698.1683
391,661.56964
391,661.56964
391,769.10645
391,658.7361
393,872.20514
393,872.20514
393,694.2142
393,725.742
393,699.9656
393,685.2565
393,875.3144
393,692.57184
393,692.57184
393,698.55414
504,917.5824
504,917.5824
504,917.5824
504,903.9994
504,922.8074
504,973.023
504,973.023
504,973.023
504,1060.6326
504,1060.6326
504,1060.6326
504,805.2165
504,905.73975
504,864.7379
504,864.7379
504,925.4979
504,928.6542
504,928.6542
504,928.6542
504,962.7496
504,713.5482
504,706.0113
504,725.742
504,699.9656
504,699.9656
504,692.57184
504,699.9656
504,692.57184
504,692.57184
504,884.65576
1238,1317.7753
1238,1479.8657
1238,1479.8657
1238,1479.8657
1238,1479.8657
1238,1479.8657
1238,1479.8657
1238,1425.2529
1238,1479.8657
1238,1478.7822
1238,1553.5381
1238,1479.8657
1239,1368.6422
1239,1339.0361
1239,1339.0361
1239,1513.2632
1239,1509.3813
1239,1509.3813
1239,1339.0361
1239,1194.4232
1239,1509.3813
1239,1402.7646
1239,1436.3939
1239,1436.3939
1239,1385.6351
1239,1393.8044
1239,1401.7175
1240,1048.2911
1240,1048.2911
1240,1594.8574
1240,1080.0254
1240,1080.0254
1240,1216.375
1240,1343.4562
1240,1343.4562
1240,1343.4562
1240,1343.4562
1240,1384.7402
1240,1384.7402
1240,1226.8751
1240,1253.1926
1240,1239.9641
1240,1253.1926
1240,1386.5195
1240,1371.8848
1240,1370.1235
1240,1384.7402
1240,1370.1235
1240,1370.1235
1240,1370.1235
1240,1300.1426
1240,1371.8848
1240,1251.5844
1240,1635.2108
1240,1326.0084
1240,1301.1052
1241,1337.3171
1241,1351.584
1241,1489.1102
1241,1607.1852
1241,1667.3867
1241,1472.3033
1242,1189.3011
1242,1187.6626
1242,1213.1395
1242,1187.6626
1242,1342.2086
1242,1342.2086
1243,1252.3933
1243,1271.2053
1243,1432.4391
1243,1207.9373
1243,1720.9882
1243,1611.7175
1243,1720.9882
1243,1427.219
1243,1427.219
1243,1496.7595
1243,1496.7595
1243,1496.7595
1243,1512.5833
1243,1477.6882
1243,1477.6882
1243,1346.9116
1243,1346.9116
1243,1346.9116
1243,1512.5833
1243,1496.6182
1243,1512.5833
1243,1512.5833
1243,1512.5833
1243,1512.5833
1243,1512.5833
1243,1512.5833
1243,1496.6182
1243,1512.5833
1243,1512.5833
1243,1512.5833
1243,1512.5833
1243,1512.5833
1243,1512.5833
1243,1509.3813
1243,1493.4508
1244,1365.1305
1244,1579.9049
1244,1380.5856
1244,1266.573
1244,1266.573
1244,1266.573
1244,1280.0851
1244,1280.0851
1244,1395.313
1244,1410.1975
1244,1966.0327
1244,1131.2234
1244,1613.789
1244,1226.9905
1245,1432.4391
1245,1407.1296
1245,1547.0227
1245,1580.2019
1245,1397.3693
1245,1521.1919
1245,1521.1919
1245,1065.4083
1245,1199.5581
1245,1226.082
1245,1375.6836
1246,1472.4418
1246,1511.3214
1246,1511.3214
1246,1511.3214
1246,1253.3212
1246,1180.1768
1246,1314.9861
1246,1538.1226
1247,1409.4307
1247,1514.242
1247,1536.4377
1247,1552.8265
1247,1324.0458
1247,1338.1713
1247,1647.348
1247,1464.9047
1248,1226.8751
1248,1685.9291
1248,1280.9021
1248,1669.6866
1248,1511.7606
1249,1293.7413
1249,1480.8221
1249,1590.223
1249,1595.7388
1249,1293.7413
1249,1293.7413
1249,1632.2238
1250,1487.0468
1250,1687.0193
1250,1687.0193
1250,1349.1147
1250,1335.601
1250,1335.601
1250,1335.601
1250,1335.601
1250,1426.1625
1250,1265.7543
1250,1349.8489
1250,1378.0522
1250,1330.5969
1250,1425.2407
1250,1463.9705
1250,1511.3214
1250,1495.3704
1250,1479.5868
1250,1449.7164
1250,1449.7164
1250,1449.7164
1250,1434.4152
1250,1449.7164
1250,1450.3689
1250,2051.496
1250,1509.3813
1250,1509.3813
1250,1161.2179
1251,1233.8589
1251,1372.9011
1251,1527.8865
1251,1500.6089
1251,1463.1625
1252,1129.7709
1252,1378.0522
1252,1512.7377
1253,1609.9751
1253,1309.2238
1253,1553.5381
1253,1335.0077
1253,1466.1285
1253,1481.7678
1253,1310.1931
1254,1274.4756
1254,1279.2577
1254,1455.0305
1254,1529.8495
1254,1529.8495
1254,1445.367
1255,1566.6937
1255,1457.6935
1255,1604.8204
1255,1367.7576
1255,1226.082
1255,1336.4532
1255,1336.4532
1255,1438.2402
1255,1528.7302
1255,1640.1312
1255,1575.1523
1255,1493.6125
1256,1417.1747
1257,1538.2672
1257,1255.6146
1257,1237.0332
1257,1486.3785
1257,1332.3074
1257,1436.3939
1257,1436.3939
1257,1380.8458
1257,1395.576
1257,1527.7428
1257,1544.039
1257,1395.576
1257,1380.8458
1257,1380.8458
1257,1544.039
1257,1527.7428
1257,1586.8577
1257,1544.039
1257,1383.3837
1257,1383.3837
1257,1570.1091
1257,1573.1305
1258,1314.1469
1258,1667.0725
1258,1318.3684
1258,1418.9962
1259,1234.647
1259,1234.647
1259,1487.0468
1259,1468.1503
1259,1468.1503
1259,1468.1503
1259,1468.1503
1259,1468.1503
1259,1301.9469
1259,1440.4565
1259,1545.7322
1259,1239.1732
1260,1489.9211
1260,1591.2385
1260,1234.647
1260,1488.9581
1260,1157.724
1261,1237.0332
1261,1395.313
1261,1395.313
1261,1252.3933
1261,1252.3933
1261,1252.3933
1261,1532.8065
1261,1556.8208
1261,1565.6812
1261,1495.511
1261,1418.2245
1262,1513.5608
1262,1264.3856
1262,1207.1667
1262,1339.0361
1262,1242.478
1262,1703.926
1262,3937.4688
1262,1338.3079
1262,1366.1418
1262,1478.6312
1262,1561.3706
1262,1370.1235
1263,1457.9675
1263,1457.9675
1263,1442.5792
1263,1596.0388
1263,1457.9675
1263,1457.9675
1263,1460.785
1263,1579.1942
1263,1613.063
1263,1442.5792
1263,1596.0388
1263,1427.3531
1263,1613.063
1263,1596.0388
1263,1476.3682
1263,1457.9675
504,1156.1217
504,923.9936
504,947.8854
504,923.9936
504,818.291
504,809.6496
504,801.099
504,1180.9232
504,801.099
505,916.40405
505,916.40405
505,916.40405
505,916.40405
505,998.92096
505,998.92096
505,998.92096
505,998.92096
505,998.92096
505,998.92096
505,998.92096
505,998.92096
505,998.92096
505,998.92096
505,998.92096
505,998.92096
505,998.92096
505,998.92096
505,998.92096
505,998.92096
505,998.92096
1263,1613.063
1263,1442.5792
1263,1613.063
1263,1713.6239
1263,1297.1908
1263,1402.2166
1263,1240.7656
1263,1417.1747
1263,1417.1747
1263,1417.1747
1264,1542.751
1264,1542.751
1264,1510.3575
1264,1542.751
1264,1542.751
1264,1526.4677
1264,1428.2642
1264,1413.1891
1264,1413.1891
1264,1428.2642
1264,1413.1891
1264,1413.1891
1264,1413.1891
1264,1428.2642
1264,1413.1891
1264,1428.2642
1264,1603.9348
1264,1603.9348
1264,1603.9348
1264,1603.9348
1265,1383.2424
1265,1365.1305
1265,1514.242
1265,1614.8326
1265,1385.6351
1265,1383.2424
1265,1546.7186
1265,1415.3553
1265,1400.4165
1265,1383.2424
1265,1400.4165
1266,1210.272
1266,1472.3033
1266,1552.8265
1266,1234.647
1266,1214.8132
1266,1511.3214
1266,1307.543
1266,1441.3759
1267,1290.6833
1267,1432.4391
1267,1395.313
1267,1395.313
1267,1280.0851
1267,1280.0851
1267,1308.3888
1267,1521.1919
1267,1521.1919
1267,1521.1919
1267,1505.1367
1267,1417.3193
1268,1411.1096
1268,1456.7513
1268,1294.5775
1268,1411.1096
1268,1322.346
1268,1426.1625
1268,1156.2375
1268,1253.1926
1268,1226.082
1268,1226.082
1268,1226.082
1268,1458.7727
1268,1494.416
1268,1494.416
1268,1415.3553
1268,1233.8589
1269,1528.4297
1269,1087.5703
1269,1468.1503
1269,1497.586
1270,1361.0242
1270,1271.5826
1270,1254.0032
1270,1658.107
1270,1630.1155
1270,1615.8632
1270,1309.2238
1270,1280.9021
1270,1309.2238
1270,1254.1211
1271,1365.1305
1271,1489.9211
1271,1369.5156
1271,1375.813
1271,1390.4902
1271,1781.2297
1271,1383.3837
1272,1620.8907
1272,1603.7832
1272,1434.2803
1272,1631.0164
1272,1631.0164
1272,1683.7659
1272,1564.228
1272,1519.2391
1272,1519.2391
1273,1314.1469
1273,1299.3127
1273,1427.9956
1273,1336.4532
1273,1322.346
1273,1322.346
1273,1544.7339
1273,1528.4297
1273,1376.6917
1273,1376.6917
1273,1546.0228
1273,1546.0228
1273,1546.0228
1273,1544.7339
1273,1913.8654
1274,1543.0631
1274,1340.1542
1274,1333.4198
1274,1598.0902
1274,1615.1362
1274,1615.1362
1274,1581.2239
1274,1615.1362
1274,1379.6932
1274,1394.4119
1274,1350.7213
1274,1350.7213
1274,2051.496
1276,1520.9059
1276,1468.1503
1276,1388.3018
1276,1341.613
1276,1373.1593
1276,1373.1593
1276,1373.1593
1276,1373.1593
1277,1156.2375
1278,1479.5868
1278,1589.196
1279,1520.9059
1279,1440.4565
1279,1455.8223
1279,1404.1624
1279,1419.1411
1279,1732.227
1279,1347.5178
1279,1233.0619
1279,1448.5071
1279,1493.4508
1279,1624.3282
1279,1402.3484
1279,1387.5468
1279,1513.2632
1279,1207.9373
1279,1356.527
1279,1603.7832
1279,1603.7832
1279,1493.4508
1280,1434.1448
1280,1533.7847
1280,1183.3242
1280,1263.698
1280,1410.1975
1280,1286.4183
1280,1383.3837
1280,1293.7413
1281,1455.8223
1281,1261.9467
1281,1279.2577
1281,1265.7543
1282,1242.478
1282,1349.8489
1282,1364.2487
1282,1364.2487
1282,1214.8132
1282,1538.1226
1282,1369.6555
1282,1521.049
1283,1368.6422
1284,1426.1625
1284,1488.0085
1284,1488.0085
1284,1488.0085
1284,1467.214
1284,1279.2577
1284,1336.4532
1284,1456.7513
1284,1519.923
1284,1675.4772
1286,1364.2487
1286,1519.0964
1286,1650.5312
1286,1501.5795
1286,1283.4983
1286,1269.9502
1286,1364.2487
1286,1433.2185
1286,1298.4735
1286,1685.9291
1286,1364.2487
1286,1533.7847
1286,1212.3657
1286,1238.3722
1286,1238.3722
1286,1238.3722
1286,1281.73
1286,1295.4043
1286,1212.3657
1286,1251.5844
1286,1225.3
1286,1212.3657
1286,1238.3722
1286,1349.8489
1286,1349.8489
1286,1521.8888
1286,1349.8489
1286,1370.1235
1286,1541.0824
1287,1237.0332
1287,1550.8555
1287,1715.8254
1287,1427.0726
1287,1412.0101
1287,1272.0172
1287,1279.2577
1287,1412.2878
1289,1334.2816
1289,1455.8223
1289,1247.8289
1289,1543.748
1289,1261.1412
1289,1247.8289
1289,1543.748
1289,1576.857
1289,1543.748
1289,1247.8289
1289,1544.039
1289,1544.039
1289,1500.6089
1289,1500.6089
1289,1500.6089
1289,1500.6089
1289,1500.6089
1289,1500.6089
1289,1464.384
1290,1578.1743
1290,1411.3749
1290,1446.6476
1290,1411.3749
1290,1561.5173
1290,1561.5173
1290,1561.5173
1290,1515.6487
1291,1781.2297
1291,1547.0227
1291,1426.1625
1291,1594.8574
1291,1378.0522
1291,1253.1926
1292,1421.7384
1292,1442.3081
1292,1323.2013
1292,1337.3171
1292,1366.0023
1292,1301.8132
1292,1576.857
1292,1576.857
1292,1576.857
1292,1338.1713
1292,1338.1713
1292,1338.1713
1292,1338.1713
1292,1565.6812
1292,1622.244
1293,1455.8223
1293,1455.8223
1293,1555.681
1293,1440.4565
1293,1527.455
1293,1347.5288
1294,1554.6763
1294,1334.1562
1294,1448.655
1294,1491.0242
1294,1491.0242
1294,1211.0375
1294,1444.4335
1294,1459.8416
1294,1459.8416
1294,1639.3934
1294,1639.3934
1294,1387.5468
1294,1387.5468
505,998.92096
505,998.92096
505,998.92096
505,998.92096
505,998.92096
505,998.92096
505,1088.8594
505,984.1347
505,826.4968
505,1005.2499
505,858.0212
505,858.0212
505,858.0212
505,858.0212
505,775.47736
505,775.47736
505,906.7278
505,1032.5743
505,988.3744
505,822.9508
505,822.9508
505,819.4204
505,827.5593
505,802.2051
505,987.54956
505,814.26025
505,845.3185
505,831.734
505,822.9508
505,814.26025
1294,1400.4165
1294,1639.3934
1294,1639.3934
1294,1639.3934
1295,1335.601
1295,1648.4135
1295,1631.323
1295,1490.2013
1295,1490.2013
1295,1490.2013
1295,1490.2013
1295,1490.2013
1295,1474.4729
1295,1474.4729
1295,1490.2013
1295,1631.323
1295,1490.2013
1295,1458.9105
1295,1490.2013
1295,1648.7233
1295,1648.7233
1295,1490.2013
1295,1614.1062
1295,1648.7233
1295,1490.2013
1295,1458.9105
1295,1490.2013
1295,1444.1613
1295,1490.2013
1295,1310.9061
1296,1578.8838
1297,1657.9504
1297,1492.1167
1297,1492.1167
1297,1448.9364
1297,1355.1876
1297,1562.2201
1298,1594.8574
1298,1395.313
1298,1756.9653
1298,1310.317
1298,1573.4397
1299,1095.1683
1299,1589.9104
1299,1546.8773
1299,1111.6206
1299,1446.6476
1299,1052.0273
1300,1538.4125
1300,1390.4902
1300,1447.8555
1300,1447.8555
1300,1377.3107
1300,1432.7084
1300,1633.5732
1301,1215.5991
1301,1241.6748
1301,1514.242
1302,1207.1667
1302,1447.7194
1303,1598.8094
1303,1393.8044
1303,1615.8632
1303,1587.8696
1303,1537.1285
1303,1552.8265
1304,1488.0085
1304,1488.0085
1304,1472.3033
1304,1412.0101
1304,1587.8832
1304,1325.873
1304,1338.1713
1304,1364.2487
1304,1600.2946
1304,1407.1296
1304,1580.2019
1304,1563.5244
1305,1488.0085
1305,1685.9291
1305,1409.4393
1305,1492.8003
1305,1270.3842
1306,1477.6882
1306,1420.181
1306,1233.0619
1306,1482.4341
1306,1343.4747
1306,1531.3832
1306,1293.7413
1307,1577.877
1307,1660.2374
1307,1488.9581
1307,1610.2916
1307,1373.6482
1307,1571.1111
1308,1899.5437
1308,1365.1305
1308,1379.6932
1308,1350.7213
1308,1580.2019
1308,1480.5317
1308,1336.4532
1308,1336.4532
1308,1423.6997
1309,1310.07
1309,1324.0458
1310,1242.478
1310,1281.9717
1310,1500.6089
1310,1527.8865
1310,1713.6239
1311,1372.9011
1311,1527.5985
1311,1280.0851
1311,1280.0851
1311,1764.6969
1311,1357.4044
1312,1363.6349
1312,1403.5193
1312,1265.7543
1312,1265.7543
1312,1239.1732
1312,1279.2577
1312,1350.7213
1312,1365.1305
1312,1350.7213
1312,1260.3265
1313,1566.6937
1313,1417.1747
1313,1566.3857
1314,1457.6935
1314,1316.6759
1314,1405.1912
1314,1611.7175
1314,1611.7175
1314,1611.7175
1314,1577.877
1314,1316.6759
1314,1493.5912
1314,1280.9021
1314,1366.0023
1314,1471.3517
1314,1248.6252
1315,1488.0085
1315,1579.9049
1315,1520.0789
1315,1478.6312
1315,1256.5449
1316,1333.4198
1316,1440.4565
1316,1440.4565
1316,1487.0468
1316,1487.0468
1316,1440.4565
1316,1489.9211
1316,1471.3517
1316,1301.9469
1316,1471.3517
1316,1440.4565
1316,1455.8223
1316,1521.8765
1316,1455.8223
1316,1440.4565
1316,1455.8223
1316,1381.4667
1316,1471.3517
1316,1362.9019
1316,1366.8853
1316,1472.5894
1316,1611.7175
1317,1208.7181
1317,1189.3011
1317,1364.2487
1317,1487.0468
1318,1488.0085
1318,1488.0085
1318,1586.8577
1318,1533.7847
1318,1533.7847
1318,1533.7847
1318,1533.7847
1318,1608.9476
1318,1582.3953
1318,1594.7075
1318,1561.2239
1319,1630.1155
1319,1280.9021
1319,1307.543
1319,1401.7175
1319,1591.2385
1319,1530.3942
1320,1354.3234
1320,1464.108
1320,1496.4774
1320,1365.1305
1320,1426.1625
1320,1588.8965
1320,1576.857
1320,1175.1151
1320,1596.7571
1320,1596.7571
1321,1561.3706
1321,1381.4667
1321,1381.4667
1321,1279.2577
1322,1426.1625
1322,1426.1625
1322,1304.5751
1322,1203.2906
1322,1427.0726
1322,1394.4119
1323,1572.1272
1323,1657.7947
1323,1512.4403
1323,1387.6771
1323,1387.6771
1323,1404.1624
1323,1553.5381
1323,1553.5381
1323,1553.5381
1323,1476.3682
1323,1476.3682
1323,1442.5792
1323,1442.5792
1323,1442.5792
1323,1457.9675
1323,1457.9675
1323,1442.5792
1323,1457.9675
1323,1457.9675
1323,1457.9675
1323,1596.0388
1323,1613.063
1323,1596.0388
1323,1596.0388
1323,1613.063
1323,1613.063
1323,1613.063
1323,1596.0388
1323,1449.5795
1323,1419.1411
1323,1679.7866
1324,1441.3759
1324,1236.2335
1324,1327.5768
1324,2051.496
1324,2051.496
1325,1650.5312
1325,1307.543
1326,1395.313
1326,1554.5294
1326,1594.8574
1326,1561.3706
1326,1507.0713
1326,1523.1471
1326,1685.1715
1326,1523.1471
1326,1685.1715
1326,1685.1715
1326,1685.1715
1326,1685.1715
1326,1318.3684
1327,1460.785
1327,1346.6583
1327,1660.2374
1327,1515.2083
1327,1488.9581
1327,1521.1919
1327,1521.1919
1327,1521.1919
1327,1505.1367
1327,1261.9467
1327,1383.3837
1327,1633.1118
1328,1233.8589
1328,1538.1226
1329,1634.154
1329,1136.2023
1329,1279.2577
1329,1336.4532
1330,1356.9297
1330,1488.0085
1330,1553.5254
1330,1675.6354
1330,1520.9059
1330,1552.8265
1330,1552.8265
1330,1490.872
1330,1473.2429
1331,1453.1718
1331,1455.8223
1331,1455.8223
1331,1455.8223
1331,1495.8042
1331,1487.0468
1331,1487.0468
1331,1487.0468
1331,1487.0468
1331,1440.4565
505,822.9508
505,819.4204
505,793.733
505,832.80365
505,802.2051
505,822.9508
505,802.2051
505,1008.7375
505,814.26025
505,810.76715
505,831.734
505,814.26025
505,824.00916
505,810.76715
505,805.6614
505,998.08734
505,831.734
505,810.76715
505,822.9508
505,831.734
505,819.4204
505,814.26025
505,849.58954
505,822.9508
505,814.26025
505,845.3185
505,822.9508
505,814.26025
505,831.734
505,831.734
1331,1173.6069
1332,1538.1226
1332,1353.3207
1332,1353.3207
1332,1353.3207
1332,1339.0361
1332,1513.2632
1332,1509.3813
1332,1509.3813
1332,1509.3813
1332,1233.0619
1332,1364.2487
1332,1349.8489
1332,1181.8146
1332,1220.0457
1333,1589.196
1333,1589.196
1333,1555.8273
1333,1589.196
1333,1419.1411
1333,1421.2324
1333,1436.3939
1333,1555.8273
1333,1421.2324
1333,1572.4236
1333,1498.6833
1333,1589.196
1333,1434.2803
1333,1570.1091
1333,1589.196
1333,1436.3939
1333,1759.0321
1333,1669.6866
1333,1669.6866
1333,1743.8322
1334,1555.5222
1334,1615.1362
1334,1598.0902
1334,1615.1362
1334,1615.1362
1334,1615.1362
1334,1435.2073
1334,1726.7167
1334,2238.9827
1335,1420.0469
1335,1356.527
1336,1667.23
1336,1308.3888
1336,1468.1503
1336,1715.8254
1336,1567.3981
1337,1581.2239
1337,1207.1667
1337,1207.1667
1337,1207.1667
1337,1455.8223
1337,1586.8577
1337,1650.8423
1337,1425.2407
1337,1487.0468
1337,1487.0468
1337,1487.0468
1338,1303.6205
1338,1345.788
1338,1317.5275
1338,1399.1654
1338,1878.2842
1338,1410.1975
1338,1280.0851
1338,1266.573
1338,1280.0851
1338,1293.7413
1338,1293.7413
1338,1380.5856
1338,1410.1975
1338,1522.8601
1338,1307.543
1339,1419.1411
1340,1427.9956
1340,1412.0101
1340,1555.5222
1340,1397.1066
1340,1427.0726
1340,1506.7872
1340,1511.3214
1340,1511.3214
1340,1511.3214
1340,1456.7632
1340,1488.0085
1340,1503.8811
1340,1351.584
1341,1393.0345
1341,1553.5254
1341,1600.3175
1341,1413.8251
1341,1533.7847
1342,1365.3878
1342,1797.9174
1342,1797.9174
1342,1310.9061
1343,1280.0851
1343,1520.9059
1343,1520.9059
1343,1519.923
1343,1519.923
1343,1519.923
1343,1488.0085
1343,1330.7335
1343,1519.923
1343,1519.923
1343,1488.0085
1343,1519.923
1343,1472.3033
1343,1330.7335
1343,1503.8811
1343,1472.3033
1343,1472.3033
1343,1359.277
1343,1472.3033
1343,1344.9296
1343,1325.0267
1343,1373.7773
1343,1388.3018
1343,1201.0996
1343,1309.2238
1343,1612.7598
1344,1675.4772
1345,1432.4391
1345,1499.2162
1345,1427.0726
1345,1434.2803
1345,1427.0726
1345,1412.0101
1346,1457.6935
1346,1556.5275
1346,1423.8336
1346,1649.4653
1346,1307.543
1346,1394.4119
1346,1656.7233
1348,1066.6774
1348,1616.9073
1348,1567.6935
1348,1567.6935
1348,1546.8773
1348,1507.9036
1348,1471.3517
1349,1207.1667
1349,1393.5219
1349,1733.3473
1349,1751.8352
1349,1360.1555
1349,1233.0619
1349,1412.2878
1349,1473.2429
1349,1604.8204
1349,1379.6932
1350,1269.9502
1350,1366.0023
1350,1366.0023
1350,1285.5978
1350,1508.724
1350,1569.2427
1350,1569.2427
1350,2025.9324
1350,1383.3837
1351,1670.2803
1351,1315.836
1351,1315.836
1351,1455.8223
1351,1393.0345
1351,1357.6603
1351,1545.8776
1352,1307.543
1352,1561.2239
1352,1263.5684
1352,1282.5487
1353,1613.063
1353,1316.6759
1353,1316.6759
1353,1316.6759
1353,1213.2535
1353,1427.219
1354,1395.313
1354,1586.8577
1354,1586.8577
1354,1455.8223
1354,1329.8733
1354,1315.836
1354,1732.227
1354,1173.6069
1354,1173.6069
1354,1307.543
1354,1419.1411
1354,1505.8141
1355,1538.1226
1355,1415.7755
1355,1519.923
1355,1554.6763
1355,1507.7489
1356,1457.6935
1356,1311.754
1356,1797.9174
1356,1797.9174
1356,1519.923
1356,1474.4729
1356,1490.2013
1356,1474.4729
1356,1490.2013
1356,1490.2013
1356,1490.2013
1356,1490.2013
1356,1490.2013
1356,1490.2013
1356,1490.2013
1356,1490.2013
1356,1474.4729
1356,1474.4729
1356,1490.2013
1356,1490.2013
1356,1490.2013
1356,1648.7233
1356,1631.323
1356,1648.7233
1356,1631.323
1356,1648.7233
1356,1631.323
1356,1351.584
1356,1302.7778
1356,1605.8446
1357,1434.2803
1357,1488.0085
1357,1613.789
1357,1269.1299
1357,1380.5856
1358,1588.8965
1358,1556.8208
1358,1556.8208
1358,1556.8208
1358,1524.1315
1358,1540.3899
1358,1556.8208
1358,1300.1426
1358,1492.1167
1358,1492.1167
1358,1657.9504
1358,1625.0724
1359,1579.1942
1359,1426.1625
1359,1456.7513
1359,1456.7513
1359,1716.9203
1359,1308.6348
1359,1345.788
1359,1384.7402
1359,1649.4653
1359,1759.0321
1359,1432.7084
1359,1542.751
1359,1542.751
1359,1526.4677
1359,1542.751
1359,1542.751
1359,1542.751
1359,1247.0222
1360,1456.7513
1360,1456.7513
1361,1397.1066
1361,1605.8446
1361,1399.9387
1361,1399.9387
1361,1608.9476
1361,1472.3033
1362,1650.5312
1362,1365.2783
1362,1377.4519
1362,1538.4125
1362,1390.4902
1363,1488.0085
1363,1361.0242
1363,1683.7659
1363,1314.5369
1363,1512.5833
1363,1512.5833
1363,1604.8204
1363,1294.5775
1363,1456.7513
1363,1411.1096
1363,1411.1096
1363,1456.7513
1363,1603.7832
1363,1521.8888
1363,1322.346
1364,1614.1062
1364,1412.9235
1364,1458.6238
1364,1540.0996
1364,1412.9235
1364,1556.5275
1364,1651.5852
505,822.9508
505,831.734
505,822.9508
505,814.26025
505,815.30743
505,810.76715
505,831.734
505,1008.7375
505,793.733
506,1066.6708
506,862.907
506,811.5688
506,672.8764
506,672.8764
506,811.5688
506,802.9983
506,802.9983
506,811.5688
506,802.9983
506,719.5272
506,711.92755
506,711.92755
506,711.92755
506,711.92755
506,704.40765
506,711.92755
506,704.40765
506,711.92755
506,696.96747
506,711.92755
1364,1683.7659
1364,1528.4297
1365,1625.3787
1365,1312.0013
1365,1260.3265
1365,1555.5222
1365,1546.8773
1367,1308.3888
1367,1304.5751
1367,1426.2965
1367,1624.3282
1367,1624.3282
1367,1624.3282
1367,1468.1503
1367,1607.1852
1367,1590.223
1367,1607.1852
1367,1624.3282
1367,1624.3282
1367,1468.1503
1367,1624.3282
1367,1468.1503
1367,1468.1503
1367,1468.1503
1367,1624.3282
1367,1175.1151
1367,1383.3837
1367,1627.161
1367,1644.517
1367,1422.018
1368,1489.9211
1368,1530.839
1368,1531.8159
1368,1761.2927
1368,1366.0023
1368,1366.0023
1368,1521.8765
1368,1648.4135
1368,1648.4135
1368,1683.7659
1368,1509.3813
1369,1553.9858
1369,1537.1285
1369,1520.9059
1369,1374.6659
1369,1374.6659
1369,1520.9059
1369,1458.6238
1369,1427.9956
1369,1473.2429
1369,1488.9581
1369,1660.2374
1370,1426.1625
1370,1489.9211
1370,1489.9211
1370,1400.9639
1370,1324.1709
1370,1324.1709
1370,1324.1709
1370,1324.1709
1370,1410.1975
1371,1377.3107
1371,1546.7186
1371,1336.4532
1372,1416.2708
1372,1554.6763
1372,1554.6763
1372,1439.6615
1372,1399.7952
1373,1590.9387
1373,1315.836
1373,1383.3837
1374,1365.1305
1374,1570.1091
1374,1505.8141
1374,1337.5692
1374,1261.9467
1374,1288.1931
1374,1364.2487
1374,1363.6349
1374,1471.3517
1374,1455.8223
1374,1455.8223
1375,1260.3265
1375,1260.3265
1375,1260.3265
1375,1605.8446
1376,1733.3473
1376,1457.6935
1376,1586.8577
1376,1675.4772
1376,1770.5201
1376,1241.6748
1376,1311.0406
1376,1480.5317
1376,1362.9019
1376,1523.8319
1377,1614.8326
1377,1519.923
1377,1336.4532
1377,1589.9104
1377,1602.3514
1377,1602.3514
1377,1602.3514
1377,1602.3514
1377,1531.8159
1377,1595.7388
1377,1381.4667
1378,1439.8175
1378,1357.8074
1378,1294.6998
1378,1455.1764
1378,1704.0862
1378,1809.3182
1378,1398.9023
1378,1345.788
1378,1567.6935
1378,1464.405
1378,1349.8489
1378,1364.2487
1378,1364.2487
1378,1564.228
1379,1459.5671
1379,1588.8965
1380,1621.9382
1380,1438.8868
1381,1624.0228
1381,1503.8811
1381,1339.162
1381,1445.2194
1381,1359.277
1381,1512.5833
1382,1520.9059
1382,1502.5377
1382,1445.0836
1382,1609.9751
1383,1542.751
1383,1425.2407
1383,1660.998
1383,1297.1908
1383,1283.4983
1384,1579.9049
1384,1324.1709
1384,1458.6238
1384,1366.0023
1384,1409.7164
1385,1687.0193
1385,1488.9581
1385,1488.9581
1385,1723.2001
1385,1488.9581
1385,1260.3265
1385,1415.3553
1385,1488.9581
1385,1288.1931
1385,1261.1412
1385,1247.8289
1385,1247.8289
1385,1576.857
1385,1560.2148
1385,1576.857
1385,1560.2148
1385,1858.4626
1385,1441.9392
1386,1488.0085
1386,1563.3774
1386,1367.7576
1387,1207.1667
1387,1722.1003
1387,1621.9382
1387,1537.1285
1387,1361.0242
1388,1504.853
1388,1574.1478
1388,1702.8248
1388,1459.5671
1388,1444.1613
1388,1405.9558
1388,1405.9558
1388,1444.1613
1388,1569.2427
1388,1594.8574
1388,1578.0253
1389,1261.1412
1389,1261.1412
1389,1520.9059
1389,1520.9059
1389,1520.9059
1389,1343.4562
1389,1513.2762
1389,1367.7576
1389,1307.543
1389,1553.5254
1389,1553.5254
1389,1553.5254
1389,1546.8773
1389,1351.584
1389,1337.3171
1389,1366.0023
1389,1457.6935
1389,1523.1471
1389,1523.1471
1389,1507.0713
1389,1685.1715
1389,1685.1715
1389,1685.1715
1389,1685.1715
1389,1685.1715
1389,1331.5828
1389,1345.788
1389,1331.5828
1389,1351.584
1389,1618.4102
1389,1311.8773
1389,1351.584
1390,1400.7006
1390,1523.9882
1390,1310.9061
1390,1521.8765
1391,1491.1643
1391,1288.1931
1391,1348.3888
1392,1348.3888
1392,1337.3171
1392,1337.3171
1392,1337.3171
1392,1649.4653
1393,1269.9502
1393,1597.94
1393,1525.1049
1393,1261.9467
1393,1571.2595
1393,1459.5671
1394,1394.4119
1394,1555.5222
1394,1500.6089
1395,1419.1411
1395,1449.5795
1395,1570.1091
1395,1554.5294
1395,1390.2281
1395,1571.1111
1395,1586.8577
1395,1310.1931
1395,1569.2427
1395,1515.2083
1395,1009.5862
1395,1366.0023
1395,1546.8773
1395,1775.705
1396,1434.2803
1397,1344.9296
1397,1696.621
1397,1589.9104
1397,1260.3265
1397,1338.1713
1397,1530.5504
1397,1530.5504
1397,1546.8773
1397,1589.196
1397,1498.6833
1397,1421.2324
1397,1436.3939
1397,1421.2324
1397,1436.3939
1397,1589.196
1397,1589.196
1397,1589.196
1397,1572.4236
1397,1589.196
1397,1589.196
1397,1572.4236
1397,1563.3774
1397,1449.4432
1397,1530.5504
1397,1480.5317
1398,1621.9382
1399,1524.8174
1399,1720.9882
1399,1331.3127
1399,1675.4772
1400,1424.3317
1400,1660.2374
1400,1658.107
1400,1660.2374
1400,1660.2374
1400,1500.6089
1400,1500.6089
1400,1640.607
1400,1658.107
1400,1500.6089
1400,1484.7709
1400,1640.607
1400,1660.2374
1400,1500.6089
1400,1660.2374
1400,1484.7709
1400,1344.0602
1400,1605.9962
1400,1474.1951
506,704.40765
506,704.40765
506,711.92755
506,704.40765
506,672.8764
506,672.8764
506,680.0598
506,680.0598
506,672.8764
506,672.8764
506,658.7361
506,665.7688
506,665.7688
506,665.7688
506,665.7688
506,680.0598
506,658.7361
506,728.86926
506,736.6496
506,744.5132
506,744.5132
506,744.5132
506,811.5688
506,811.5688
507,1047.3115
507,842.31573
507,813.7341
507,813.7341
507,813.7341
507,813.7341
1400,1233.0619
1401,1590.9387
1401,1590.9387
1401,1648.4135
1401,1288.1931
1401,1288.1931
1401,1466.9263
1401,1479.0695
1401,1213.2535
1401,1247.7008
1401,1625.0592
1401,1306.2627
1401,1598.8094
1401,1408.6729
1401,1650.8423
1402,1378.2014
1402,1434.2803
1402,1398.9023
1402,1339.0361
1402,1481.6278
1402,1481.6278
1402,1686.1019
1402,1375.5432
1402,1375.5432
1402,1375.5432
1402,1633.5732
1402,1633.5732
1402,1458.7727
1402,1503.8811
1402,1503.8811
1402,1488.0085
1402,1499.3693
1402,1519.923
1403,1621.9382
1403,1556.5275
1403,1656.7233
1404,1434.2803
1404,1457.6935
1404,1337.3171
1404,1516.6289
1404,1532.8065
1404,1505.9557
1404,1465.0431
1404,1366.0023
1404,1620.8907
1405,1695.5244
1406,1606.883
1406,1624.0228
1406,1385.1506
1406,1565.6812
1406,1379.6932
1406,1379.6932
1406,1350.7213
1406,1394.4119
1406,1350.7213
1406,1714.7166
1406,1394.4119
1406,1394.4119
1406,1365.3878
1406,1526.4677
1407,1563.3774
1407,1546.8773
1407,1546.8773
1407,1546.8773
1407,1548.7065
1407,1518.5782
1407,1752.6227
1408,1397.1066
1408,1459.5671
1408,1459.5671
1408,1554.5294
1408,1706.116
1408,1319.2211
1408,1374.6659
1408,1383.3724
1408,1657.7947
1408,1329.9983
1408,1760.5013
1408,1233.0619
1408,1490.872
1408,1625.0592
1408,1587.8696
1409,1599.2733
1409,1365.2783
1409,1419.1411
1409,1487.0468
1409,1386.5195
1409,1349.8489
1410,1505.8141
1410,1296.3641
1410,1487.0468
1410,1301.9469
1410,1521.8765
1410,1471.3517
1410,1487.0468
1410,1474.1951
1410,1489.9211
1410,1296.3641
1410,1487.0468
1410,1487.0468
1410,1900.7721
1410,1318.3684
1410,1318.3684
1410,1131.2234
1410,1622.974
1410,1487.0468
1410,1880.7133
1411,1207.1667
1411,1472.6012
1412,1643.455
1412,1491.8354
1412,1626.1101
1412,1525.1049
1412,1525.1049
1412,1446.6476
1412,1316.6759
1412,1316.6759
1412,1611.7175
1412,1611.7175
1412,1611.7175
1412,1611.7175
1412,1316.6759
1412,1302.7778
1413,1493.0809
1413,1632.2106
1413,1722.1003
1413,1759.0321
1413,1307.543
1413,1770.5201
1413,1751.8352
1414,1233.8589
1414,1596.7571
1414,1421.8721
1415,1503.0719
1415,927.88715
1415,927.88715
1415,1554.5294
1415,1694.4432
1415,1694.4432
1415,1586.8577
1415,1586.8577
1415,1479.5868
1415,1539.561
1415,1386.1768
1415,1587.8696
1415,1620.8907
1415,1523.9882
1415,1381.4667
1415,1521.8765
1415,1505.8141
1415,1301.9469
1415,1487.0468
1415,1471.3517
1415,1471.3517
1415,1471.3517
1415,1471.3517
1415,1471.3517
1415,1440.4565
1415,1487.0468
1415,1471.3517
1415,1455.8223
1415,1455.8223
1415,1440.4565
1415,1455.8223
1415,1329.8733
1415,1471.3517
1415,1329.8733
1416,1460.4985
1417,1344.9296
1417,1538.2672
1417,1624.0228
1417,1465.99
1417,1289.849
1417,1316.6759
1417,1427.0726
1417,1427.0726
1417,1396.2042
1418,1549.0111
1418,1441.5114
1418,1669.6866
1419,1799.08
1419,1837.6617
1419,1837.6617
1419,1744.324
1419,1546.8773
1419,1592.1172
1420,1476.2286
1420,1621.9382
1420,1580.0535
1420,1580.0535
1420,1729.8658
1420,1580.0535
1421,1599.2733
1421,1558.821
1421,1356.527
1421,1367.7576
1421,1396.2042
1421,1379.6932
1421,1367.7576
1421,1367.7576
1421,1379.6932
1421,1379.6932
1421,1379.6932
1422,1451.4427
1422,1622.974
1422,1420.9653
1422,1605.8446
1422,1420.9653
1422,1466.9263
1422,1713.7849
1422,1622.974
1422,1651.7539
1422,1556.8208
1422,1556.8208
1422,1540.3899
1422,1556.8208
1422,1540.3899
1422,1556.8208
1423,1374.6659
1423,1374.6659
1423,1374.6659
1423,1604.8204
1423,1465.99
1423,1503.2139
1423,1859.6636
1424,1626.1101
1424,1734.1265
1424,1581.0746
1424,1615.8632
1424,1660.9845
1424,1660.9845
1424,1344.0602
1425,1522.8601
1425,1621.9382
1425,1468.1503
1425,1837.6617
1426,1296.3641
1426,1762.4318
1426,1706.2764
1426,1491.0242
1426,1580.2019
1426,1705.0133
1427,1385.6351
1427,1316.6759
1427,1316.6759
1427,1405.9558
1427,1373.7773
1427,1297.1908
1427,1535.3004
1427,1535.3004
1427,1538.5792
1427,1380.5856
1428,1404.151
1428,1441.3759
1428,1858.4626
1428,1260.3265
1428,1441.3759
1428,1302.7778
1429,1296.3641
1429,1657.7947
1429,1398.1416
1429,1530.5381
1429,1324.1709
1429,1396.2042
1429,1693.3481
1429,1693.3481
1429,1553.5254
1429,1553.5254
1429,1714.7166
1430,1723.376
1430,1723.376
1430,1491.0242
1430,1534.4874
1431,1497.4324
1431,1523.8319
1431,1656.7233
1431,1656.7233
1431,1468.1503
1431,1468.1503
1431,1468.1503
1431,1468.1503
1431,1468.1503
1431,1607.1852
1431,1624.3282
1431,1624.3282
1431,1624.3282
1431,1624.3282
1431,1607.1852
1431,1607.1852
1431,1624.3282
1431,1624.3282
1431,1624.3282
1431,1722.2622
1431,1668.3074
1431,1668.3074
1431,1911.5886
1432,1554.5294
1432,1391.1154
1432,1512.5833
1432,1480.5317
507,813.7341
507,813.7341
507,813.7341
507,813.7341
507,813.7341
507,867.8205
507,801.6863
507,801.6863
507,801.6863
507,854.9733
507,911.7975
507,960.8017
507,859.21234
507,950.65717
507,859.21234
507,960.8017
507,1052.4944
507,872.68036
507,863.4649
507,881.99365
507,1041.3828
507,854.34705
507,1052.4944
507,960.8017
507,1052.4944
507,854.34705
507,863.4649
508,841.2339
508,830.66614
508,853.8753
1432,1425.2407
1432,1426.2965
1433,1427.9956
1433,1533.7847
1433,1633.5732
1433,1533.7847
1433,1633.5732
1433,1517.5967
1433,1661.311
1433,1517.5967
1433,1517.5967
1433,1517.5967
1433,1696.94
1433,1533.7847
1433,1661.311
1433,1679.031
1433,1661.311
1433,1633.5732
1433,1533.7847
1433,1449.5795
1433,1419.1411
1433,1449.5795
1433,1570.1091
1433,1531.8159
1433,1419.1411
1433,1603.7832
1433,1413.8251
1433,1435.06
1434,1472.3033
1435,1587.8696
1435,1495.9541
1435,1316.6759
1435,1316.6759
1435,1092.8496
1435,1092.8496
1435,1725.4279
1435,1420.0469
1435,1574.4663
1436,1434.2803
1436,1733.0066
1436,1570.1091
1436,1539.1041
1436,1586.8577
1436,1465.0431
1436,1586.8577
1436,1465.0431
1436,1586.8577
1436,1419.1411
1436,1555.5222
1436,1419.1411
1436,1434.2803
1436,1603.7832
1436,1586.8577
1436,1586.8577
1436,1434.2803
1436,1586.8577
1436,1465.0431
1436,1449.5795
1436,1434.2803
1436,1419.1411
1436,1522.8601
1436,1465.0431
1436,1449.5795
1436,1570.1091
1436,1419.1411
1436,1586.8577
1436,1570.1091
1436,1419.1411
1436,1570.1091
1436,1586.8577
1436,1434.2803
1436,1419.1411
1436,1586.8577
1436,1449.5795
1436,1434.2803
1436,1449.5795
1436,1570.1091
1436,1419.1411
1436,1586.8577
1436,1570.1091
1436,1434.2803
1436,1434.2803
1436,1233.8589
1436,1581.0746
1436,1797.9174
1436,1572.4453
1437,1581.9348
1437,1554.6763
1437,1554.6763
1437,1507.7489
1437,1156.2375
1437,1523.8319
1437,1519.923
1437,1519.923
1437,1552.1503
1437,1379.0929
1437,1325.0267
1437,1621.9382
1438,1520.9059
1438,1344.9296
1438,1344.9296
1438,1353.4479
1438,1519.923
1438,1344.9296
1438,1344.9296
1438,1344.9296
1438,1519.923
1438,1344.9296
1438,1353.4479
1438,1353.4479
1438,1344.9296
1438,1353.4479
1438,1519.923
1438,1373.7773
1438,1488.0085
1438,1344.9296
1438,1344.9296
1438,1488.0085
1438,1488.0085
1438,1519.923
1438,1373.7773
1438,1311.0406
1438,1344.9296
1438,1519.923
1438,1488.0085
1438,1488.0085
1438,1359.277
1438,1488.0085
1438,1359.277
1438,1519.923
1438,1344.9296
1438,1760.1697
1438,1734.4534
1438,1478.6312
1438,1423.6997
1439,1600.2946
1439,1600.2946
1439,1583.405
1439,1600.2946
1439,1600.2946
1439,1600.2946
1439,1600.2946
1439,1336.4532
1439,1600.2946
1439,1600.2946
1439,1600.2946
1439,1600.2946
1439,1345.788
1439,1331.5828
1439,1317.5275
1439,1351.584
1439,1453.3083
1440,1590.9387
1440,1659.9253
1440,1588.8965
1440,1622.974
1440,1456.1168
1440,1696.2009
1440,1669.7002
1441,1732.227
1441,1558.821
1441,1651.5852
1441,1458.6238
1441,1458.6238
1441,1458.6238
1441,1637.7743
1441,1555.5222
1441,1412.0101
1441,1427.0726
1441,1412.0101
1441,1522.8601
1441,1466.9263
1442,1590.9387
1442,1621.9382
1442,1449.7372
1442,1624.3282
1442,1534.475
1442,1260.3265
1442,1497.4324
1442,1479.0695
1442,1490.872
1442,1625.0592
1442,1797.9174
1442,1797.9174
1443,1373.7773
1443,1344.9296
1443,1373.7773
1443,1339.162
1443,1359.277
1443,1373.7773
1443,1359.277
1443,1330.7335
1443,1519.923
1443,1519.923
1443,1519.923
1443,1503.8811
1443,1503.8811
1443,1519.923
1443,1519.923
1443,1472.3033
1443,1503.8811
1443,1519.923
1443,1488.0085
1443,1472.3033
1443,1488.0085
1443,1503.8811
1443,1503.8811
1443,1344.9296
1444,1450.517
1444,1624.3282
1444,1569.0951
1445,1348.3888
1445,1348.3888
1445,1397.9982
1445,1483.5322
1446,1374.6659
1446,1374.6659
1446,1563.3774
1446,1461.4425
1446,1657.7947
1446,1233.0619
1446,1530.5381
1446,1651.5852
1446,1148.2168
1446,1490.872
1446,1457.9675
1446,1507.9036
1447,1389.3296
1447,1419.1411
1447,1419.1411
1447,1555.681
1447,1570.1091
1448,1371.5457
1448,1658.8525
1448,1483.5322
1448,1499.3572
1448,1415.7755
1448,1521.8765
1448,1833.1467
1449,1405.0585
1449,1858.4626
1449,1344.0602
1449,1344.0602
1449,1344.0602
1449,1344.0602
1449,1344.0602
1449,1344.0602
1449,1324.1709
1449,1413.958
1449,1489.9211
1450,1405.0585
1450,1502.5377
1450,1373.7773
1450,1374.6659
1451,1596.9072
1451,1530.5381
1451,1514.3843
1451,1563.3774
1452,1538.2672
1452,1657.7947
1452,1626.1101
1452,1325.873
1453,1734.1265
1453,1525.1049
1453,1345.788
1453,1345.788
1453,1325.873
1454,1586.8577
1454,1463.5968
1454,1445.2194
508,809.12604
508,844.2328
508,1046.6349
508,1046.6349
509,886.1397
509,814.7806
509,814.7806
509,804.1066
509,745.5405
510,822.3417
511,898.3
511,936.0675
511,924.5839
511,887.0158
511,791.6144
511,791.6144
511,992.4371
512,1137.549
512,1137.549
512,683.0551
512,1190.8226
512,699.0006
512,828.1727
512,872.12317
513,813.7341
513,813.7341
513,820.47424
513,801.6863
513,801.6863
513,875.39667
513,940.09985
513,735.3767
514,1131.11
514,878.8608
514,878.8608
514,916.98956
514,741.3185
514,741.3185
515,842.31573
515,842.31573
515,842.31573
515,842.31573
515,842.31573
515,813.7341
515,900.34436
515,840.61804
515,1035.5851
515,1024.6512
515,1013.8333
515,1013.8333
515,1013.8333
516,893.2136
516,859.12415
516,809.12604
516,981.41626
516,1003.1213
516,1003.1213
516,981.41626
516,981.41626
516,981.41626
516,890.8371
516,881.4305
516,872.12317
516,881.4305
516,881.4305
516,872.12317
516,900.34436
516,872.12317
516,890.8371
516,900.34436
517,868.9365
517,868.9365
517,839.45264
517,968.2315
517,713.5482
517,698.55414
517,706.0113
517,947.1839
518,1072.7438
518,867.2668
518,931.36975
518,931.36975
518,1015.23224
518,813.7341
518,784.3355
518,784.3355
518,876.9995
518,852.6984
518,1008.7375
518,827.5593
393,706.0113
393,699.9656
393,685.2565
394,746.023
394,740.3663
394,740.3663
394,740.3663
394,804.6266
394,772.42065
394,726.528
394,704.40765
394,711.92755
394,802.9983
394,802.9983
394,680.0598
394,696.96747
394,680.0598
394,794.5178
394,672.8764
394,719.5272
394,728.86926
394,728.86926
394,658.7361
394,658.7361
394,711.92755
394,696.96747
394,665.7688
394,736.6496
394,802.9983
394,811.5688
1546,1359.277
1546,1373.7773
1546,1359.277
1546,1359.277
1546,1359.277
1546,1373.7773
1546,1359.277
1546,1359.277
1546,1519.923
1546,1503.8811
1546,1519.923
1546,1503.8811
1546,1519.923
1546,1519.923
1546,1519.923
1546,1519.923
1546,1503.8811
1546,1519.923
1546,1519.923
1546,1503.8811
1546,1359.277
1547,1563.3774
1547,1514.5483
1547,1809.6592
1547,1809.6592
1547,1771.6642
1547,1809.6592
1547,1716.9203
1547,1693.3481
1547,2906.865
1548,1486.5388
1548,1346.6583
1548,1656.7233
1548,1558.5281
1548,1602.3514
1548,1575.462
1548,1780.4285
1549,1597.94
1549,1597.94
1549,1723.376
1549,1404.151
1549,1668.294
1549,1336.4532
1550,1243.271
1550,1498.4009
1550,1498.4009
1550,1540.2444
1550,1540.2444
1550,1665.2568
1550,1791.3663
1551,1624.0228
1551,1658.8525
1551,1658.8525
1551,1658.8525
1551,1750.3739
1551,1713.6239
1551,1565.3868
1551,1467.8743
1551,1658.8525
1551,1658.8525
1551,1658.8525
1551,1658.8525
1551,1641.3453
1552,1469.761
1552,1801.5615
1552,1609.9751
1552,1297.1908
1552,1465.99
1553,1704.0862
1553,1656.7233
1554,1597.94
1554,1678.8733
1554,1662.0587
1554,1662.0587
1554,1524.8174
1554,1616.0281
1554,1476.2286
1554,1596.9072
1554,1596.9072
1554,1596.9072
1554,1543.2083
1554,1543.2083
1554,1581.0746
1555,1491.8354
1555,1780.2611
1555,1487.0468
1555,1553.5254
1555,1724.4757
1555,1473.2429
1556,1602.0494
1556,1471.5111
1556,1483.5322
1556,1658.8525
1556,1386.1768
1556,1499.3572
1556,1483.5322
1557,1502.2552
1557,1373.7773
1557,1373.7773
1557,1373.7773
1558,1540.2444
1558,1437.0397
1558,1601.014
1558,1637.7743
1558,1662.215
1559,1596.9072
1559,1588.8965
1559,1624.0228
1559,1563.3774
1559,1580.0535
1559,1563.3774
1559,1596.9072
1559,1563.3774
1559,1580.0535
1559,1428.1299
1559,1580.0535
1559,1596.9072
1559,1580.0535
1560,1444.2977
1560,1445.2194
1560,1964.7622
1560,1637.7743
1561,1384.2672
1561,1578.3445
1561,1563.3774
1561,1651.7539
1561,1810.4727
1561,1829.7985
1561,1643.455
1561,1660.9845
1562,1497.4324
1562,1497.4324
1562,1580.9131
1562,1497.4324
1562,1621.9382
1562,1471.3517
1563,1467.8743
1563,1542.224
1563,1260.3265
1563,1598.9597
1563,1627.1478
1563,1620.8907
1563,1548.8655
1563,1583.1067
1563,1741.5939
1564,1529.0271
1564,1587.8696
1564,1885.5496
1565,1589.3682
1565,1533.4965
1565,1524.8174
1565,1524.8174
1565,1704.0862
1565,1465.0431
1565,1284.1974
1565,1419.1411
1565,1398.1416
1565,1508.724
1566,1572.275
1566,1564.3751
1566,1730.7822
1566,1730.7822
1566,1712.5164
1566,1658.8525
1566,1862.2285
1567,1742.869
1567,1707.3651
1567,1575.3004
1567,1614.9844
1567,1614.9844
1567,1674.5764
1568,1563.3774
1568,1720.9882
1569,1392.146
1569,1704.0862
1569,1413.0563
1569,1639.2385
1569,1497.4324
1569,1621.9382
1569,1621.9382
1569,1656.7233
1569,1639.2385
1569,1621.9382
1569,1481.6278
1569,1639.2385
1569,1465.99
1569,1656.7233
1569,1656.7233
1569,1656.7233
1569,1639.2385
1569,1621.9382
1569,1465.99
1569,1497.4324
1569,1450.517
1569,1465.99
1569,1417.5953
1569,1443.3641
1569,1443.3641
1569,1625.0592
1569,1656.7233
1570,1436.3939
1570,2778.942
1571,1633.2654
1571,1301.2283
1571,1668.294
1571,1219.1423
1571,1808.1498
1571,1573.1305
1571,1573.1305
1571,1589.9104
1571,1573.1305
1571,1573.1305
1571,1589.9104
1571,1869.2151
1571,1549.8531
1571,1622.974
1572,1369.7849
1572,1408.6729
1572,1354.3234
1572,1485.4391
1572,1837.6617
1572,1818.2686
1572,1837.6617
1572,1598.9597
1572,1609.9751
1573,1727.8079
1573,1437.0397
1573,1353.4479
1573,1288.1931
1574,1483.6718
1574,1639.2385
1574,1481.6278
1574,1465.99
1574,1465.99
1574,1465.99
1574,1481.6278
1574,1465.99
1574,1481.6278
1574,1450.517
1574,1656.7233
1574,1656.7233
1574,1639.2385
1574,1621.9382
1574,1604.8204
1574,1639.2385
1574,1621.9382
1574,1481.6278
1574,1453.445
1574,1366.0023
1574,1639.2385
1575,1333.4198
1575,1596.9072
1575,1383.3724
1576,1694.4432
1576,1668.294
1576,1507.8914
1576,1668.294
1576,1460.6477
1576,1650.6871
1576,1668.294
1576,1376.4323
1576,1668.294
1576,1668.294
1576,1668.294
1576,1650.6871
1576,1616.0281
1576,1668.294
1577,1422.9255
1577,1597.94
1577,1660.0813
1577,1435.195
1577,1435.195
1577,1413.958
1577,1475.2753
1577,1404.151
1577,1368.7709
1577,1374.6659
1577,1383.3724
1577,1368.7709
1577,1432.8636
1577,1389.3296
1577,1389.3296
1577,1389.3296
1577,1389.3296
1577,1389.3296
1577,1404.151
1577,1553.5254
1577,1537.1285
1577,1537.1285
1577,1830.966
1577,1507.9036
1578,1531.528
1578,1809.3182
1578,1809.3182
1578,1848.1193
1579,1687.1779
1579,1591.9539
1579,1781.2297
1579,1781.2297
1579,1547.0323
520,729.3351
520,1035.5851
520,1004.4111
521,850.6821
521,844.7791
521,863.4649
521,931.0439
521,733.9633
521,738.61523
521,832.2722
521,841.1548
521,837.5464
521,850.132
521,828.7019
521,811.2914
521,841.1548
521,832.2722
521,850.132
521,1088.7571
521,828.7019
521,850.132
521,828.7019
521,811.2914
521,828.7019
521,841.1548
521,841.1548
521,832.2722
521,832.2722
521,1112.9382
521,1096.466
1579,1547.0323
1580,1704.0862
1580,1413.0563
1580,1500.3268
1580,1478.1261
1580,1634.3083
1580,1532.5052
1580,1695.5244
1580,1695.5244
1580,1532.5052
1580,1532.5052
1580,1532.5052
1580,1597.3812
1580,1532.5052
1580,1500.3268
1580,1634.3083
1580,1770.1874
1580,1532.5052
1580,1563.8407
1580,1695.5244
1580,1487.2086
1580,1617.0593
1580,1695.5244
1580,1789.067
1580,1532.5052
1580,1597.3812
1580,1668.7883
1580,1466.9263
1580,1394.4119
1580,1394.4119
1580,1771.316
1580,1671.8326
1580,1671.8326
1580,1671.8326
1580,1688.5873
1580,1697.7036
1581,1498.4009
1581,1476.2286
1581,1485.5787
1581,1580.0535
1581,1580.0535
1581,1465.0431
1581,1565.7035
1582,1383.3724
1582,1751.8352
1582,1770.5201
1582,1751.8352
1582,1770.5201
1582,1770.5201
1582,1770.5201
1583,1859.8392
1583,1715.9867
1583,1580.0535
1583,1497.4324
1583,1565.6812
1583,1428.1299
1583,1563.3774
1583,1580.0535
1583,1428.1299
1584,1563.3774
1584,1830.1425
1584,1849.663
1584,1964.7622
1584,1280.9021
1584,1280.9021
1585,1858.6373
1585,1532.5052
1585,1373.7773
1585,1519.923
1585,1587.8696
1585,1493.8934
1586,1811.984
1586,1404.151
1586,1404.151
1586,1149.6929
1586,1553.5254
1586,1726.692
1587,1624.0228
1587,1730.7822
1588,1362.0326
1588,1444.2977
1588,1643.6094
1588,1538.2767
1588,1499.3572
1588,1477.1715
1588,1603.7832
1588,1615.8632
1588,1445.0836
1588,1865.6362
1589,1743.9961
1589,1686.1019
1589,1649.9548
1590,1535.4667
1590,1500.3268
1590,1361.1521
1590,1742.869
1590,1429.0529
1590,1614.9844
1590,1632.2106
1590,1597.94
1590,1818.2686
1590,1714.7166
1590,1485.4391
1591,1498.4009
1591,1568.399
1591,1568.399
1591,1497.4324
1591,1497.4324
1591,1530.5381
1591,1610.1265
1591,1714.8785
1591,1427.0726
1591,1459.7043
1591,1492.9407
1592,1531.528
1592,1413.0563
1592,1413.0563
1592,1574.7631
1593,1770.1874
1593,1731.9015
1593,1562.8307
1593,1546.3363
1593,1562.8307
1593,1288.1931
1593,1288.1931
1593,1603.7832
1593,1394.4119
1593,1471.3517
1593,1503.8811
1594,1592.1172
1594,1622.974
1595,1626.1101
1595,1769.0433
1595,1750.3739
1595,1404.151
1595,1497.4324
1595,1475.2753
1595,1828.6158
1595,1754.8751
1596,1781.3971
1596,1781.3971
1596,1479.2212
1596,1781.3971
1597,1502.2552
1597,1760.3351
1597,1779.1106
1597,1741.7576
1597,1930.7289
1597,1946.5269
1598,1296.3641
1598,1296.3641
1598,1521.8765
1598,1435.195
1598,1383.3724
1599,1599.9938
1599,1741.7576
1599,1444.2977
1599,1475.2753
1599,1475.2753
1599,1475.2753
1599,1644.517
1599,1662.0587
1599,2362.4712
1600,1681.031
1600,1693.3481
1600,1693.3481
1600,1530.5381
1600,1693.3481
1600,1693.3481
1600,1693.3481
1600,1498.4009
1600,1693.3481
1600,1572.1272
1600,1675.4772
1600,1693.3481
1600,1514.3843
1600,1693.3481
1600,1429.9656
1600,1514.3843
1600,1468.811
1601,1465.99
1601,1465.99
1601,1819.6155
1601,1633.2654
1601,1753.9209
1601,1487.0468
1601,1344.0602
1601,1850.4944
1601,1413.958
1601,1573.279
1601,1572.1272
1602,1704.0862
1602,1435.2073
1602,1639.2385
1603,1413.0563
1603,1714.8785
1603,1487.2086
1603,1714.8785
1604,1678.8733
1604,1574.2958
1604,1499.3572
1604,1316.6759
1605,1828.6158
1605,1500.3268
1605,1563.3774
1605,1406.8645
1605,1597.3812
1605,1466.9263
1605,1466.9263
1605,1632.2106
1605,1396.2042
1605,1396.2042
1605,1396.2042
1605,1550.8555
1605,1514.3843
1605,1514.3843
1605,1482.586
1605,1530.5381
1605,1514.3843
1605,1693.3481
1605,1675.4772
1605,1675.4772
1605,1640.2987
1605,1640.2987
1605,1693.3481
1605,1693.3481
1605,1657.7947
1605,1454.385
1605,1537.1285
1606,1285.1482
1606,1285.1482
1606,1563.3774
1607,1498.4009
1607,1644.6724
1607,1705.1744
1607,1541.2273
1607,1508.8658
1607,1651.7539
1607,1669.372
1607,1508.8658
1607,1705.1744
1607,1705.1744
1607,1541.2273
1607,1492.9407
1607,1669.372
1607,1651.7539
1607,1705.1744
1607,1797.9174
1607,1810.4727
1607,1769.0433
1607,1399.0339
1607,1480.1652
1607,1413.958
1607,1413.958
1607,1413.958
1607,1384.2672
1607,1399.0339
1607,1413.958
1607,1435.195
1607,1435.195
1607,1420.0469
1607,1435.195
1607,1420.0469
1607,1420.0469
1607,1435.195
1607,1420.0469
1607,1420.0469
1607,1571.1111
1607,1587.8696
1607,1587.8696
1607,1587.8696
1607,1587.8696
1607,1587.8696
1607,1571.1111
1607,1435.195
1607,1420.0469
1607,1435.195
1608,1422.0057
1608,1422.0057
1608,1566.3857
1608,1533.4965
1608,1733.0066
1608,1566.3857
1608,1733.0066
1608,1533.4965
1608,1566.3857
1608,1549.8531
1608,1955.2758
1608,1848.1193
1608,1670.4373
1608,1714.7166
1608,1615.463
1608,1632.6951
1608,1696.621
1608,1733.0066
1608,1533.4965
1608,1862.2285
1608,1624.3282
1608,1632.2106
1609,1742.869
521,1112.9382
521,1096.466
521,823.48334
521,841.1548
522,860.3982
522,860.3982
522,937.87714
522,937.87714
522,937.87714
522,937.87714
522,878.8608
522,1028.802
522,873.2446
522,901.5021
522,1029.4677
522,1053.1748
522,891.9826
522,1087.248
522,1087.248
522,1075.7698
522,1075.7698
522,873.2446
522,1087.248
523,738.68475
523,832.80365
523,832.80365
523,832.80365
523,831.734
523,831.734
523,831.734
1609,1599.9938
1609,1364.3965
1609,1562.367
1609,1629.2391
1609,1658.8525
1609,1658.8525
1609,1529.7152
1609,1409.4393
1609,1990.8401
1610,1531.528
1610,1858.6373
1610,1603.7832
1610,1603.7832
1610,1603.7832
1610,1620.8907
1610,1571.2821
1610,1906.8767
1611,1453.445
1611,1808.1498
1612,1669.372
1612,1740.6327
1612,1597.94
1612,1597.94
1612,1707.3651
1612,1309.2238
1612,1719.127
1613,1566.3857
1613,1742.869
1613,1850.4944
1613,1794.0212
1613,1523.9882
1613,1523.9882
1613,1517.3107
1613,1526.9208
1613,1714.7166
1613,1733.0066
1613,1733.0066
1613,1733.0066
1613,1733.0066
1614,1635.3645
1614,2039.8583
1614,1614.9844
1614,1596.9072
1614,1596.9072
1614,1632.2106
1614,1722.2622
1614,1528.8833
1615,1660.4172
1615,1696.0277
1615,1419.1411
1615,1434.2803
1615,1435.195
1615,1598.9597
1615,1381.5966
1615,1541.2273
1616,1549.0111
1616,1607.0342
1616,1870.423
1616,1597.3812
1616,1603.0718
1616,1532.5052
1616,1509.8287
1617,1750.5385
1617,1533.4965
1617,1533.4965
1617,1668.294
1617,1505.8141
1617,1487.0468
1618,1602.0494
1618,1476.2286
1618,1451.5798
1618,1492.7882
1619,1679.9446
1619,1465.2018
1619,1670.4373
1619,1714.8785
1619,1598.9597
1619,1713.6239
1619,1463.5968
1619,1448.1484
1619,1497.4324
1619,1481.6278
1619,1639.2385
1619,1656.7233
1619,1497.4324
1619,1799.2491
1619,1497.4324
1620,1530.5381
1621,1931.9766
1621,1507.8914
1621,1633.2654
1621,1668.294
1621,1476.2286
1621,1668.294
1621,1564.3751
1621,1658.8525
1621,1658.8525
1621,1730.7822
1621,1600.2946
1621,1809.6592
1621,1809.6592
1621,1809.6592
1621,1809.6592
1621,1598.9597
1621,1525.6471
1622,2018.3325
1622,1597.3812
1622,1580.5225
1622,1746.2366
1622,1636.4081
1622,1650.6871
1622,1491.9757
1623,1602.0494
1623,1779.1106
1623,1563.3774
1623,1620.8907
1624,1762.4318
1624,1580.0535
1624,1580.0535
1624,1580.0535
1624,1563.3774
1624,1596.9072
1624,1563.3774
1624,1443.3641
1624,1563.3774
1624,1596.9072
1624,1563.3774
1624,1428.1299
1624,1413.0563
1624,1563.3774
1624,1580.0535
1624,1596.9072
1624,1563.3774
1624,1563.3774
1624,1428.1299
1624,1563.3774
1624,1428.1299
1624,1428.1299
1624,1596.9072
1624,1596.9072
1624,1413.0563
1624,1596.9072
1624,1596.9072
1624,1596.9072
1624,1443.3641
1624,1596.9072
1624,1428.1299
1624,1428.1299
1624,1563.3774
1624,1596.9072
1624,1413.0563
1624,1428.1299
1624,1530.5381
1624,1679.9446
1624,1405.3234
1624,1583.1067
1624,1627.314
1624,1425.2407
1624,1425.2407
1624,1472.3033
1624,1519.923
1624,1503.8811
1624,1503.8811
1624,1472.3033
1624,1537.1285
1625,1633.2654
1625,1672.5842
1625,1599.9938
1625,1830.966
1625,1820.7765
1625,1595.3308
1625,1281.9717
1625,1405.9558
1625,1435.195
1625,1530.5381
1625,1530.5381
1625,1616.0281
1625,1800.4117
1625,1455.98
1626,1608.2338
1626,1347.5178
1626,1233.0619
1626,1233.0619
1626,1419.1411
1627,1635.3645
1627,1704.0862
1627,1704.0862
1627,1574.2958
1627,1591.0883
1627,1438.8868
1627,1879.6754
1628,1325.0267
1628,1325.0267
1628,1325.0267
1628,1325.0267
1628,1704.0862
1628,2065.4036
1628,1740.6327
1628,1740.6327
1628,1663.1193
1628,1663.1193
1629,1743.9961
1629,1476.2286
1629,2006.9122
1629,1530.5381
1629,1818.4395
1629,1507.8914
1629,1580.0535
1629,1428.1299
1629,1428.1299
1629,1428.1299
1629,1428.1299
1629,1580.0535
1629,1596.9072
1629,1596.9072
1629,1596.9072
1629,1563.3774
1629,1596.9072
1629,1580.0535
1629,1580.0535
1629,1596.9072
1629,1596.9072
1629,1596.9072
1629,1563.3774
1629,1563.3774
1629,1563.3774
1629,1580.0535
1629,1563.3774
1629,1563.3774
1629,1596.9072
1629,1580.0535
1629,1896.0859
1629,1428.1299
1629,1563.3774
1630,1641.3453
1630,1445.2194
1630,1679.9446
1630,1810.4727
1631,1712.5164
1631,1694.4432
1631,1730.7822
1631,1531.528
1631,1564.3751
1631,1564.3751
1631,1712.5164
1631,1564.3751
1631,1730.7822
1631,1531.528
1631,1547.8644
1631,1730.7822
1631,1427.0726
1631,2013.3739
1632,2291.163
1632,1465.0431
1632,1601.014
1632,1475.2753
1632,1475.2753
1632,1475.2753
1632,1608.0597
1632,1704.0862
1633,1533.4965
1633,1741.7576
1633,1437.9691
1633,1779.1106
1633,1445.2194
1633,1427.0726
1633,1394.4119
1633,1810.4727
1633,1778.1687
1633,1427.0726
1633,1754.8751
1634,1715.9867
1634,1499.3572
1634,1477.1715
1634,1475.2753
1634,1607.9084
1634,1607.9084
1635,1686.1019
1635,1686.1019
1635,1686.1019
1635,1704.0862
1635,1686.1019
1635,1740.6327
1636,1508.8658
1636,1752.7882
1636,1715.9867
1636,1633.7501
1636,1771.316
1636,1771.316
1636,1601.014
1636,1651.1764
1636,1634.3083
1636,1531.528
1636,1547.8644
1636,1676.5598
1636,1579.2032
1636,1785.8102
1636,1694.4432
1637,1413.0563
1637,1575.3004
523,831.734
523,831.734
523,831.734
523,831.734
523,819.4204
523,819.4204
523,819.4204
523,819.4204
523,827.02454
523,827.02454
523,687.7647
523,760.9838
523,760.9838
523,760.9838
523,769.10645
523,760.9838
523,769.10645
523,760.9838
523,727.6783
523,727.6783
523,695.1068
523,673.31195
523,695.1068
523,687.7647
523,687.7647
523,687.7647
523,680.5
523,687.7647
523,680.5
523,752.94684
1637,1707.3651
1637,1707.3651
1637,1671.5176
1637,1707.3651
1637,1688.269
1637,1706.2764
1637,1558.6746
1637,1712.6774
1637,1712.6774
1637,1732.227
1637,1324.1709
1637,1773.5925
1637,1429.9656
1637,1451.4427
1637,1466.9263
1637,1466.9263
1637,1429.9656
1637,1512.8893
1637,1445.2194
1637,1445.2194
1637,1429.9656
1637,1429.9656
1637,1445.2194
1637,1445.2194
1637,1451.4427
1637,1466.9263
1637,1466.9263
1637,1451.4427
1637,1451.4427
1637,1622.974
1637,1622.974
1637,1605.8446
1637,1622.974
1637,1451.4427
1637,1420.9653
1637,1605.8446
1637,2609.229
1638,1597.94
1638,1597.94
1639,1781.3971
1639,1565.3868
1639,1551.9918
1639,1595.3308
1639,1456.7513
1639,1456.7513
1640,1604.1085
1640,1597.94
1640,1304.5751
1640,1525.947
1640,1589.0459
1640,1901.9849
1641,1633.2654
1641,1476.2286
1641,1601.014
1641,1638.5114
1641,1734.1265
1641,1752.6227
1641,1699.8993
1641,1752.6227
1641,1923.6942
1641,1533.4965
1641,1697.7174
1642,1508.8658
1642,1566.3857
1642,1653.8768
1642,1639.2385
1642,1896.2804
1643,1446.1542
1643,1781.3971
1643,1497.5953
1643,1441.5114
1643,1727.8079
1644,1607.0342
1644,1779.1106
1644,1668.294
1644,1668.294
1644,1668.294
1644,1591.2606
1644,1466.9263
1644,1840.2113
1645,1841.3864
1645,1941.7168
1645,1398.1416
1645,1483.5322
1646,1704.0862
1646,1704.0862
1646,1668.294
1646,1650.6871
1646,1740.6327
1646,1697.7036
1646,1973.4076
1646,1794.8285
1646,1539.1041
1646,1541.0824
1646,1541.0824
1647,1669.372
1647,1641.9868
1648,1508.8658
1648,1508.8658
1648,1646.7854
1648,1527.0643
1648,1527.0643
1648,1534.475
1648,1383.3724
1648,1501.2843
1649,1698.9612
1649,1634.3083
1649,1714.8785
1649,1695.5244
1649,1519.923
1650,1731.9015
1650,1564.3751
1650,1769.0433
1650,1750.3739
1650,1662.9622
1651,1615.1593
1651,1615.1593
1651,1985.9205
1651,1668.294
1651,1693.3481
1651,1514.3843
1651,1514.3843
1651,1675.4772
1651,2610.6333
1651,2236.1091
1652,1772.4615
1652,1475.2753
1652,1660.9845
1652,1603.0718
1653,1705.1744
1653,1633.2654
1653,1681.031
1653,1681.031
1653,1669.372
1653,1493.8934
1653,1740.6327
1653,1677.6305
1654,1606.4722
1654,1861.0259
1654,1821.9531
1654,1652.808
1654,1637.7743
1654,1449.5795
1654,1465.0431
1654,1449.5795
1654,1465.0431
1654,1449.5795
1654,1449.5795
1654,1449.5795
1654,1449.5795
1654,1449.5795
1654,1449.5795
1654,1449.5795
1654,1449.5795
1654,1620.8907
1654,1620.8907
1654,1620.8907
1654,1603.7832
1654,1603.7832
1654,1603.7832
1654,1603.7832
1654,1603.7832
1654,1620.8907
1654,1620.8907
1654,1620.8907
1654,1603.7832
1654,1603.7832
1654,1697.7036
1654,1571.1111
1654,1698.047
1654,1580.0535
1654,1580.0535
1655,1508.8658
1655,1437.0397
1655,1564.3751
1655,1564.3751
1655,1596.9072
1656,1862.2285
1656,1475.2753
1656,1632.2106
1656,1444.2977
1656,1475.2753
1656,1632.2106
1656,1632.2106
1656,1475.2753
1656,1632.2106
1656,1475.2753
1656,1459.7043
1656,1597.94
1656,1475.2753
1656,1475.2753
1656,1459.7043
1656,1632.2106
1656,1475.2753
1656,1632.2106
1656,1632.2106
1656,1475.2753
1656,1459.7043
1656,1614.9844
1656,1632.2106
1656,1614.9844
1656,1614.9844
1656,1614.9844
1656,1459.7043
1656,1444.2977
1656,1632.2106
1656,1459.7043
1656,1475.2753
1656,1475.2753
1656,1632.2106
1656,1475.2753
1656,1614.9844
1656,1614.9844
1656,1581.0746
1656,1597.94
1656,1632.2106
1656,1632.2106
1656,1632.2106
1656,1632.2106
1656,1632.2106
1656,1523.1471
1656,1553.5254
1656,1553.5254
1656,1553.5254
1657,1540.2444
1657,1681.031
1657,1707.7114
1657,1725.926
1657,1627.4678
1657,1687.3373
1657,1745.1089
1657,1944.2112
1657,1810.6584
1657,2120.5447
1658,1741.7576
1658,1532.5052
1659,1354.3234
1659,1354.3234
1659,1558.5281
1659,1858.6373
1659,1858.6373
1659,1659.9253
1659,1499.3572
1659,1705.1744
1659,1541.2273
1659,1591.9539
1659,1591.9539
1659,1505.1582
1659,1849.663
1659,1830.1425
1659,1485.5908
1660,1688.269
1660,1373.7773
1660,1497.4324
1660,1779.1106
1660,1616.0281
1661,1662.0587
1661,1497.4324
1661,1811.984
1662,1598.9597
1662,1731.9015
1662,1769.0433
1662,1769.0433
1662,1769.0433
1662,1598.9597
1662,1598.9597
1662,1731.9015
1662,1769.0433
1662,1750.3739
1662,1598.9597
1662,1731.9015
1662,1565.3868
1662,1582.0842
1662,1565.3868
1662,1535.611
1662,1731.9015
1662,1598.9597
1662,1769.0433
1662,1532.5052
1662,1532.5052
1662,1532.5052
1662,1499.3572
1662,1532.5052
1662,1530.5381
1662,1507.8914
1662,1507.8914
1662,1459.7043
1662,1475.2753
1662,1459.7043
1662,1614.9844
1662,1632.2106
1662,1614.9844
1662,1632.2106
1662,1632.2106
1662,1632.2106
1662,1614.9844
1662,1597.94
1662,1632.2106
1662,1597.94
1662,1597.94
523,752.94684
523,829.52124
524,1024.6512
524,1046.6349
524,1046.6349
524,1046.6349
524,1046.6349
524,1046.6349
524,1046.6349
524,1039.7885
524,935.9795
524,926.0963
524,931.96436
524,931.96436
524,893.2136
524,887.5898
524,887.5898
524,883.782
524,906.6352
524,971.6821
524,906.6352
524,982.0512
524,926.0963
524,926.0963
524,971.6821
524,971.6821
524,971.6821
524,893.2136
524,992.5304
524,906.6352
1662,1597.94
1662,1581.0746
1662,1632.2106
1662,1614.9844
1662,1581.0746
1662,1581.0746
1662,1614.9844
1662,1815.1293
1662,1475.2753
1662,1458.6238
1662,1946.5269
1663,1514.5483
1664,1561.8341
1664,1780.2611
1664,1780.2611
1664,1508.8658
1664,1810.4727
1664,1602.0494
1664,1772.4615
1664,1636.4081
1664,1810.4727
1664,1810.4727
1664,1791.3663
1664,1762.5974
1664,1670.4373
1664,1818.4395
1664,1848.1193
1664,2120.3455
1664,1762.5974
1664,1375.5432
1665,1633.2654
1665,1542.224
1665,1678.8733
1665,1664.1941
1665,1383.3724
1665,1732.227
1665,1781.3971
1665,1415.7755
1665,1507.8914
1665,1714.8785
1665,1336.4532
1665,1723.376
1666,1501.4376
1666,1745.1089
1666,1480.8313
1666,1715.0642
1666,1465.2018
1666,1745.1089
1666,1530.7046
1666,1148.2168
1666,1148.2168
1666,1556.6737
1666,1556.6737
1666,1684.1064
1667,1708.4694
1667,1781.3971
1667,1781.3971
1667,1576.3192
1667,1610.1265
1667,1440.6008
1667,1582.0842
1667,1750.3739
1667,1731.9015
1667,1582.0842
1667,1597.2311
1668,1801.5615
1668,1528.052
1668,1444.2977
1668,1586.302
1668,1586.302
1668,1586.302
1668,1586.302
1668,1723.376
1668,1741.7576
1668,1723.376
1668,1772.6282
1668,1723.376
1668,1791.5355
1668,1791.5355
1668,1353.4479
1668,1353.4479
1668,1475.2753
1668,1475.2753
1668,1475.2753
1668,1656.0024
1668,1483.5322
1668,1658.8525
1668,1658.8525
1668,1658.8525
1668,1658.8525
1668,1641.3453
1668,1641.3453
1668,1658.8525
1668,1658.8525
1668,1658.8525
1668,1705.1882
1669,1743.9961
1669,1453.445
1669,1488.9581
1669,1641.9868
1670,1662.0587
1670,1902.1646
1670,1733.0066
1670,1633.2654
1671,1829.9703
1671,1577.3252
1671,1973.4076
1671,1597.94
1672,1841.3864
1672,1552.8265
1672,1670.4373
1672,1899.7231
1672,1540.4111
1672,1487.2086
1672,1696.7804
1673,1941.7168
1673,1842.3882
1673,1616.0281
1674,1675.6594
1674,1518.4225
1674,1779.1106
1675,1673.6659
1675,1608.2338
1675,1696.7804
1675,1678.8733
1675,1678.8733
1675,1714.8785
1675,1471.5111
1675,1696.7804
1675,1632.2106
1675,1307.543
1675,1307.543
1675,1658.8525
1676,1599.9938
1676,1832.3223
1676,1705.1744
1676,1705.1744
1676,1580.0535
1676,1596.9072
1676,1580.0535
1676,1580.0535
1676,1596.9072
1676,1596.9072
1676,1580.0535
1676,1580.0535
1676,2033.5319
1676,2036.1451
1676,1573.1305
1677,1818.4395
1677,1848.1193
1678,1741.7576
1678,1779.1106
1678,1740.6327
1678,1779.1106
1678,1413.958
1678,1413.958
1678,1413.958
1678,1714.8785
1678,1636.5759
1678,1669.372
1679,1613.2385
1679,1522.8601
1679,1634.3083
1679,1818.4395
1679,1573.279
1679,1573.279
1680,1574.2958
1680,1498.4009
1680,1668.7883
1680,1598.9597
1680,1598.9597
1680,1608.0597
1680,1653.8768
1681,1529.0271
1681,1735.2339
1681,2474.4053
1682,1819.6155
1682,1753.9209
1682,1704.0862
1682,1645.7218
1682,1755.0409
1682,1519.923
1682,1700.0591
1682,1998.308
1682,1553.5254
1683,1902.1646
1683,1902.1646
1683,1533.7847
1683,1564.3751
1683,1730.7822
1683,1730.7822
1683,1722.2622
1684,1742.869
1684,1707.3651
1684,1558.6746
1684,1888.9728
1684,1527.0643
1684,1973.4076
1684,1575.3004
1684,1580.0535
1685,1555.5222
1685,1525.947
1686,1611.1677
1686,1477.1715
1687,2018.551
1687,1656.7233
1687,1405.9558
1687,1497.4324
1687,1497.4324
1687,1481.6278
1687,1481.6278
1687,1497.4324
1687,1497.4324
1687,1656.7233
1687,1639.2385
1687,1639.2385
1687,1639.2385
1687,1639.2385
1687,1656.7233
1687,1656.7233
1687,1656.7233
1687,1639.2385
1687,1639.2385
1687,1639.2385
1687,1656.7233
1687,1497.4324
1687,1724.4757
1688,1478.1261
1688,1704.0862
1688,1813.9718
1688,1627.314
1689,1668.294
1689,1460.6477
1689,1668.294
1689,1507.8914
1689,1668.294
1689,1668.294
1689,1491.9757
1689,1650.6871
1689,1633.2654
1689,1633.2654
1689,1668.294
1689,1668.294
1689,1507.8914
1689,1476.2286
1689,1491.9757
1689,1668.294
1689,1476.2286
1689,1507.8914
1689,1507.8914
1689,1476.2286
1689,1507.8914
1689,1668.294
1689,1507.8914
1689,1507.8914
1689,1668.294
1689,1668.294
1689,1814.1422
1689,1633.2654
1689,1491.9757
1689,1633.2654
1689,1668.294
1689,1288.1931
1689,1818.4395
1689,1475.2753
1689,1715.3875
1690,1705.1744
1690,1740.6327
1690,1740.6327
1690,1490.872
1690,1501.4376
1690,1794.0212
1690,1661.1542
1690,1513.5702
1690,1919.8041
1691,1768.1067
1691,1582.0842
1691,1566.3857
1691,1465.0431
1691,1509.8287
1691,1507.8914
1691,1475.2753
1691,1695.5244
1691,1692.4515
1691,1907.6373
1692,1540.2444
1692,1770.1874
1692,1770.1874
1692,1634.3083
1692,1634.3083
1692,1634.3083
1692,1789.067
1692,1634.3083
1692,1599.9938
1692,1808.1498
1692,1634.7927
1692,1541.2273
1692,1764.0941
1693,1531.528
1693,1613.063
524,971.6821
525,898.8808
525,923.9936
525,943.2171
525,943.2171
525,943.2171
525,943.2171
525,943.2171
525,943.2171
525,984.1347
525,881.12256
525,897.14636
525,897.14636
525,897.14636
525,897.14636
525,897.14636
525,883.8651
525,883.8651
525,849.04016
525,849.04016
525,743.2267
525,743.2267
525,743.2267
525,949.1935
525,914.5498
526,1043.592
526,1120.7128
526,940.0114
526,1104.1261
526,956.77057
1693,1473.2429
1694,1413.0563
1694,1973.4076
1694,1911.5886
1694,1507.8914
1694,1507.8914
1694,1858.6373
1694,1507.8914
1694,1668.294
1694,1668.294
1694,1668.294
1694,1668.294
1694,1668.294
1694,1633.2654
1694,1650.6871
1694,1650.6871
1694,1668.294
1694,1405.9558
1695,1595.3308
1695,1596.9072
1695,1742.869
1695,1541.2273
1695,1573.279
1695,1573.279
1695,1725.5908
1696,1551.9918
1696,1551.9918
1696,1536.3021
1696,2240.1868
1697,1574.2958
1697,1715.9867
1697,1679.9446
1697,1752.7882
1697,1603.9578
1697,1563.5468
1698,1542.224
1698,1148.959
1698,1696.7804
1698,1705.6797
1698,1902.1646
1698,1861.0259
1698,2017.0292
1698,1597.3812
1698,1580.5225
1698,1597.3812
1698,1532.5052
1698,1532.5052
1698,1509.8287
1698,1532.5052
1698,1532.5052
1698,1532.5052
1698,1516.3308
1698,1516.3308
1698,1532.5052
1698,1532.5052
1698,1695.5244
1698,1695.5244
1698,1695.5244
1698,1695.5244
1698,1634.3083
1698,1617.0593
1698,1634.3083
1698,1789.067
1698,1789.067
1698,1830.966
1698,1693.5323
1698,1812.7994
1698,1789.067
1698,1641.3453
1698,1617.0593
1699,1349.9951
1699,1471.5111
1699,1820.7765
1699,1383.3724
1699,1383.3724
1699,1580.0535
1699,1580.0535
1699,1749.4321
1700,2062.9465
1700,1831.1381
1700,1521.8765
1700,1487.0468
1701,1761.4735
1701,1780.2611
1701,1761.4735
1701,1818.4395
1701,1810.6584
1701,1647.8503
1702,1560.8246
1702,1634.3083
1702,1519.1058
1703,1704.0862
1704,1858.6373
1704,1816.4738
1704,2009.6802
1705,1726.8683
1705,1636.4081
1705,1625.0592
1705,2609.229
1705,2609.229
1706,1408.6729
1706,1635.3645
1706,1574.2958
1706,1605.4478
1706,1745.1089
1706,1684.2648
1706,1631.4998
1706,1730.7822
1707,1643.6094
1707,1706.2764
1707,1952.7662
1707,1602.2001
1707,1705.1744
1707,1705.1744
1708,1607.5111
1708,2042.4796
1708,1670.4373
1708,1668.294
1708,1475.2753
1708,1475.2753
1708,1752.7882
1708,1848.1193
1708,1589.2188
1708,1686.1019
1708,2087.6272
1708,1762.5974
1708,1684.1064
1709,1625.5415
1709,1669.8676
1709,1724.4757
1709,1634.3083
1709,1634.3083
1709,1445.2194
1709,1444.2977
1709,1632.2106
1709,1614.9844
1709,1614.9844
1709,1569.4126
1709,1564.3878
1709,1459.7043
1710,1510.9473
1710,1479.2212
1710,1556.6737
1710,1556.6737
1710,1556.6737
1710,1540.2444
1710,1573.279
1710,1527.0643
1710,1592.1172
1711,1497.4324
1711,1663.1193
1711,1765.8229
1712,1756.175
1712,1547.8644
1712,1903.3937
1712,1668.294
1712,1740.6327
1712,1645.7218
1712,1494.7069
1712,1751.0573
1712,1737.6415
1712,1737.6415
1712,1737.6415
1712,1562.8307
1712,1562.8307
1712,1546.3363
1712,1719.127
1712,1704.0862
1712,2971.1099
1712,1485.5908
1713,1529.7152
1713,1781.9259
1713,1742.869
1713,1553.5254
1714,1661.1542
1715,1781.3971
1715,1781.3971
1715,1781.3971
1715,1655.8326
1715,1433.2185
1715,1662.0587
1715,1517.4541
1715,1501.4376
1715,1501.4376
1715,1517.4541
1715,1501.4376
1715,1517.4541
1715,1586.302
1715,1615.1593
1715,1743.3862
1715,1499.3572
1715,1634.3083
1715,1509.8287
1715,1725.5908
1715,1750.3739
1715,1769.0433
1715,1495.0001
1715,1556.6737
1715,1766.964
1715,1766.964
1715,2004.5535
1715,1556.6737
1715,1503.0719
1715,1829.9703
1715,1742.7052
1715,947.1916
1715,2177.9321
1716,1779.1106
1716,1779.1106
1716,1741.7576
1716,1760.3351
1716,1760.3351
1716,1714.8785
1716,1760.3351
1716,1779.1106
1717,1715.9867
1717,1715.9867
1717,1825.2871
1717,1619.1377
1718,2028.5068
1718,1587.156
1718,1523.8319
1718,1521.8765
1719,1743.9961
1719,1601.014
1719,1601.014
1719,1551.8452
1720,1269.1299
1720,1306.2521
1720,1890.1943
1720,1543.2083
1720,1514.3843
1720,1530.5381
1720,1514.3843
1720,1514.3843
1720,1693.3481
1720,1693.3481
1720,1693.3481
1720,1675.4772
1720,1693.3481
1720,1693.3481
1720,1693.3481
1720,1693.3481
1720,1693.3481
1720,1750.3739
1720,2082.4976
1720,1622.974
1720,1429.9656
1720,1563.5468
1720,1675.4772
1721,1687.1779
1721,1705.1744
1721,1541.2273
1721,1524.9607
1721,1705.1744
1721,1705.1744
1721,1705.1744
1721,1541.2273
1721,1541.2273
1721,1669.372
1721,1705.1744
1721,1705.1744
1721,1705.1744
1721,1541.2273
1721,1705.1744
1721,1541.2273
1721,1687.1779
1721,1705.1744
1721,1508.8658
1721,1541.2273
1721,1851.6912
1721,1507.8914
1721,1605.9962
1721,1344.0602
1722,1741.7576
1722,1508.8658
1722,1574.2958
1722,1601.3287
1722,1858.6373
1722,1507.8914
1722,1507.8914
1722,1507.8914
1723,1517.4541
1723,1746.2366
1723,1587.328
1723,1670.4373
1723,1828.6158
1723,1848.1193
1723,1848.1193
1723,1670.4373
1723,1809.3182
1723,1828.6158
1723,1848.1193
1723,1828.6158
1723,1848.1193
1723,1666.647
1723,1670.4373
1723,1670.4373
1723,1848.1193
1723,1828.6158
526,956.77057
526,1042.9178
526,1042.9178
526,1136.8136
526,1027.481
526,809.12604
526,1084.8905
526,681.37537
526,1070.4723
526,940.0114
526,840.61804
526,845.945
526,930.0862
526,950.0425
526,849.58954
526,837.01154
526,837.01154
526,845.945
526,854.9733
526,950.0425
526,930.0862
526,837.01154
526,828.1727
526,828.1727
526,854.9733
526,837.01154
526,858.65674
526,828.1727
526,930.0862
526,837.01154
1723,1564.3751
1723,1434.4349
1723,2055.2373
1724,1714.8785
1724,1714.8785
1724,1620.3372
1724,1694.4432
1724,1575.3004
1724,1717.0825
1724,1503.0719
1725,1743.9961
1725,1813.9718
1725,1566.3857
1725,1899.7231
1725,1437.0397
1726,1851.6912
1726,1622.4197
1726,1622.4197
1726,1706.2764
1726,1575.3004
1726,1791.5355
1727,1508.8658
1727,1541.2273
1727,1541.2273
1727,1524.9607
1727,1687.1779
1727,1687.1779
1727,1705.1744
1727,1705.1744
1727,1651.7539
1727,1705.1744
1727,1508.8658
1728,1861.0259
1728,1861.0259
1728,1861.0259
1728,1608.0597
1728,1566.3857
1728,1632.6951
1728,1615.463
1728,1566.3857
1728,1566.3857
1728,1549.8531
1728,1549.8531
1728,1549.8531
1728,1549.8531
1728,1714.7166
1728,1733.0066
1728,1733.0066
1728,1733.0066
1728,1714.7166
1728,1494.8596
1728,1789.067
1729,1517.4541
1729,1670.4373
1729,1848.1193
1730,1199.5581
1730,2469.3867
1731,1413.958
1731,1573.279
1731,1573.279
1732,1821.9531
1732,1871.6165
1732,1519.923
1732,1519.923
1733,1448.1484
1733,1614.9844
1733,1632.2106
1733,1637.7743
1733,1935.7103
1734,1569.4126
1734,1800.4117
1734,1839.023
1735,1465.2018
1735,1480.8313
1735,1762.5974
1736,1476.2286
1736,1793.5
1736,1366.0023
1736,1763.7365
1736,1687.3373
1736,1644.8269
1736,1793.6686
1736,1793.6686
1736,1465.0431
1736,1449.5795
1736,1911.9489
1737,1930.7289
1737,1404.151
1737,1707.3651
1737,1699.8855
1737,1553.5254
1737,1745.123
1738,1540.2444
1738,1830.966
1738,1850.4944
1738,1771.4977
1739,1670.4373
1739,1670.4373
1739,1705.1744
1739,1705.1744
1739,1772.6282
1739,2609.229
1739,2609.229
1740,1779.1106
1740,1679.9446
1740,1825.2871
1740,1806.0245
1741,1794.9972
1741,1549.9996
1741,1444.2977
1741,1781.3971
1741,1703.4904
1741,1776.0541
1742,1914.2252
1742,1791.5355
1742,1781.9259
1742,1705.6797
1742,1771.316
1743,1576.3192
1743,1973.4076
1743,1931.9766
1743,1630.5992
1743,1630.5992
1743,1705.1744
1743,1733.1836
1743,1597.3812
1743,1783.6865
1743,1580.5225
1743,1507.8914
1743,1668.294
1743,1668.294
1743,1650.6871
1743,2055.2207
1744,1528.052
1744,1743.9961
1744,1608.0597
1744,1608.0597
1744,1608.0597
1744,1608.0597
1744,1591.0883
1744,1633.5966
1744,1604.9813
1745,1621.3711
1745,1565.3868
1745,1548.8655
1745,1624.3282
1745,1575.3004
1745,1575.3004
1745,1714.8785
1745,1848.1193
1746,1464.9047
1746,1464.9047
1746,1809.3182
1746,1580.0535
1746,1443.3641
1746,1428.1299
1746,1617.0593
1746,1428.1299
1746,1428.1299
1746,1428.1299
1746,1428.1299
1746,1428.1299
1746,1428.1299
1746,1428.1299
1746,1443.3641
1746,1428.1299
1746,1596.9072
1746,1596.9072
1746,1596.9072
1746,1596.9072
1746,1596.9072
1746,1580.0535
1746,1580.0535
1746,1596.9072
1746,1596.9072
1746,1596.9072
1746,1580.0535
1746,1580.0535
1746,1580.0535
1746,1580.0535
1746,1580.0535
1746,1580.0535
1746,1596.9072
1746,1596.9072
1746,1580.0535
1746,1580.0535
1746,1596.9072
1746,1672.5842
1746,1664.3505
1746,1580.0535
1746,1428.1299
1747,1400.9639
1747,1820.7765
1748,1985.9205
1748,1609.0996
1748,1772.4615
1748,1873.8456
1748,1734.4781
1748,1595.3308
1749,1638.3573
1749,1485.5787
1749,1780.2611
1749,1799.2491
1749,1933.2102
1749,1591.0883
1749,1465.0431
1749,1850.4944
1749,1563.5468
1749,1591.0883
1749,2410.052
1749,1835.6752
1749,1438.1044
1749,2971.1099
1750,2029.8186
1750,1829.9703
1750,1974.6837
1750,1584.2666
1750,1551.0013
1750,1584.2666
1750,1534.6317
1751,1656.1581
1751,1574.2958
1751,1608.0597
1751,1589.9104
1751,2028.3163
1752,1499.3572
1752,1444.2977
1752,1910.5337
1752,1910.5337
1752,1546.8773
1752,1704.0862
1752,1722.2622
1752,1722.2622
1752,1722.2622
1752,1789.598
1752,2061.6135
1752,1740.6327
1752,1704.0862
1752,1740.6327
1752,1722.2622
1752,1704.0862
1752,1704.0862
1752,1722.2622
1752,1740.6327
1752,1902.1646
1752,1818.4395
1752,1658.8525
1753,1984.6372
1753,1564.3751
1753,1547.8644
1753,1547.8644
1753,1547.8644
1753,1564.3751
1753,1564.3751
1753,1712.5164
1753,1730.7822
1753,1712.5164
1753,1730.7822
1753,1712.5164
1753,1730.7822
1753,1712.5164
1754,1671.5176
1754,1888.9728
1754,1595.3308
1754,1542.224
1754,1849.3145
1754,1742.869
1754,1558.6746
1754,1575.3004
1754,1707.3651
1754,1575.3004
1754,1742.869
1754,1575.3004
1754,1888.9728
1754,1742.869
1754,1742.869
1754,1724.4757
1754,1742.869
1754,1742.869
1754,1742.869
1754,1742.869
1754,1575.3004
1754,1689.3463
1754,1849.663
1754,1732.227
1754,1541.2273
1754,1755.0409
1754,1684.4375
1755,1900.9507
1755,1782.5491
1755,1782.5491
1755,1678.8733
1755,1678.8733
1755,1736.5184
1755,1677.6305
1755,1944.2112
1755,1941.7168
1755,1714.8785
1755,1427.0726
1755,1481.7883
526,845.945
526,840.61804
526,849.58954
526,960.1804
526,998.827
526,940.0114
526,833.4209
526,828.1727
526,940.0114
526,849.58954
526,854.9733
526,849.58954
526,840.61804
526,837.01154
526,867.8205
526,930.0862
526,950.0425
526,837.01154
526,867.8205
526,950.0425
526,849.58954
526,833.4209
526,854.9733
526,867.8205
526,828.1727
526,837.01154
526,930.0862
526,840.61804
526,940.0114
526,854.9733
1755,1468.811
1756,1870.423
1757,1578.3445
1757,1703.1702
1757,1475.2753
1757,1739.8746
1758,1752.7882
1758,1704.0862
1758,1752.7882
1758,1842.5763
1758,1734.2903
1758,1507.8914
1758,1737.6415
1758,1722.2622
1758,1651.1764
1758,1668.7883
1758,1601.014
1758,1771.316
1758,1771.316
1758,1734.2903
1758,1686.1019
1758,1704.0862
1758,1704.0862
1758,1704.0862
1758,2302.7124
1758,2077.1565
1758,2338.8008
1758,2288.4717
1759,1437.0397
1759,1577.3252
1759,1714.8785
1759,1752.7882
1759,1589.9104
1759,1997.0337
1760,1549.9996
1760,1497.5953
1760,1689.3463
1760,1601.014
1760,1668.294
1760,1697.877
1760,1686.444
1760,1707.3651
1760,1707.3651
1760,1689.3463
1760,1575.3004
1760,1724.4757
1760,1706.2764
1760,1558.6746
1760,1558.6746
1760,1689.3463
1760,1689.3463
1761,1872.4586
1761,1601.014
1761,1601.014
1761,1670.4373
1761,1902.1646
1762,1551.0013
1762,1445.2194
1762,1395.4642
1763,1610.1265
1763,1580.2246
1763,1597.0802
1763,1899.7231
1763,1641.9868
1763,1841.3864
1764,1746.2366
1764,1394.5629
1764,1517.4541
1764,1501.4376
1764,1912.989
1764,1833.8623
1764,1622.244
1764,1577.3252
1764,1556.6737
1764,1865.6362
1764,1865.6362
1764,1620.8907
1765,1742.869
1765,1608.0597
1766,1549.9996
1766,1549.9996
1766,1560.8246
1766,1428.907
1766,1754.8751
1766,1662.215
1767,1781.3971
1767,1779.1106
1767,1753.9209
1767,1595.3308
1767,1643.6094
1767,1393.6615
1767,1704.4318
1767,1713.6239
1767,1668.294
1767,1668.294
1767,1668.294
1768,1941.7168
1768,1551.0013
1768,1551.0013
1768,1596.9072
1768,1596.9072
1769,1923.5134
1769,1435.195
1769,1779.1106
1769,1587.8696
1769,1603.2362
1769,1764.8628
1770,1782.5491
1770,1509.8287
1770,1750.3739
1770,2240.1868
1770,1698.9612
1770,1856.6272
1771,1694.9453
1771,1722.4487
1771,1688.269
1771,1830.966
1771,1931.9766
1772,1874.0217
1772,1717.0825
1772,1784.8401
1772,1831.1381
1772,1647.837
1772,1541.2273
1773,1637.4664
1773,1633.2654
1773,1624.5049
1773,1955.2758
1773,1698.9612
1773,2609.229
1774,1649.7991
1774,1465.99
1774,1799.2491
1774,1818.4395
1774,1818.4395
1774,1591.2606
1774,1666.647
1774,1636.4081
1774,1742.869
1774,1717.0825
1774,2017.0292
1774,1615.1593
1774,1615.1593
1775,2007.1008
1775,1696.7804
1775,1590.2329
1775,1630.5992
1775,1933.4076
1775,1820.6053
1775,1487.2086
1776,1513.2632
1776,1773.7744
1776,1792.6932
1776,1560.8246
1776,1560.8246
1776,1705.1744
1776,825.969
1777,1974.6837
1777,1974.6837
1777,1599.9938
1777,1599.9938
1777,1622.974
1777,1665.4269
1777,1809.3182
1777,1754.8751
1777,2575.055
1777,1941.5333
1778,1861.0259
1778,1933.5902
1778,1681.031
1778,1715.9867
1778,1643.6094
1778,1595.3308
1778,1643.6094
1778,1643.6094
1778,1643.6094
1778,1654.0322
1778,1609.0996
1778,1589.196
1778,1589.196
1778,1622.974
1778,1634.4752
1778,1841.3864
1778,1755.0552
1778,1670.4373
1778,1652.808
1779,1549.9996
1779,1910.5337
1779,1910.5337
1779,1753.3076
1779,1699.1208
1779,1933.2102
1779,2153.761
1780,1526.0905
1780,1353.4479
1780,1629.2391
1781,1630.5992
1781,1630.5992
1781,1630.5992
1781,1475.2753
1781,1475.2753
1781,1475.2753
1781,1475.2753
1781,1459.7043
1781,1475.2753
1781,1475.2753
1781,1459.7043
1781,1459.7043
1781,1475.2753
1781,1475.2753
1781,1459.7043
1781,1459.7043
1781,1475.2753
1781,1475.2753
1781,1614.9844
1781,1614.9844
1781,1632.2106
1781,1632.2106
1781,1632.2106
1781,1632.2106
1781,1632.2106
1781,1614.9844
1781,1614.9844
1781,1614.9844
1781,1632.2106
1781,1632.2106
1781,1614.9844
1781,1632.2106
1781,1632.2106
1781,1632.2106
1781,1632.2106
1781,1597.94
1781,1632.2106
1781,1614.9844
1781,1614.9844
1781,1632.2106
1781,1632.2106
1781,1581.0746
1781,1465.99
1781,1459.7043
1782,1725.926
1782,1523.8319
1783,1858.6373
1783,1858.6373
1783,1839.023
1783,1858.6373
1783,1973.4076
1783,2123.07
1783,2123.07
1784,1517.4541
1784,1746.2366
1784,1549.9996
1784,1619.2906
1784,1575.3132
1784,1695.5244
1784,2396.9011
1785,1821.9531
1785,1659.9253
1785,1890.1943
1785,1547.0323
1785,1778.3358
1786,1911.7802
1786,1762.5974
1786,1610.1265
1786,1610.1265
1786,1743.9961
1786,1576.3192
1786,1743.9961
1786,1705.1744
1786,1742.1107
1786,1535.611
1786,1582.0842
1786,1582.0842
1786,1598.9597
1786,1598.9597
1786,1598.9597
1786,1598.9597
1786,1582.0842
1786,1598.9597
1786,1769.0433
1786,1769.0433
1786,1769.0433
1786,1750.3739
1786,1750.3739
1786,1769.0433
1786,1750.3739
1786,1750.3739
1786,1769.0433
1786,1769.0433
1786,1859.8392
1786,2099.5366
1787,1549.9996
1787,1779.1106
1787,1741.7576
1787,1741.7576
1787,1779.1106
1787,1779.1106
1787,1779.1106
1787,1779.1106
1787,1779.1106
526,845.945
526,849.58954
526,854.9733
526,845.945
526,845.945
526,845.945
526,950.0425
526,854.9733
526,867.8205
526,940.0114
526,854.9733
526,940.0114
526,840.61804
526,940.0114
526,940.0114
526,930.0862
526,867.8205
526,930.0862
526,833.4209
526,930.0862
526,824.61993
526,940.0114
526,950.0425
526,760.1605
526,950.0425
526,940.0114
526,849.58954
526,940.0114
526,849.58954
526,828.1727
1787,1760.3351
1787,1779.1106
1787,1779.1106
1787,1779.1106
1787,1779.1106
1787,1779.1106
1787,1779.1106
1787,1779.1106
1787,1779.1106
1787,1779.1106
1787,1779.1106
1787,1779.1106
1787,1779.1106
1787,1793.8372
1787,1741.1486
1787,3168.4146
1788,1364.3965
1788,1425.3958
1788,1615.1593
1788,1757.3099
1789,1903.3937
1789,1944.2112
1789,1636.4081
1789,1619.1377
1789,1791.3663
1789,1810.4727
1789,1810.4727
1789,1810.4727
1789,1810.4727
1789,2345.0684
1790,1633.7501
1790,1853.4226
1790,1603.9578
1790,1580.2246
1790,1631.3324
1790,1766.964
1790,1810.4727
1790,1745.1089
1790,1745.1089
1790,1383.3724
1791,1517.4541
1791,1541.2273
1791,1955.2758
1791,1955.2758
1791,1710.9867
1791,1501.4376
1791,1485.5908
1792,1820.7765
1792,1869.2151
1792,2066.0027
1792,1593.1332
1792,1610.1265
1792,1781.3971
1792,1781.3971
1792,1885.5496
1792,1853.2474
1792,1946.5269
1792,1925.9855
1792,1905.6598
1793,1791.5355
1793,1791.5355
1793,1810.4727
1793,1973.4076
1793,1620.1848
1793,1620.1848
1793,2077.1565
1793,1832.15
1793,1772.6282
1793,1741.7576
1793,1741.7576
1793,1741.7576
1793,1666.4896
1794,1585.2904
1794,1584.2666
1794,1752.6227
1795,1713.7849
1795,1810.6584
1795,1487.2086
1795,1487.2086
1795,1672.5842
1795,1632.2106
1796,1900.9507
1796,1942.9835
1797,1655.0878
1798,1745.1089
1798,1745.1089
1798,1713.1857
1799,1693.5323
1799,1605.4478
1799,1729.0736
1799,1900.9507
1799,1717.0825
1799,1657.9742
1799,1675.6594
1799,1633.4431
1799,1995.7432
1799,1686.271
1799,1591.0883
1800,1665.5834
1800,1534.6317
1800,1534.6317
1800,1534.6317
1800,1891.4004
1800,1525.1049
1800,1543.2083
1800,1679.9446
1800,1691.5176
1800,1518.4225
1800,1692.4379
1801,1903.9586
1801,1678.8733
1801,1691.6765
1801,1776.0541
1801,1487.2086
1801,1705.1744
1801,1705.1744
1801,1696.7804
1802,1818.4395
1802,1766.3613
1802,1818.4395
1802,1915.2675
1803,1704.2708
1803,1507.8914
1803,1507.8914
1803,1848.1193
1803,1564.3751
1803,1757.2957
1803,1640.463
1804,1829.9703
1804,1575.3004
1805,1824.2947
1805,1394.5629
1805,1755.0409
1805,1668.7883
1805,2612.5818
1806,1753.9209
1806,1678.8733
1806,1678.8733
1806,1661.1542
1806,1729.2502
1806,1729.2502
1806,1517.4541
1806,1533.6405
1806,1533.6405
1806,1533.6405
1806,1501.4376
1806,1501.4376
1806,2288.2239
1806,1905.6598
1806,1946.5269
1806,1946.5269
1806,1530.5381
1806,1586.302
1806,2240.1868
1806,2312.6267
1806,2033.5319
1807,1821.9531
1807,1621.0663
1807,1707.55
1807,1435.195
1807,1760.3351
1807,1760.3351
1807,1760.3351
1807,1779.1106
1807,1849.4883
1808,1839.023
1808,1825.2871
1808,2143.161
1808,1704.2708
1808,2216.53
1808,1740.6327
1808,1638.3573
1808,2609.229
1808,2609.229
1808,1721.4982
1809,1902.1646
1809,1902.1646
1809,1595.3308
1809,1745.1089
1809,1902.1646
1809,1858.6373
1809,1575.3004
1809,1755.0409
1809,1957.6036
1809,1815.1293
1809,1652.9869
1809,2151.2307
1810,1701.3046
1810,1910.5337
1810,1888.9728
1811,1745.1089
1811,1758.2668
1811,1965.3612
1811,1555.5222
1811,1998.308
1812,1679.9446
1812,1679.9446
1812,1679.9446
1812,1679.9446
1812,1679.9446
1812,1752.6227
1812,1871.4406
1812,1760.3351
1812,1581.0746
1812,1574.2958
1813,1746.2366
1813,1681.031
1813,1584.2666
1813,1517.4541
1813,1995.9318
1813,1534.6317
1813,1524.9607
1813,1541.2273
1813,1541.2273
1813,1541.2273
1813,1524.9607
1813,1541.2273
1813,1541.2273
1813,1541.2273
1813,1705.1744
1813,1687.1779
1813,1705.1744
1813,1705.1744
1813,1705.1744
1813,1687.1779
1813,1705.1744
1813,1705.1744
1813,1705.1744
1813,1705.1744
1813,1687.1779
1813,1705.1744
1814,1621.3711
1814,1729.8518
1814,1733.3572
1814,1804.8582
1814,1785.8102
1814,1582.0842
1814,1766.964
1814,1661.3206
1814,1673.9805
1814,1679.055
1814,1670.4373
1814,1670.4373
1814,1604.2593
1814,1670.4373
1814,1995.7432
1814,1670.4373
1814,1848.1193
1814,1848.1193
1814,1848.1193
1814,1828.6158
1814,1828.6158
1814,1848.1193
1814,1828.6158
1814,1828.6158
1814,1828.6158
1814,1848.1193
1814,1666.647
1814,1553.6937
1814,1643.7882
1814,1601.0277
1814,1671.6747
1814,1854.0708
1814,1717.0825
1814,1785.8102
1815,1682.1036
1815,1682.1036
1815,1496.6274
1815,1496.6274
1815,1507.8914
1815,1476.2286
1815,1491.9757
1815,1507.8914
1815,1507.8914
1815,1491.9757
1815,1507.8914
1815,1507.8914
1815,1491.9757
1815,1491.9757
1815,1507.8914
1815,1507.8914
1815,1491.9757
1815,1491.9757
1815,1668.294
1815,1668.294
1815,1668.294
1815,1668.294
1815,1650.6871
1815,1650.6871
1815,1668.294
1815,1650.6871
1815,1668.294
1815,1650.6871
1815,1668.294
1815,1668.294
1815,1668.294
1815,1650.6871
1815,1668.294
1815,1668.294
1815,1710.665
526,854.9733
526,867.8205
526,824.61993
526,950.0425
526,858.65674
526,837.01154
527,776.05225
527,797.66223
527,859.8418
527,872.76245
527,703.88617
527,983.94965
528,891.4135
528,1003.1213
528,836.93286
529,931.6463
529,842.31573
529,831.734
529,819.4204
529,819.4204
529,819.4204
529,909.37195
529,784.76886
530,1007.4422
530,916.40405
530,916.40405
530,916.40405
530,916.40405
530,916.40405
530,916.40405
1815,1814.1422
1815,1789.067
1815,1610.1265
1816,1973.4076
1816,1973.4076
1816,1931.9766
1816,1786.9651
1816,1811.984
1816,1781.3971
1816,1517.3107
1816,2123.07
1816,1833.3191
1817,1646.7854
1817,1465.2018
1817,1859.8392
1817,1899.7231
1817,1638.3573
1817,1655.8326
1817,1650.8423
1818,1546.191
1818,1655.0878
1818,1655.0878
1818,1655.0878
1818,1285.961
1818,1679.9446
1818,1760.3351
1818,1947.7847
1819,1950.2877
1819,1820.7765
1819,1820.7765
1819,1820.7765
1819,1611.1677
1819,1966.2175
1819,1782.5491
1819,1820.7765
1819,1782.5491
1819,1820.7765
1819,1645.7218
1819,1628.3531
1819,1820.7765
1819,1628.3531
1819,1801.5615
1819,1782.5491
1819,1820.7765
1819,1645.7218
1819,1782.5491
1819,1772.6282
1819,1741.1486
1819,1717.0825
1819,1861.0259
1819,1861.0259
1819,1861.0259
1819,1617.0593
1819,1634.3083
1819,1634.3083
1819,1634.3083
1819,1634.3083
1819,1808.1498
1819,1789.067
1819,1789.067
1819,1789.067
1819,2165.814
1819,1664.3505
1819,1664.3505
1819,1722.2622
1819,1704.0862
1819,1740.6327
1820,1647.837
1820,1973.4076
1820,1598.9597
1821,1644.6724
1821,2009.4913
1821,1536.3021
1821,1608.2338
1821,1785.9789
1821,1709.5594
1821,1752.0249
1821,1656.0024
1821,1656.0024
1821,1973.4076
1821,1911.5886
1822,1753.9209
1822,1753.9209
1822,1818.4395
1822,1818.4395
1822,1818.4395
1822,1818.4395
1822,1818.4395
1822,1818.4395
1822,1818.4395
1822,1818.4395
1822,1818.4395
1822,1818.4395
1822,1818.4395
1822,1799.2491
1822,1780.2611
1822,1818.4395
1822,1818.4395
1822,1818.4395
1822,1818.4395
1822,1645.7218
1822,1739.6962
1822,1721.3363
1823,1871.6165
1823,1728.9103
1824,1645.7218
1824,1349.9951
1824,1349.9951
1824,1749.4321
1824,1589.196
1824,1589.196
1825,1584.2666
1825,1858.6373
1825,1668.294
1825,1742.869
1825,1839.023
1825,1819.6155
1826,1674.5764
1826,1821.9531
1826,1574.4663
1826,1910.5337
1826,1393.6615
1827,1620.3372
1827,1584.2666
1827,1584.2666
1827,1789.598
1827,1696.94
1827,1480.8313
1827,1831.1381
1827,1600.1663
1827,1901.9849
1827,1480.8313
1827,2437.3074
1828,1772.9875
1828,1700.984
1828,2018.3325
1828,1783.8798
1828,1783.6865
1828,1721.4982
1828,1683.0325
1828,1799.2491
1828,1780.2611
1828,1780.2611
1828,1985.932
1828,1741.9462
1828,2055.2373
1828,2042.4796
1829,1911.7692
1829,1851.6912
1829,1691.6765
1829,1738.9137
1829,1930.7289
1830,1792.6932
1830,1740.8213
1830,1679.9446
1830,1830.966
1830,1850.4944
1830,1719.2885
1831,1743.9961
1831,1734.2903
1831,1734.2903
1831,1723.376
1831,1674.7339
1832,1563.534
1832,1679.9446
1832,1393.6615
1832,1819.9835
1832,1779.1106
1832,1564.3751
1832,1870.6255
1832,1803.0767
1832,1736.5184
1832,1864.6217
1833,1585.2904
1833,1585.2904
1833,1619.2906
1833,1626.4159
1833,1499.3572
1833,1499.3572
1833,1589.0557
1833,1706.4368
1833,1459.7043
1834,1731.2959
1834,1783.6865
1834,1571.2595
1834,1571.2595
1834,1571.2595
1835,1952.7662
1835,1619.2906
1835,1602.2001
1835,1973.4076
1835,1952.5826
1836,1465.2018
1836,1549.9996
1836,1624.6576
1836,1608.0597
1836,1608.0597
1836,1608.0597
1836,1608.0597
1836,1591.0883
1836,1811.6434
1836,1608.0597
1836,1591.0883
1836,1598.9597
1837,1560.8246
1837,1682.1036
1837,1645.7218
1837,1682.1036
1837,1687.6787
1837,1598.9597
1837,1598.9597
1837,1734.2903
1838,1349.8489
1838,1817.8193
1838,1627.4678
1838,1903.3937
1838,1870.423
1838,1533.6405
1838,1533.6405
1838,1549.9996
1838,1517.4541
1838,1549.9996
1838,1533.6405
1838,1549.9996
1838,1517.4541
1838,1517.4541
1838,1549.9996
1838,1549.9996
1838,1517.4541
1838,1549.9996
1838,2132.4119
1838,1705.6797
1838,1944.2112
1838,1527.0643
1838,1495.0001
1838,1510.9473
1838,1556.6737
1838,1573.279
1838,1556.6737
1838,1556.6737
1838,1556.6737
1838,1842.7609
1839,1715.9867
1839,1701.3046
1840,1844.755
1840,1753.9209
1840,1694.9453
1840,2017.0292
1840,1808.1498
1840,1722.4487
1840,1704.2708
1840,1734.4781
1840,1716.1733
1840,1752.9781
1841,1712.8636
1841,1715.9867
1841,1497.5953
1841,1974.6837
1841,1610.1265
1841,1752.7882
1841,1697.877
1841,1728.9103
1841,1728.9103
1841,1728.9103
1841,1893.8312
1841,1592.1172
1842,1422.0057
1842,1549.9996
1842,1899.7231
1842,1551.0013
1842,1630.5992
1842,1799.2491
1842,1799.2491
1842,1584.2666
1842,1584.2666
1842,1551.0013
1842,1584.2666
1843,1629.5594
1843,1629.5594
1843,1590.2329
1843,1833.69
1843,1874.4009
1843,1556.8424
1843,1607.1952
1843,1833.8623
1843,1834.5038
1844,1792.6932
1844,1584.2666
1844,1969.3276
1844,1636.4081
1844,1740.6327
1844,1791.5355
1844,1639.8792
1844,1639.8792
1844,1715.8254
1844,1480.8313
1845,1910.5337
1845,1910.5337
1845,1703.4904
1845,1703.4904
394,665.7688
394,704.40765
394,658.7361
394,665.7688
394,744.5132
394,658.7361
394,704.40765
394,802.9983
394,704.40765
394,696.96747
394,794.5178
394,696.96747
394,744.5132
394,711.92755
394,658.7361
394,794.5178
394,696.96747
394,665.7688
394,665.7688
394,665.7688
394,704.40765
395,695.1068
395,724.34125
395,893.3053
396,684.81354
396,684.81354
397,778.39526
397,673.3753
397,795.1003
397,679.18646
530,916.40405
530,916.40405
530,916.40405
530,998.92096
530,998.92096
530,998.92096
530,998.92096
530,998.92096
530,998.92096
530,998.92096
530,1088.8594
530,1088.8594
530,1088.8594
530,1088.8594
530,1088.8594
530,1088.8594
530,1088.8594
530,1088.8594
530,1088.8594
530,984.1347
530,984.1347
530,1072.7438
530,1072.7438
530,1072.7438
530,1072.7438
530,1072.7438
530,1072.7438
530,1072.7438
530,1072.7438
530,1072.7438
1845,1883.3073
1845,1740.6327
1845,1722.2622
1845,1722.2622
1845,1722.2622
1845,1722.2622
1845,1740.6327
1845,1740.6327
1845,1722.2622
1845,1740.6327
1845,1722.2622
1845,1740.6327
1845,1722.2622
1845,1722.2622
1845,1596.9072
1845,1722.2622
1846,1984.6372
1846,1666.647
1846,1622.5721
1846,1631.6531
1846,1661.3206
1846,1666.647
1846,1666.647
1846,1666.647
1846,1666.647
1846,1782.9098
1846,1951.5322
1846,1955.092
1847,1780.2611
1847,1829.9703
1847,1619.2906
1847,1742.869
1847,1575.3004
1847,1707.3651
1847,1689.3463
1847,1888.9728
1847,1888.9728
1847,1869.0385
1847,1575.3004
1847,1575.3004
1847,1575.3004
1847,1575.3004
1847,1558.6746
1847,1558.6746
1847,1742.869
1847,1724.4757
1847,1742.869
1847,1742.869
1847,1742.869
1847,1742.869
1847,1742.869
1847,1742.869
1847,1742.869
1847,1869.0385
1847,1595.3308
1847,1829.7985
1847,2018.5231
1848,1381.4667
1848,2312.6267
1848,1941.7168
1848,1413.958
1848,1620.8907
1848,1563.5468
1848,1677.6305
1849,1540.2444
1849,1870.423
1849,1717.0825
1849,1789.7808
1850,1689.506
1850,1692.6106
1851,1861.0259
1851,1841.3864
1851,1682.1036
1851,1682.1036
1851,1861.0259
1851,1682.1036
1851,1861.0259
1851,1841.3864
1851,1664.3505
1851,1861.0259
1851,1861.0259
1851,1821.9531
1851,1905.6598
1851,1905.6598
1851,1752.7882
1851,1752.7882
1852,1669.372
1852,1792.6932
1852,1691.6765
1852,1475.2753
1852,1475.2753
1853,1718.1921
1853,2012.2618
1853,1861.0259
1853,1563.534
1853,1513.5702
1854,1499.3572
1854,1740.6327
1855,1689.689
1855,1645.7218
1856,1679.9446
1856,1597.0802
1856,1603.9578
1856,1610.1265
1857,1912.989
1857,1903.3937
1857,1839.023
1857,1858.6373
1857,1858.6373
1857,1858.6373
1857,1858.6373
1857,1858.6373
1857,1858.6373
1857,1858.6373
1857,1669.372
1857,1858.6373
1857,1858.6373
1857,1858.6373
1857,1839.023
1857,1858.6373
1857,1858.6373
1857,1858.6373
1857,1755.0409
1857,1251.5844
1858,1619.2906
1858,1549.9996
1858,1501.4376
1858,2579.7515
1858,1686.271
1859,1584.2666
1859,1706.4474
1859,1634.4854
1859,2019.6212
1859,1710.9867
1860,1911.7692
1860,2077.1565
1861,1673.6659
1861,1497.5953
1861,1672.5842
1861,1672.5842
1861,1855.4434
1862,2064.263
1862,1882.0902
1863,1792.5248
1863,1848.494
1863,2200.1838
1864,2028.5068
1864,1563.534
1864,1563.534
1864,1563.534
1864,1801.5615
1865,1712.0931
1865,1655.0878
1865,1664.5077
1865,1664.5077
1865,1664.5077
1865,1634.3083
1865,2028.5068
1865,1535.7561
1865,1535.7561
1865,1704.2708
1865,1722.4487
1865,1704.2708
1865,1874.0217
1865,2088.7798
1865,1828.6158
1865,2049.0557
1865,2049.0557
1866,1885.5342
1866,1530.7046
1866,1812.3506
1866,1717.0825
1866,1823.1166
1867,1750.728
1867,1900.9507
1867,1549.9996
1867,1655.0878
1867,1715.0642
1867,1715.0642
1867,1658.107
1867,1659.3448
1868,1691.6765
1868,1734.4534
1868,1682.1036
1868,1575.3004
1868,1818.4395
1868,1799.2491
1868,1818.4395
1869,1608.2338
1869,1726.692
1869,1707.3651
1869,1845.3175
1870,1820.1547
1870,1608.0597
1871,1783.0774
1871,1665.5834
1871,1794.9972
1871,1767.131
1871,1634.3083
1871,1634.3083
1872,1807.5322
1872,1648.0052
1872,1643.6094
1872,1605.9962
1872,1643.6094
1872,1595.3308
1872,1643.6094
1872,1626.2631
1872,1643.6094
1872,1643.6094
1873,1787.133
1873,1890.372
1873,1910.5337
1873,1910.5337
1874,1792.6932
1874,1607.1952
1874,1607.1952
1874,1607.1952
1874,1519.1058
1875,1753.9209
1875,1520.0875
1875,1584.2666
1875,1567.5461
1875,1551.0013
1875,1534.6317
1875,1551.0013
1875,1584.2666
1875,1584.2666
1875,1584.2666
1875,1551.0013
1875,1584.2666
1875,1584.2666
1875,1584.2666
1875,1567.5461
1875,1584.2666
1875,1584.2666
1875,2111.4543
1875,1666.647
1875,1497.4324
1875,1823.1166
1875,1944.2112
1875,1785.8102
1875,1784.0474
1876,1487.2086
1876,1682.1036
1876,1468.811
1876,2073.3457
1877,1453.445
1877,1584.2666
1877,1770.7119
1877,2039.8583
1877,1741.7576
1877,1632.2106
1877,1598.1001
1877,1839.023
1877,1858.6373
1877,2174.172
1878,1720.4004
1878,1721.4982
1878,1619.2906
1878,1619.2906
1878,2046.4259
1878,1619.2906
1879,1692.7705
1879,1676.132
1879,1676.132
1879,1547.0323
1879,1910.3541
1880,1766.17
1880,1559.5226
1880,1559.5226
1881,1655.0878
1881,1655.0878
1881,1667.7241
1881,1755.0409
1881,1708.815
1881,1755.0409
1881,1755.0409
1881,1738.9137
1881,1593.1332
1881,1610.1265
1881,1610.1265
1881,1762.5974
1881,1762.5974
1881,1762.5974
1881,1949.2273
1881,2171.3828
1882,1779.1106
1882,1870.423
1882,1910.5337
1882,1832.6929
1882,1741.1486
1882,1779.1106
1882,1760.3351
1882,1779.1106
1882,1779.1106
1882,1760.3351
1882,1779.1106
1882,1779.1106
1882,1779.1106
530,1169.3223
530,1169.3223
530,1169.3223
530,1056.8658
530,936.0675
530,936.0675
530,936.0675
530,936.0675
530,936.0675
530,936.0675
530,1020.3526
530,1020.3526
530,1112.2192
530,1005.2499
530,757.71893
530,990.52185
530,990.52185
530,654.58124
530,998.92096
530,1072.7438
530,1072.7438
530,1072.7438
530,998.92096
530,988.3744
530,1088.8594
531,881.99365
531,881.99365
531,941.82104
531,859.21234
531,912.4732
1882,1779.1106
1882,1779.1106
1882,1779.1106
1882,1779.1106
1882,1779.1106
1882,1760.3351
1882,1779.1106
1882,1779.1106
1882,1779.1106
1882,1779.1106
1882,1779.1106
1882,1779.1106
1882,1820.7765
1882,1862.4036
1882,1934.6421
1882,1708.6299
1882,1801.5615
1882,1801.5615
1883,1503.3674
1883,1839.5679
1883,1956.5392
1883,1925.9855
1883,1724.6377
1883,1664.5077
1883,1664.5077
1883,1664.5077
1883,1791.5355
1883,1632.3873
1883,1944.2112
1883,1923.6942
1883,1798.282
1884,1988.4728
1884,1701.1439
1884,1719.2885
1884,1902.1646
1884,1902.1646
1884,1902.1646
1884,1902.1646
1884,1719.2885
1884,1998.4967
1884,1998.4967
1884,1656.7233
1885,1629.5594
1885,1859.8392
1885,2108.5464
1885,1534.6317
1885,1775.872
1886,1530.7046
1886,1791.5355
1886,1713.0238
1887,1629.5594
1887,1507.8914
1888,1668.294
1888,1509.8287
1889,1832.3223
1889,1767.297
1889,1759.3888
1889,1565.3868
1889,2073.3457
1889,1529.7152
1890,1621.0663
1890,1621.0663
1890,1597.0802
1890,1597.0802
1890,2085.1448
1890,1850.4944
1890,1645.7218
1890,1755.0409
1890,1503.0719
1890,1503.0719
1890,1643.6227
1890,1946.5269
1891,1654.0322
1891,1523.8319
1892,1899.7231
1892,1899.7231
1892,1899.7231
1892,1859.8392
1892,1899.7231
1892,1859.8392
1892,1899.7231
1892,1859.8392
1892,1879.6754
1892,1899.7231
1892,1879.6754
1892,1899.7231
1892,1596.9072
1892,1554.6985
1893,1829.9703
1893,1655.0878
1893,1595.3308
1893,1701.3046
1893,1740.6327
1893,1791.5355
1893,2042.6716
1893,1869.2151
1893,1817.6476
1894,1921.2252
1894,1941.7168
1894,2099.3093
1895,1621.0663
1895,1655.0878
1895,1534.6317
1895,1551.0013
1895,1551.0013
1895,2405.6504
1896,1573.4495
1896,1974.6837
1896,1995.7432
1896,1995.7432
1896,1755.0409
1896,1706.4474
1896,1540.4111
1897,1619.2906
1897,1619.2906
1897,1987.1877
1897,1664.5077
1897,1916.5051
1897,1668.294
1898,1954.2126
1898,1632.3873
1899,1862.2285
1899,1603.9578
1899,1580.2246
1899,1642.7258
1899,1719.2885
1899,1719.2885
1899,1682.1036
1899,1874.0217
1899,1676.132
1901,1424.4744
1901,1755.0409
1901,2345.0684
1901,2109.8916
1901,1729.8518
1901,1833.3191
1902,1927.5933
1902,1927.5933
1902,1608.2338
1902,1520.0875
1902,1520.0875
1902,1584.2666
1902,1786.9651
1902,1610.1265
1902,1598.1001
1902,1887.1235
1902,1825.2871
1903,1902.1646
1904,1517.4541
1904,1740.0382
1904,1689.689
1904,1679.0415
1904,2061.6135
1904,2061.6135
1904,1839.023
1904,1688.4382
1905,1829.3306
1905,1676.132
1905,1581.233
1905,1926.1665
1906,1862.2285
1906,1849.3145
1906,1619.2906
1906,1619.2906
1906,1619.2906
1906,1823.3026
1906,1768.2728
1907,1573.4495
1907,1954.0289
1907,1553.6937
1908,1456.7513
1908,1457.9675
1908,1594.0
1908,1679.9446
1908,1679.9446
1908,1679.9446
1908,1679.9446
1908,1679.9446
1908,1687.1779
1909,1792.6932
1909,1689.5293
1909,1725.763
1909,1650.866
1909,1533.6405
1909,1632.2106
1909,1972.3468
1909,2377.1924
1909,2102.007
1909,1530.5381
1910,1949.2115
1910,2155.1536
1910,1963.6938
1910,2133.7722
1910,1702.244
1911,1619.2906
1911,1602.2001
1911,1619.2906
1911,1619.2906
1911,1619.2906
1911,1619.2906
1911,1619.2906
1911,1619.2906
1911,1619.2906
1911,1619.2906
1911,1619.2906
1911,1585.2904
1911,1619.2906
1911,1602.2001
1911,1619.2906
1911,1719.2885
1911,1719.2885
1911,1808.6855
1912,1758.4321
1912,1611.1677
1912,1689.506
1912,1699.1451
1912,1973.4076
1912,1952.5826
1912,1973.4076
1913,1702.404
1913,1599.1328
1913,1879.6754
1913,1899.7231
1913,1879.6754
1914,1742.2745
1914,1700.2189
1914,1765.2198
1914,1691.6765
1914,1691.6765
1914,1691.6765
1914,1801.7566
1914,1637.6204
1914,1783.6865
1914,2028.5068
1914,1952.7662
1914,1655.0878
1914,1655.0878
1914,1795.9738
1914,1708.4694
1914,1614.1155
1915,1443.2285
1915,1720.4004
1915,1793.8372
1915,1877.4662
1915,1756.175
1915,1654.0322
1915,1793.8372
1915,1793.8372
1915,1814.1422
1915,1857.6532
1915,2006.022
1915,1966.2175
1915,1628.3531
1915,1645.7218
1915,1645.7218
1915,1628.3531
1915,1628.3531
1915,1820.7765
1915,1820.7765
1915,1820.7765
1915,1820.7765
1915,1801.5615
1915,1801.5615
1915,1801.5615
1915,1820.7765
1915,1801.5615
1915,1820.7765
1915,1820.7765
1915,1801.5615
1915,1966.2175
1915,1658.107
1916,1729.0736
1916,1584.2666
1916,1757.2957
1916,1562.8307
1916,1757.2957
1917,1497.5953
1917,1883.496
1917,1831.1381
1917,1527.8865
1917,1783.8687
1917,1625.3888
1917,1536.3021
1917,3099.9062
1918,1895.0558
1918,1597.0802
1918,2157.922
1918,2085.1448
1918,2007.1008
1919,1778.1543
1919,1701.3046
1919,1701.3046
1919,1861.0259
1919,1799.2491
1919,1818.4395
1919,1799.2491
1919,1818.4395
1919,1818.4395
1919,1818.4395
1919,1818.4395
532,1214.6915
532,1145.4954
532,842.31573
532,842.31573
532,904.57654
532,798.1716
532,911.7975
532,896.39764
532,792.6325
532,1003.1213
532,1003.1213
532,1025.3058
532,1235.4374
533,824.61993
533,898.8808
533,936.6727
533,1043.592
533,1221.6064
533,900.92645
533,900.92645
533,891.4135
533,921.21326
533,900.92645
533,931.0439
533,931.0439
533,910.5409
533,864.0166
533,836.93286
533,1069.7803
533,1058.4863
1919,1818.4395
1919,1818.4395
1919,1818.4395
1919,1818.4395
1919,1818.4395
1919,1818.4395
1919,1818.4395
1919,1818.4395
1919,1818.4395
1919,1818.4395
1920,1691.6765
1920,1676.132
1920,1751.0573
1920,1763.7365
1920,1885.5496
1920,1580.0535
1921,1740.9849
1921,1233.0619
1921,1955.092
1922,1686.271
1922,1608.2338
1922,1795.3604
1922,1541.2273
1922,1869.2151
1922,1795.3604
1922,1591.2606
1922,1504.0441
1922,1543.2083
1923,1489.1194
1923,1771.6752
1923,1792.8729
1923,1605.4478
1923,1639.8792
1923,1869.2151
1923,1823.1166
1924,2131.2341
1924,2131.2341
1924,1734.4534
1924,1958.8695
1924,1802.9062
1925,1683.3489
1925,1648.0052
1925,1683.3489
1925,1941.7168
1926,2254.372
1926,1584.2666
1926,1632.3873
1926,2145.914
1926,1736.6816
1926,1455.9681
1926,1496.6274
1927,1691.6765
1927,2061.6135
1927,1587.0167
1927,2107.1838
1927,1604.9813
1927,1749.4321
1928,1762.5974
1928,1921.2252
1928,1941.7168
1928,1941.7168
1928,1941.7168
1928,1941.7168
1928,1831.1381
1928,1734.2903
1928,1734.2903
1928,1831.962
1928,1760.3351
1929,1756.175
1929,1741.1486
1929,1741.1486
1929,1779.6387
1929,1563.534
1929,1984.6372
1929,2077.1565
1930,1608.2338
1930,1934.6421
1930,1955.2758
1930,1672.5842
1931,1914.2252
1931,1769.5675
1931,1617.0593
1931,1616.1901
1932,1497.5953
1932,1655.0878
1932,1764.0798
1932,1661.1542
1932,1849.8633
1932,1812.7994
1932,1619.2906
1932,2939.738
1932,2971.1099
1932,2971.1099
1933,1856.6272
1933,1701.3046
1933,1701.3046
1933,1701.3046
1934,1646.7854
1934,1828.7886
1934,2107.1838
1935,1748.3165
1935,1549.9996
1935,1533.6405
1935,1549.9996
1935,1533.6405
1935,1533.6405
1935,1533.6405
1935,1549.9996
1935,1549.9996
1935,1549.9996
1935,1533.6405
1935,1549.9996
1935,1549.9996
1935,1549.9996
1935,1652.808
1936,1738.9137
1936,1629.2391
1937,1717.0825
1937,1869.2151
1937,1496.6274
1938,1520.0875
1938,1894.0245
1939,1517.4541
1939,1976.1454
1939,1871.6165
1939,1851.8651
1939,1871.6165
1939,2108.5464
1939,1679.9446
1939,1899.7231
1939,2494.3994
1939,2312.877
1939,2575.055
1939,2362.4712
1940,1784.8401
1940,1629.5594
1940,1925.9855
1940,1925.9855
1940,1925.9855
1940,1912.989
1940,1943.154
1940,1529.7152
1940,1766.0032
1940,1853.2474
1940,1573.4495
1940,1607.1952
1940,1590.2329
1940,1974.8683
1941,1872.8267
1941,1655.0878
1941,1661.3206
1941,1741.1486
1941,1741.1486
1941,1944.2112
1941,1944.2112
1941,2040.0509
1942,1956.5392
1942,1693.5323
1942,1720.4004
1942,1939.4347
1942,1654.0322
1942,1638.3573
1942,1682.1036
1942,1682.1036
1942,1998.4967
1942,1672.7557
1942,2023.7135
1943,1804.0464
1943,1682.1036
1943,2320.072
1944,1427.0842
1944,1457.6935
1944,1408.8053
1944,2007.1008
1944,2007.1008
1944,1661.3206
1944,1666.647
1944,1666.647
1944,1666.647
1944,1666.647
1944,1666.647
1944,1649.0569
1944,1718.3782
1944,1554.6852
1944,1953.8444
1944,1661.3206
1945,2202.7905
1945,1989.77
1945,1990.331
1945,1675.6594
1946,1655.0878
1946,1655.0878
1946,2045.1045
1946,1687.1779
1947,1885.5496
1947,1552.6896
1947,1668.294
1947,1954.2126
1948,1740.0382
1948,2074.6855
1948,1729.0736
1948,1655.0878
1948,1655.0878
1948,1655.0878
1948,1655.0878
1948,1759.3888
1948,1705.1744
1948,1748.3165
1949,1475.1359
1949,2062.9465
1949,1767.297
1949,1833.4913
1949,1794.0315
1949,1833.4913
1949,1779.6387
1949,1861.0259
1949,1857.6532
1949,1509.8287
1949,1751.0573
1949,1682.1036
1949,1682.1036
1949,1682.1036
1949,1664.3505
1949,1861.0259
1949,1861.0259
1949,1861.0259
1949,1861.0259
1949,1841.3864
1949,1841.3864
1949,1861.0259
1949,1861.0259
1949,1869.0385
1949,1752.6227
1949,1869.0385
1949,1496.6274
1950,1670.4373
1950,1785.1755
1950,1603.9578
1950,1811.8137
1950,1691.6765
1950,1935.9043
1950,1643.6227
1951,2023.5233
1951,1601.014
1951,1894.0245
1951,2002.1698
1952,1737.8048
1952,1680.1265
1952,1573.4495
1952,1934.4594
1952,1771.6752
1952,1995.9318
1952,1893.8466
1953,1708.6299
1953,1693.5323
1953,1607.1952
1953,1874.0217
1953,1707.7114
1954,1763.9132
1954,3103.8894
1955,1967.6738
1955,1655.0878
1955,2046.4259
1955,1811.984
1955,2028.5068
1955,2040.0509
1956,1777.3544
1956,1713.1857
1956,1839.023
1956,1858.6373
1956,1858.6373
1956,1839.023
1956,1858.6373
1956,1858.6373
1956,1858.6373
1956,1858.6373
1956,1858.6373
1956,1858.6373
1956,1858.6373
1956,1858.6373
1956,1858.6373
1956,1858.6373
1956,1858.6373
1956,1671.6986
1956,1705.1744
1956,1705.1744
1956,1705.1744
1956,1598.1001
1957,1619.2906
1957,1619.2906
1957,1732.5775
1957,1575.3004
1957,1575.3004
1957,1575.3004
1957,1575.3004
1958,1619.2906
1958,1777.3544
1958,1651.9194
1958,1634.4854
1959,1870.423
533,1069.7803
533,1069.7803
533,1069.7803
533,1036.2545
534,683.9338
534,831.734
534,831.734
534,837.5464
534,828.0881
534,721.6316
535,847.95013
535,847.95013
535,847.95013
535,924.30945
535,924.30945
535,924.30945
536,951.96906
536,863.4649
536,924.5839
536,922.2107
536,922.2107
536,922.2107
536,990.37006
536,990.37006
536,990.37006
536,911.13
536,890.92126
536,829.5993
536,894.75934
536,745.4704
1959,1364.3965
1959,1465.2018
1959,2107.1838
1959,1746.5907
1959,1910.5337
1960,1877.6427
1960,1851.8651
1960,1926.1665
1960,1689.506
1960,1674.5764
1960,1786.9651
1961,1574.2958
1961,1818.9792
1961,1741.1486
1961,1779.6387
1961,1818.9792
1961,1833.4913
1961,1519.1058
1962,1788.1053
1962,1691.6765
1962,1910.5337
1962,1871.6165
1962,1732.0891
1963,1984.6372
1963,1984.6372
1963,1984.6372
1963,1984.6372
1963,1984.6372
1963,1984.6372
1963,1984.6372
1963,1782.5491
1963,1984.6372
1963,1984.6372
1963,1984.6372
1963,1984.6372
1963,1963.6938
1963,1942.9714
1963,1984.6372
1963,1984.6372
1963,1825.2871
1963,1701.3046
1963,1633.4291
1963,2028.5068
1963,2028.5068
1964,1979.7614
1964,2099.3093
1964,2153.761
1964,2478.0718
1965,1998.4967
1965,2042.6716
1965,1617.2352
1965,1812.3506
1966,1804.8582
1966,1785.8102
1966,1530.7046
1966,1664.5077
1966,1646.9409
1966,1887.1083
1966,1612.3605
1966,1629.5594
1966,1664.5077
1966,1766.964
1966,1563.534
1966,1612.3605
1966,1733.3572
1966,1946.5269
1967,2155.1536
1967,2201.3672
1967,1713.1857
1968,1944.2112
1968,1625.3888
1968,2532.0918
1968,1814.5101
1969,2155.1536
1969,1961.3868
1969,1738.9137
1970,1770.7119
1970,1770.7119
1970,1693.5323
1970,1693.5323
1970,1715.9867
1970,1715.9867
1970,1823.1166
1970,2036.1451
1970,2012.2618
1971,2078.4817
1971,1824.2947
1971,1841.7589
1971,1824.2947
1971,1683.3489
1971,1607.1952
1971,1805.0425
1971,1665.5834
1971,2278.414
1971,1622.5721
1971,1591.0883
1972,1656.9034
1972,1682.1036
1973,1597.0802
1973,1655.8326
1974,1607.1952
1974,1496.6274
1974,1567.5461
1974,1584.2666
1974,1567.5461
1974,1584.2666
1974,1584.2666
1974,1584.2666
1974,1584.2666
1974,1584.2666
1974,1567.5461
1974,1584.2666
1974,1584.2666
1974,1584.2666
1974,1584.2666
1974,1567.5461
1974,1551.0013
1974,1638.3573
1974,2024.8308
1975,1912.989
1975,1900.9507
1975,1912.989
1975,1912.989
1975,2063.1404
1975,1718.1921
1975,1826.8108
1975,1826.8108
1975,2241.617
1976,1584.2666
1976,1806.3649
1976,1731.4727
1976,1767.297
1976,1752.0249
1976,2039.8583
1977,2029.8186
1977,1487.2086
1977,1825.2871
1977,1760.3351
1978,1776.2211
1978,1717.2684
1978,1839.395
1978,1765.0286
1978,2119.1753
1978,1955.2758
1978,1819.9835
1978,1905.6598
1979,1780.7887
1979,1497.5953
1979,1465.2018
1979,1767.297
1979,1874.0217
1979,1874.0217
1980,1823.3026
1980,1685.5125
1980,1755.0409
1980,1755.0409
1980,1755.0409
1980,1722.2622
1980,1923.8916
1980,2139.259
1981,1880.0557
1981,1729.0736
1981,1691.6765
1981,2469.6199
1981,1530.5381
1981,2028.5068
1981,1793.8372
1981,1789.7671
1981,1830.1686
1981,1830.1686
1981,1727.0414
1982,1998.4967
1982,1816.6445
1982,2178.3425
1982,1839.5679
1982,1805.4077
1982,1638.3573
1982,1857.6532
1983,1778.5038
1983,1851.6912
1983,1874.0217
1983,1551.9918
1984,2120.5447
1984,1902.1646
1984,1719.2885
1984,1701.1439
1984,1902.1646
1984,1902.1646
1984,1902.1646
1985,1868.0338
1985,1691.6765
1985,1691.6765
1985,1691.6765
1985,1691.6765
1985,1691.6765
1985,1691.6765
1985,1632.2106
1985,1883.6731
1986,2074.6855
1986,1872.8267
1986,1394.5629
1986,1886.7535
1986,1779.1106
1986,1779.3033
1987,2040.0509
1987,1637.7743
1987,1637.7743
1987,2312.6267
1987,1646.9409
1987,1671.6747
1987,1547.0323
1987,1629.5594
1988,1765.2198
1988,1997.2214
1988,1571.7252
1988,2046.4259
1989,1824.2947
1989,1530.7046
1989,2018.7417
1989,2064.263
1989,1582.0842
1989,1734.2903
1990,2085.1448
1990,2288.2239
1990,1826.8108
1990,1888.1501
1990,1777.3544
1990,1885.5496
1991,1722.6115
1991,2191.7236
1991,2201.3672
1991,1984.6372
1991,1610.1265
1991,1952.7662
1991,2043.2778
1991,1501.4376
1991,1810.8398
1991,1738.7502
1992,1658.107
1992,2153.761
1993,1933.5902
1993,1727.0414
1993,2043.9924
1993,1806.0245
1993,1655.0878
1993,1897.848
1993,1724.4757
1993,1879.6754
1993,1899.7231
1993,1879.6754
1993,1879.6754
1993,1899.7231
1993,1899.7231
1993,1899.7231
1993,1899.7231
1993,1899.7231
1993,1899.7231
1993,1879.6754
1993,1879.6754
1994,2018.5231
1994,1810.4727
1994,1768.1067
1995,1911.7692
1995,1580.2246
1995,1704.2708
1995,1621.0663
1995,1841.7589
1995,1857.6532
1996,1679.055
1996,1912.989
1996,2017.0292
1996,1995.7432
1996,1936.269
1996,1740.9849
1996,2081.1528
1997,1573.4495
1997,2612.5818
1998,1985.9205
1998,2028.5068
1998,2055.2373
1998,2055.2373
1998,1726.8542
1998,1726.8542
1998,1726.8542
1998,1994.6704
1998,1904.9945
1999,1366.0023
1999,1729.8658
1999,1621.0663
1999,1597.0802
1999,1638.3573
1999,1603.9578
1999,1628.3531
2000,1626.1101
2000,1725.926
2000,2230.5837
2000,2207.0464
2001,1834.6771
2001,1590.0834
2001,1590.0834
536,934.09283
536,723.55725
536,867.18524
536,791.10925
536,944.0607
537,908.38794
537,851.2253
537,961.41504
537,687.7647
537,687.7647
537,687.7647
537,687.7647
537,695.1068
537,695.1068
537,965.6477
537,1058.4863
537,831.8194
537,868.9365
537,847.03253
537,841.6991
537,859.7609
537,911.71173
537,1099.5594
537,892.55975
537,859.7609
537,850.6821
537,847.03253
537,859.7609
537,841.6991
537,841.6991
2001,1845.948
2001,1858.8386
2001,1912.989
2001,1912.989
2001,1777.3544
2001,1792.8729
2001,1529.7152
2001,1869.0385
2002,1863.4167
2002,2100.6667
2002,2315.5984
2003,1654.0322
2003,1802.896
2003,1717.2684
2003,1520.0875
2004,1997.2214
2004,1767.297
2004,2040.0509
2005,1701.3046
2005,1665.5834
2005,1701.3046
2005,1777.3544
2005,1777.3544
2005,1777.3544
2005,1707.7114
2005,1990.144
2005,1927.802
2005,2420.6558
2006,1817.462
2006,1803.0767
2006,1798.282
2006,1818.9792
2006,2608.9478
2007,2301.2441
2007,1862.6061
2007,1816.6445
2008,1956.5392
2008,1632.3873
2008,1915.6431
2009,1826.6392
2009,1879.6754
2009,1884.509
2010,1730.191
2010,1730.191
2010,2120.5447
2010,1696.9642
2010,1955.2758
2010,1696.9642
2010,1897.4904
2010,1955.2758
2010,1917.7279
2010,1955.2758
2010,1889.3558
2010,1949.2115
2010,1952.7662
2010,1725.763
2010,1707.55
2011,1967.2871
2011,1963.6938
2011,2033.7405
2012,1602.2001
2012,1619.2906
2012,1619.2906
2012,1602.2001
2012,1619.2906
2012,1619.2906
2012,1619.2906
2012,1619.2906
2012,1619.2906
2012,1619.2906
2012,1619.2906
2012,1602.2001
2012,1619.2906
2012,1619.2906
2012,1602.2001
2012,2086.7012
2012,1972.3468
2013,1654.0322
2013,2312.844
2013,1628.3531
2015,1845.948
2015,1777.3544
2015,1964.9637
2015,1906.2255
2015,2314.1208
2016,1917.7279
2016,1539.1041
2016,1842.7609
2016,1997.2214
2016,1729.0736
2016,1793.8372
2016,1793.8372
2016,1689.506
2016,1801.7566
2016,1877.4662
2016,1857.6532
2016,1793.8372
2016,1793.8372
2016,1793.8372
2016,1671.6747
2016,1689.506
2016,1774.9062
2016,1830.966
2017,1875.0565
2017,2756.6677
2018,1740.8213
2018,1814.3127
2018,1808.1498
2018,1757.2957
2019,2166.0164
2019,1831.1381
2019,2007.1008
2019,2216.53
2020,1925.9855
2020,1759.3888
2020,1905.6598
2020,2085.1448
2020,1957.9884
2020,1759.3888
2020,1759.3888
2020,1734.2903
2021,1807.5322
2021,1753.9209
2021,2043.9924
2021,1597.0802
2021,1730.7822
2021,1730.7822
2022,2215.325
2022,1729.0736
2022,1729.0736
2022,1729.0736
2022,1865.6362
2022,1715.9973
2022,1967.6852
2022,1642.5707
2023,2034.8468
2023,2090.31
2023,1844.755
2024,1692.4379
2024,1887.1083
2025,1715.0642
2025,2135.3518
2025,1610.1265
2025,1726.8542
2025,1689.506
2025,1689.506
2025,1792.8729
2025,1869.2151
2026,2131.2341
2026,1668.4746
2026,1832.5059
2026,1832.5059
2026,1634.3083
2026,2077.1565
2026,2131.2341
2027,1914.2252
2027,1701.3046
2027,1683.3489
2027,1648.0052
2027,1683.3489
2028,1643.7882
2028,1597.0802
2028,1729.0736
2028,2077.1565
2028,1734.4781
2028,1580.2246
2028,1632.3873
2028,1674.5764
2029,2060.7166
2029,1738.9137
2029,1722.4487
2029,2061.6135
2030,1804.0464
2030,2183.7395
2030,1816.6445
2030,1998.4967
2030,1762.5974
2030,1941.7168
2030,1921.2252
2030,1941.7168
2030,1941.7168
2030,1941.7168
2030,1781.3971
2030,1762.5974
2031,1564.5446
2031,1316.6759
2031,1844.755
2031,2398.1902
2032,1905.8398
2032,1983.5865
2032,1955.2758
2032,1934.6421
2032,2077.1565
2033,1884.7131
2033,1884.7131
2033,1869.2151
2033,1869.2151
2033,1869.2151
2034,1715.0642
2034,1875.2327
2034,1580.2246
2034,1580.2246
2034,1621.0663
2034,1580.2246
2034,1621.0663
2034,1764.0798
2034,1714.8785
2035,1727.9711
2035,1745.298
2035,1726.879
2035,1885.5496
2035,1567.5461
2035,2612.5818
2036,1988.4728
2036,1968.5583
2036,1968.5583
2036,1726.692
2036,1926.5562
2036,3769.0454
2037,1914.2252
2037,2121.6982
2037,2143.161
2037,1823.4854
2037,1823.4854
2037,2851.3223
2038,2230.5837
2039,1925.9855
2039,1597.0802
2039,1939.4347
2039,1825.2871
2039,1806.3649
2039,1833.4913
2039,1833.4913
2039,1833.4913
2039,2040.0509
2040,2055.6235
2040,1702.404
2040,1989.5544
2040,1759.5542
2040,1971.2744
2040,1867.1936
2041,1899.7231
2041,1690.5978
2041,1690.5978
2041,1654.0322
2041,1690.5978
2041,1864.6217
2041,1871.6165
2041,1816.6445
2041,1816.6445
2041,1816.6445
2041,1816.6445
2041,1835.8478
2041,2042.6716
2041,1978.6849
2041,2153.761
2041,1871.6165
2041,1871.6165
2041,1851.8651
2042,1948.5458
2042,1897.4904
2042,1869.4175
2042,1917.7279
2042,1917.7279
2042,1897.4904
2042,1897.4904
2042,2102.007
2042,1856.8026
2042,2281.342
2042,2486.6284
2042,1640.463
2043,1925.1191
2043,1946.5269
2043,2178.3425
2043,2178.3425
2043,2415.988
2043,1661.3206
2044,1573.4495
2045,1804.0464
2045,1702.404
2045,1702.404
2045,2393.7908
2045,1898.7174
2045,1978.8832
2046,1834.6771
2046,1679.9446
2046,2042.6716
2046,2813.9785
2047,1642.7258
2047,1393.6615
2047,2007.1008
2047,2007.1008
2048,1924.0844
2048,1740.8213
2048,1740.8213
2048,1740.8213
2048,1740.8213
2048,1740.8213
2048,1895.4392
2048,1781.9259
537,1111.2913
537,902.08496
537,859.7609
537,859.7609
537,902.08496
537,850.6821
537,868.9365
537,868.9365
537,868.9365
537,850.6821
537,921.4411
537,856.0728
537,902.08496
537,856.0728
537,841.6991
537,868.9365
537,1099.5594
537,1099.5594
537,1111.2913
537,859.7609
537,868.9365
537,868.9365
538,936.6727
538,936.6727
538,727.6098
538,936.0675
538,845.3185
538,845.3185
538,845.3185
538,845.3185
2048,1965.3453
2048,1903.7788
2048,1722.4487
2048,1704.2708
2048,1704.2708
2048,2010.9912
2049,1798.282
2049,1705.6797
2049,1741.9462
2050,1845.948
2050,1847.1409
2050,1928.6418
2050,1928.6418
2051,1640.463
2051,1690.5978
2051,1655.0878
2051,1655.0878
2051,1655.0878
2051,1655.0878
2051,1704.2708
2052,1573.1305
2052,1752.9781
2052,1848.6678
2052,1654.0322
2052,1689.506
2052,1671.6747
2052,1654.0322
2052,1689.506
2052,1689.506
2052,1671.6747
2052,1642.7258
2052,1636.5759
2052,1779.6387
2052,1833.4913
2052,1833.4913
2052,1813.1671
2053,1627.797
2053,1848.1193
2053,1684.2648
2054,1690.5978
2054,1998.7131
2054,1726.8542
2054,1716.1587
2054,2085.1448
2054,1631.3324
2054,1933.2102
2055,1656.9034
2055,1867.369
2055,1897.848
2055,1983.7739
2055,1768.1067
2055,1696.7804
2056,1842.7495
2056,1804.8582
2056,1785.8102
2056,1760.5258
2056,1779.1106
2056,1751.8461
2056,1675.6594
2056,1708.6299
2056,1785.8102
2056,1779.1106
2057,1886.7535
2057,1766.964
2057,1873.3817
2057,1636.4081
2057,2131.2341
2057,2343.5396
2058,1621.0663
2058,1766.964
2058,1597.0802
2058,2055.2207
2058,2033.5319
2058,2046.4259
2058,2068.2522
2058,1767.297
2058,2302.7124
2058,1582.2556
2058,2939.738
2059,2289.6838
2059,1787.301
2059,1751.0573
2059,1864.9723
2059,2046.4259
2060,1890.7554
2060,1919.1484
2060,1691.6765
2060,1989.5544
2060,2027.433
2060,1862.4036
2060,1682.1036
2061,1727.0414
2061,2144.327
2061,1987.1877
2061,2166.0164
2061,1796.1426
2061,1998.4967
2061,1848.1193
2061,1687.1779
2062,1842.7495
2062,1727.0414
2062,1905.6598
2062,1746.5907
2062,2107.1838
2063,1788.625
2063,1632.3873
2063,1738.9137
2063,1676.132
2063,1927.4121
2063,1907.0714
2064,1727.9711
2064,1727.9711
2064,1729.0736
2064,1729.0736
2064,1729.0736
2064,2254.584
2064,1765.0286
2064,1861.5774
2064,2581.6768
2064,2581.6768
2065,1738.9137
2065,1833.4913
2065,1944.4106
2065,2067.1267
2065,1884.509
2066,1765.2198
2066,1765.2198
2066,2135.9854
2066,1767.297
2066,1740.8213
2066,1722.4487
2066,1740.8213
2066,1722.4487
2066,2099.3093
2066,1984.6372
2066,1984.6372
2066,1984.6372
2066,1984.6372
2066,1984.6372
2066,1984.6372
2066,1984.6372
2066,1984.6372
2066,1963.6938
2066,1984.6372
2066,1984.6372
2066,1984.6372
2066,1984.6372
2066,1984.6372
2066,1984.6372
2066,1910.5337
2066,1820.7765
2066,4157.2812
2067,1858.6373
2067,2226.492
2068,1829.9703
2068,1903.3937
2068,1885.5342
2068,1772.8209
2068,2844.0088
2068,1998.4967
2069,1850.4944
2069,2408.7417
2069,1841.3864
2070,1925.9855
2070,1887.1083
2070,1664.5077
2070,1629.5594
2070,1646.9409
2070,1664.5077
2070,1646.9409
2070,2095.9
2070,1677.97
2070,1676.7279
2070,1992.1104
2071,1701.1439
2072,1939.4347
2072,1947.7847
2072,1989.5544
2073,2045.2966
2074,1668.4746
2074,1897.4904
2074,1869.4175
2074,1889.3558
2074,1877.4662
2074,1938.1823
2074,1715.9973
2074,1958.8695
2074,1961.3868
2074,2178.138
2074,1951.5322
2074,1989.7415
2074,2088.2468
2074,2055.2207
2075,1974.8806
2075,1955.2758
2075,1946.5269
2075,1752.7882
2075,1843.752
2075,1885.5496
2075,1752.7882
2076,1779.3033
2076,1779.3033
2076,1779.3033
2076,1938.3801
2077,1621.0663
2077,1856.8026
2077,1856.8026
2078,1807.5322
2078,2119.1753
2079,1727.9711
2079,1845.948
2079,1987.1877
2079,1912.989
2079,1519.1058
2079,1885.5342
2079,1885.5342
2079,2299.758
2079,1843.9412
2079,1912.989
2079,1912.989
2079,1912.989
2079,2230.5837
2079,1941.7168
2079,1755.0409
2080,1908.2892
2080,1816.6445
2080,1816.6445
2080,3614.759
2081,1806.0245
2081,1795.1659
2081,1731.4727
2081,1971.2744
2081,1767.297
2082,1797.3041
2082,1999.7881
2082,1999.7881
2082,1726.8542
2083,1802.896
2083,1634.4854
2083,1849.6886
2083,1726.8542
2083,1717.0825
2083,1631.3324
2083,1631.3324
2083,1631.3324
2083,1960.3195
2083,1925.1301
2084,1788.625
2084,2073.9612
2084,1815.3146
2085,1903.9586
2085,1945.4684
2085,1632.2106
2085,1764.0798
2085,1608.0597
2085,1608.0597
2085,1955.2758
2085,1712.7019
2086,1707.55
2086,2458.8218
2086,1806.0245
2086,1750.5385
2086,1692.4379
2087,2100.6487
2087,1785.8102
2087,2030.0094
2087,1816.6445
2087,1615.1593
2088,1897.4904
2088,2388.9504
2088,2113.9692
2088,2113.9692
2088,2069.5886
2088,1722.4487
2088,2105.121
2088,1874.0217
2088,1842.7609
2089,1881.0785
2089,2112.603
2089,1885.5342
2089,2019.6212
2090,1850.4944
2090,1691.6765
2090,1691.6765
2090,1691.6765
2090,1691.6765
2090,1691.6765
2090,1691.6765
2090,1673.8231
2090,1663.2892
2091,1796.1426
2091,2178.3425
2092,1753.9209
2092,1925.9855
2092,1765.0286
2092,1804.8582
2092,2077.1565
2092,2055.2373
2093,1588.0424
2093,1726.8542
539,1145.4954
539,850.132
539,850.132
539,850.132
539,850.132
539,854.9733
539,854.9733
539,759.6689
539,780.325
539,797.0714
539,846.492
540,826.4968
540,879.99097
540,956.77057
540,956.77057
540,925.77234
540,904.57654
540,904.57654
540,904.57654
540,859.12415
540,859.12415
540,881.99365
540,881.99365
540,881.99365
540,969.47595
540,786.1208
540,777.81866
540,777.81866
540,786.1208
540,838.91656
2093,1726.8542
2093,1708.6299
2093,2035.642
2093,1726.8542
2093,1726.8542
2093,1808.3456
2093,1726.8542
2093,1808.8711
2093,2405.6504
2093,2155.3562
2094,1903.3937
2094,1758.4321
2094,1621.0663
2095,1923.9026
2095,1897.4904
2095,1806.3649
2095,1806.3649
2095,1806.3649
2095,1944.4227
2095,2247.3809
2095,1826.8108
2096,1760.5258
2096,1760.5258
2096,1760.5258
2096,1779.3033
2096,1798.282
2096,2327.5083
2096,2168.596
2096,1707.3651
2096,1496.6274
2096,1496.6274
2096,1789.7671
2096,1826.9825
2097,1793.8372
2098,1968.5583
2098,1968.5583
2098,1632.3873
2098,1726.8542
2098,1726.8542
2098,1726.8542
2098,1678.2861
2098,1662.395
2098,3419.2349
2099,1571.1111
2099,1679.0415
2099,1823.1166
2099,2028.5068
2100,2144.327
2100,2068.2522
2100,2055.6235
2100,1925.9855
2100,2007.2896
2100,1772.6392
2100,1905.6598
2100,2018.5231
2100,1965.3612
2100,1785.8102
2100,1596.9072
2101,1680.1265
2101,1716.1587
2101,1847.3153
2102,1845.1177
2102,1788.625
2102,1762.7632
2102,2103.3652
2102,2054.1033
2102,1749.4321
2103,1927.23
2103,2028.5068
2103,2028.5068
2103,2119.1753
2104,2288.2239
2104,1939.4347
2104,1862.6061
2104,1842.949
2104,1792.8729
2104,1787.4698
2104,1902.5494
2105,1802.896
2105,1802.896
2105,1802.896
2105,1908.4685
2105,1796.1426
2105,1791.5355
2105,2021.1162
2106,1802.896
2106,1808.3456
2106,1740.8213
2106,2022.8158
2106,1897.4904
2106,1917.7279
2106,1897.4904
2106,1977.8073
2106,1897.4904
2106,1869.4175
2106,2312.844
2106,1995.7432
2106,1777.3544
2106,1838.2072
2107,1912.989
2107,1912.989
2107,2292.626
2107,1806.0245
2107,1740.8213
2107,1740.8213
2107,1740.8213
2107,1740.8213
2107,1946.5269
2107,1946.5269
2107,1725.926
2107,1778.1543
2107,1778.1543
2107,1878.6642
2108,1863.4167
2108,3240.504
2109,1791.7296
2109,1843.9261
2109,1796.1426
2109,1905.6598
2109,1905.6598
2109,1949.0283
2110,1998.4967
2110,1655.8326
2110,1655.8326
2110,1631.3324
2110,1631.3324
2110,1631.3324
2110,1631.3324
2111,1701.3046
2111,1752.9781
2111,2148.4697
2111,1751.8461
2111,1667.3962
2111,1571.7252
2111,2230.5837
2111,1701.3046
2111,1701.3046
2111,1683.3489
2112,2089.1736
2112,1798.282
2112,1987.1877
2112,1741.9462
2112,1729.8518
2112,1803.0767
2112,2612.5818
2112,1762.5974
2113,1702.404
2113,1859.8392
2113,1724.6377
2113,1699.1208
2113,1778.1543
2114,2123.2698
2114,2094.5454
2114,1845.948
2114,1845.948
2115,1965.1484
2115,1865.6362
2115,1805.2122
2115,2031.1138
2115,1950.2877
2116,1882.2941
2116,1923.8751
2116,1856.8026
2116,2077.1565
2117,1679.055
2117,1897.4904
2117,1877.4662
2117,1874.0217
2117,1722.4487
2117,1696.9642
2117,1955.2758
2117,1955.2758
2117,1955.2758
2117,1766.964
2117,1729.8658
2117,2573.9348
2117,1936.2838
2118,1621.3711
2119,1926.3475
2119,1755.0409
2119,1755.0409
2119,2085.1448
2120,1820.9738
2120,1829.3306
2120,1829.3306
2120,1938.3801
2120,2123.07
2120,1857.6532
2121,1776.2211
2121,1842.9341
2121,2046.4259
2121,1877.4662
2121,2024.8308
2122,2060.5054
2122,1776.2211
2122,1800.5922
2122,1741.9321
2122,2178.3425
2122,1692.4379
2122,1692.4379
2123,1648.9019
2123,1530.7046
2123,2145.7124
2123,1816.6445
2123,1778.5038
2123,1816.6445
2123,2338.8008
2123,1643.6094
2124,1643.455
2124,1626.1101
2124,1967.488
2124,1966.2175
2125,2166.0164
2125,1930.938
2125,1887.1083
2125,1887.1083
2125,2091.6606
2125,2193.1409
2125,2147.0989
2125,2216.53
2125,2207.0464
2126,2012.0737
2127,1986.51
2127,2046.4259
2127,1771.6752
2128,1909.8821
2129,1841.7589
2129,1889.1774
2129,1968.5583
2129,1757.2957
2129,1729.0736
2129,1729.0736
2129,1729.0736
2129,2081.1528
2129,2304.4507
2129,2022.6257
2130,1947.7847
2130,1947.7847
2130,1888.3286
2130,1771.5087
2131,1908.2892
2131,1908.2892
2131,1925.9855
2131,1804.0464
2131,1878.8417
2131,1796.1426
2131,1729.8518
2131,2127.573
2131,1888.1501
2131,1760.5258
2131,2022.8323
2131,1968.7443
2131,2092.9963
2131,1887.1083
2132,1802.896
2132,1771.5087
2132,1846.295
2132,1610.1265
2133,1846.295
2133,2108.7747
2133,1941.7168
2133,1829.3306
2134,1968.5583
2134,2226.2815
2134,3692.2883
2135,1621.0663
2135,1846.295
2135,2121.6982
2135,2121.6982
2135,1869.7689
2136,1740.0382
2136,1765.2198
2136,1597.0802
2136,1936.269
2136,1981.0245
2137,2082.6943
2137,2021.526
2137,1869.4175
2137,1939.4347
2137,1989.5544
2137,1765.0286
2137,1987.1877
2137,1908.6478
2137,1849.6886
2137,1849.6886
2137,1877.4662
2138,1769.2349
2138,1968.5583
2138,1869.4175
2138,1726.8542
2138,1643.6094
2138,1778.1543
2138,2963.4895
2138,2013.5631
2138,1967.2871
2138,2457.499
2139,2079.294
2139,1885.5342
2139,1983.7739
2139,2054.5059
540,856.9192
540,838.91656
540,730.3419
540,725.742
540,718.0764
540,733.48895
540,733.48895
540,884.65576
540,751.71655
540,743.77734
540,743.77734
540,743.77734
540,702.98193
540,702.98193
540,702.98193
540,695.55676
540,777.81866
540,777.81866
540,769.6042
540,777.81866
540,786.1208
540,847.87
540,830.0577
540,741.3185
540,733.48895
540,733.48895
540,733.48895
540,733.48895
540,733.48895
540,733.48895
2139,1946.5269
2140,1915.4475
2140,1884.7131
2140,1884.7131
2141,1656.9034
2141,1766.964
2141,1766.964
2141,1766.964
2141,1632.3873
2141,1632.3873
2141,1632.3873
2141,1779.3033
2141,1790.5717
2141,1987.1877
2141,1876.4302
2142,1860.3903
2142,1800.5922
2142,1881.2554
2142,1881.2554
2142,1580.2246
2142,1655.8326
2142,1580.2246
2142,1580.2246
2142,1937.1274
2142,1957.7886
2142,1638.3573
2143,2102.403
2143,2747.844
2143,1831.1381
2143,1831.1381
2143,2057.8608
2144,1895.6173
2144,1812.01
2144,1950.8545
2144,1711.5958
2145,1955.2758
2145,1903.3937
2145,2064.8755
2145,2007.5078
2145,2007.5078
2145,2051.6597
2145,1814.3127
2145,1734.4781
2146,1842.7495
2146,1952.7662
2146,1826.9825
2147,1845.1177
2147,2182.5513
2147,1968.5583
2147,1597.0802
2147,1597.0802
2147,1974.8683
2147,1939.4347
2147,2213.8945
2147,1796.1426
2147,1796.1426
2147,1796.1426
2147,1744.1708
2147,1825.2871
2147,1806.3649
2147,1974.8683
2147,1825.2871
2147,2392.0398
2148,1936.0751
2148,1767.297
2148,1947.1036
2148,1686.271
2149,2046.6193
2149,2069.5886
2150,1936.269
2150,2114.7942
2150,1917.7279
2150,1857.6532
2150,1877.4662
2150,2230.5837
2151,2458.8218
2152,1965.3612
2153,1654.0322
2153,1777.3544
2153,1720.5621
2153,1720.5621
2154,1751.8461
2154,1733.3572
2154,1630.5992
2154,1883.6731
2154,1563.534
2154,1864.9723
2155,1847.489
2155,1833.69
2155,2068.2522
2155,1887.1083
2155,1759.3888
2155,1759.3888
2155,2415.988
2155,1960.3036
2155,1877.4662
2155,2289.6838
2156,1760.5258
2156,2121.8987
2156,1933.2102
2157,1877.6427
2157,1869.7689
2157,1869.7689
2158,2012.0737
2158,1804.0464
2159,1733.1943
2159,2121.6982
2159,2077.1565
2159,1873.0144
2159,1636.4081
2159,1926.3751
2159,1638.3573
2160,1693.5323
2160,1804.0464
2160,1804.0464
2160,1804.0464
2160,1671.6747
2160,1671.6747
2160,1671.6747
2160,1689.506
2160,1689.506
2160,1689.506
2160,1671.6747
2160,798.96765
2161,1837.034
2161,2090.31
2161,2046.4259
2161,2068.2522
2161,2112.603
2161,2068.2522
2161,2068.2522
2161,2181.1418
2161,2068.2522
2161,1925.312
2161,2010.7734
2161,1862.6061
2162,2103.3481
2162,1894.3923
2162,1826.9825
2162,1998.7131
2163,2047.7325
2163,2047.7325
2163,2012.4808
2163,1854.4194
2163,1705.1744
2163,1881.2554
2163,1967.2871
2163,1826.9825
2164,2100.6487
2164,1745.298
2164,2254.372
2164,1998.4967
2164,1897.848
2164,1867.369
2164,2013.3739
2164,2013.3739
2164,2230.5837
2165,2346.3103
2165,1983.5704
2165,1841.5594
2165,1814.3127
2165,1814.3127
2165,1615.1593
2166,1715.0642
2166,2026.5046
2166,1835.8478
2167,2240.1868
2167,2113.229
2167,2046.4259
2167,2008.7887
2167,1835.8478
2167,1835.8478
2167,1835.8478
2167,2046.4259
2167,2024.8308
2167,2024.8308
2167,1767.297
2167,2240.1868
2167,1877.8191
2167,2312.6267
2167,1801.5615
2167,3042.3113
2167,1848.6829
2168,1802.896
2168,1818.6373
2168,1925.1301
2168,1765.0286
2168,1765.0286
2168,1843.9261
2168,2010.7734
2169,1887.1083
2169,1931.1195
2169,1989.5544
2169,1782.7269
2169,1989.5544
2170,1844.1259
2170,1954.0289
2170,1982.3057
2170,1917.7279
2170,2131.2341
2170,1885.5342
2170,2628.5925
2171,1806.0245
2171,1806.0245
2171,2254.584
2171,2040.4636
2171,2080.0212
2171,2133.973
2171,1967.2871
2171,2472.5598
2172,2087.8235
2172,1760.8575
2173,1876.4302
2173,1649.7991
2173,2010.7734
2174,1987.3916
2174,1772.8209
2175,1773.7854
2175,1897.4904
2175,1766.17
2175,1804.0464
2175,1804.0464
2175,2095.8818
2175,2275.7039
2175,1976.3434
2176,1759.3888
2176,1759.3888
2176,1740.8213
2176,1722.4487
2176,1704.2708
2176,1759.3888
2176,1722.4487
2177,1925.9855
2177,1885.5342
2177,1785.8102
2177,2007.6965
2177,1804.0464
2177,2119.8042
2177,1835.8478
2177,1998.4967
2177,1910.5337
2177,1950.8386
2177,1791.7296
2177,1899.7231
2177,2089.1736
2177,1804.8582
2177,1923.6942
2177,1803.0767
2178,2106.465
2178,1749.5974
2178,1876.4302
2178,1692.4379
2178,1667.3962
2179,1851.6912
2179,2291.163
2180,1629.5594
2180,1808.3456
2180,1781.5901
2180,1843.9261
2181,1960.1194
2181,1931.1195
2182,1835.8478
2182,1946.7097
2183,1967.2871
2183,1783.8687
2184,2090.31
2184,1939.4347
2184,1778.1543
2184,1917.7279
2184,1897.4904
2184,1917.7279
2184,1598.1001
2184,2123.6992
2184,2101.289
2184,1897.4904
2184,2254.372
2184,1638.3573
2184,1909.5067
2184,1946.5269
2184,1946.5269
2184,1946.5269
2184,1778.1543
2184,1889.3558
2185,1862.4036
2185,1752.9781
2185,1752.9781
2185,1978.6849
2187,1631.3324
2187,1849.6886
2187,1849.6886
2188,2016.3402
2188,1715.0642
2188,2086.4922
2188,1779.3033
2188,2137.8948
2188,1895.4121
2188,2025.0221
2189,1970.2025
2189,1833.4913
2189,1989.7415
540,733.48895
540,733.48895
540,733.48895
540,741.3185
540,725.742
540,741.3185
540,725.742
540,733.48895
540,741.3185
540,718.0764
540,725.742
540,884.65576
540,875.3144
540,884.65576
540,884.65576
540,884.65576
540,1003.7698
540,903.3299
540,993.17206
540,907.2214
540,893.79156
541,879.429
541,879.429
541,958.6202
541,958.6202
541,958.6202
541,958.6202
541,958.6202
541,905.16144
541,849.58954
2189,2371.3516
2189,1987.1877
2190,2232.007
2190,1928.8231
2190,2191.7236
2190,2079.8257
2190,2046.4259
2191,2034.8468
2192,2068.2522
2192,2077.1565
2192,1714.8785
2192,1998.4967
2192,2042.6716
2192,2042.6716
2192,2021.1162
2192,1816.4738
2192,1957.8044
2192,1882.0902
2192,2202.9966
2193,1859.188
2193,1833.4913
2193,1943.1819
2193,2031.5247
2193,2144.9797
2194,2278.414
2194,1844.755
2195,1925.9855
2195,1926.3751
2195,1911.1007
2195,1672.7557
2195,2218.1843
2196,1858.8386
2196,2205.8276
2196,2112.603
2196,2090.31
2196,2068.2522
2196,2068.2522
2196,2090.31
2196,2068.2522
2196,2090.31
2196,2068.2522
2196,2068.2522
2196,1938.3801
2197,1584.2666
2197,1584.2666
2197,2623.792
2197,2078.4817
2197,1987.5907
2197,1726.8542
2197,1985.2262
2197,1857.6382
2198,1805.2122
2198,1769.2349
2198,1818.6373
2198,2136.5134
2198,2113.9692
2198,2113.9692
2198,2289.7024
2198,2069.5886
2198,1882.4719
2199,2777.1462
2199,1883.496
2199,1801.7308
2199,1802.9062
2200,1715.0642
2200,2074.6855
2200,2043.9924
2200,1740.8213
2200,3027.0283
2200,2318.573
2200,2112.603
2201,2200.1838
2201,1970.2025
2201,1939.4347
2201,1920.1925
2201,1957.7886
2201,2327.7415
2202,1715.0642
2202,1861.0259
2202,1861.0259
2202,1897.848
2202,1882.4719
2202,1902.5494
2202,2125.0552
2202,1926.3475
2202,2213.8945
2202,1717.0825
2202,1655.8326
2202,2010.7734
2202,2118.2524
2202,1902.5494
2203,1481.6278
2203,2057.3523
2203,1708.6299
2203,1726.8542
2203,1657.9742
2203,1726.8542
2203,1726.8542
2203,1726.8542
2203,1726.8542
2203,1890.372
2205,1855.6185
2205,2121.8987
2206,1794.0315
2206,1939.4347
2206,1939.4347
2206,2097.237
2206,3004.7078
2206,1949.0283
2206,1841.5594
2206,1876.4302
2206,1806.3649
2206,1806.3649
2206,1806.3649
2207,2352.3298
2207,1798.282
2207,1821.3169
2207,2213.8945
2207,1779.3033
2207,1798.282
2207,1779.3033
2207,1779.3033
2207,1760.5258
2208,1716.1733
2208,2035.642
2208,1854.4194
2208,2076.0103
2208,1826.9825
2208,1729.8658
2208,1825.2871
2209,1897.4904
2209,1897.4904
2209,2095.8818
2209,1882.2681
2209,1877.4662
2210,1779.3033
2210,2457.2341
2210,1973.9923
2210,1689.506
2210,1689.506
2210,1927.2144
2210,1789.7671
2210,1911.1007
2211,2007.2896
2211,2153.0264
2211,1842.7495
2211,2077.76
2211,1882.2681
2211,2226.492
2211,1953.3448
2211,1926.1665
2211,2108.5464
2211,2102.2046
2212,2197.5845
2212,2188.1643
2212,2003.4474
2213,1740.8213
2213,1946.5269
2214,2194.9714
2214,1734.4781
2214,1740.8213
2214,2181.1418
2214,2143.161
2214,2366.779
2215,1981.0245
2215,1918.968
2215,1741.9321
2215,2019.6212
2215,2121.6982
2215,2123.07
2215,2314.1208
2215,1960.1194
2215,2168.596
2215,1960.1194
2216,1992.1104
2216,1843.9261
2216,1810.8398
2216,1765.0286
2217,2097.01
2217,1939.7992
2218,1991.6182
2218,1845.948
2218,1632.3873
2218,1722.4487
2218,1889.3558
2218,1877.4662
2218,1843.9261
2218,1622.1008
2218,1667.3962
2218,2483.4373
2218,2046.8115
2219,1752.9781
2219,1907.4308
2220,2008.5875
2220,2586.6643
2220,1923.8751
2220,1912.989
2221,2113.9692
2221,2264.0784
2222,2123.2698
2222,1769.2349
2222,2136.715
2222,2069.783
2222,1878.8417
2222,2312.6267
2223,1815.4861
2224,1823.314
2224,2099.3093
2224,1941.7168
2224,2363.9648
2224,2055.2207
2224,2180.937
2224,1674.5764
2225,2145.7124
2225,3061.2847
2225,2031.1138
2225,1818.4395
2226,1854.6202
2226,1882.4719
2226,1894.3923
2226,2521.0
2226,2123.07
2227,2404.0972
2227,2006.022
2227,1842.7609
2227,1874.0217
2227,1874.0217
2227,1874.0217
2228,1808.3456
2228,1902.3696
2229,1780.4396
2229,2077.1565
2229,2817.312
2229,2137.8948
2230,2099.3093
2230,2112.603
2230,2068.2522
2230,2112.603
2230,2090.31
2230,2068.2522
2230,2068.2522
2230,2068.2522
2230,1923.8751
2230,1966.4023
2230,1645.7218
2231,2068.2522
2231,1843.9261
2231,1843.9261
2231,1674.5764
2232,2297.0554
2232,1751.8461
2232,1751.8461
2232,1804.8582
2232,1804.8582
2232,1804.8582
2232,2055.2207
2232,1964.2767
2233,1790.5717
2233,1752.7882
2233,1981.0245
2233,1953.3448
2234,1897.4904
2234,1849.6886
2234,1827.6329
2234,1861.4025
2234,1804.8582
2234,1696.9642
2234,1741.9321
2234,1803.0912
2234,1946.5269
2234,1749.4321
2234,1946.5269
2234,1946.5269
2234,2134.4045
2234,1861.4025
2235,2159.3
2235,2095.9
2235,2363.7417
2236,1885.9049
2236,1841.5594
2236,1816.6445
2236,1797.473
2236,1816.6445
2237,1942.2921
2237,1967.2871
2238,2145.7124
2238,1907.4308
2238,1619.2906
2238,2011.1687
2238,1949.0283
2238,2168.7998
2238,1991.2144
2239,2254.372
2239,2254.372
2239,2230.5837
2239,2230.5837
2239,2254.372
2239,2254.372
2239,2254.372
2239,2552.7856
541,849.58954
541,837.01154
541,837.01154
541,1020.1607
541,827.02454
541,1069.7803
541,1069.7803
541,703.88617
542,932.5673
542,918.16864
542,981.41626
542,942.51904
542,952.5768
542,932.5673
542,952.5768
543,884.7394
544,1000.2053
544,1090.2593
544,1114.369
544,848.7504
544,1074.1229
544,1170.8254
544,1276.226
544,887.5898
544,920.8532
544,801.6863
544,873.88434
544,864.6566
544,981.41626
544,960.8017
2239,2077.1565
2239,2090.31
2239,2090.31
2239,1862.6061
2239,2312.6267
2239,2144.327
2239,2978.7485
2240,1939.4347
2240,2149.8406
2240,1751.8461
2240,1751.8461
2240,1751.8461
2240,1778.1543
2240,1918.968
2241,1991.0282
2241,1877.6427
2241,2042.6716
2241,2207.0464
2241,2055.2207
2241,1940.8712
2241,2135.5657
2241,1832.3328
2242,2457.2341
2242,1971.4597
2242,1884.687
2242,2003.6356
2242,2264.0784
2242,2046.4259
2243,2135.3518
2243,2339.0195
2243,1740.6327
2243,2262.8281
2243,2281.7893
2244,2210.0903
2244,2606.1267
2245,2028.9172
2245,1846.295
2245,1874.0217
2245,3027.0283
2246,1530.5381
2246,1469.8992
2246,2175.5781
2246,1779.3033
2246,1850.8698
2246,2152.6208
2246,2001.0641
2246,1845.948
2246,2149.8406
2246,2003.4474
2246,2003.4474
2246,2012.0737
2247,2268.433
2247,1908.6478
2247,1908.6478
2247,1908.6478
2247,2264.0784
2248,2031.1138
2248,2194.54
2249,1931.1195
2249,2079.294
2249,1751.8461
2249,2538.3271
2250,2068.2522
2250,1655.0878
2250,2221.0222
2250,1966.4023
2250,1647.837
2250,1831.3259
2250,1992.1104
2250,2142.2268
2250,2221.0222
2250,1617.2352
2251,2041.3691
2251,1889.3558
2251,1895.4121
2251,1895.4121
2251,2085.1448
2251,1918.968
2251,2190.532
2252,1930.938
2252,2193.1409
2252,1729.8518
2253,2243.0474
2253,1849.6886
2254,1883.4844
2254,2227.9304
2254,2365.27
2255,1404.151
2255,2100.6487
2255,2100.6487
2255,1667.3962
2255,1667.3962
2256,1983.9603
2256,2145.7124
2256,1982.6782
2256,2265.523
2257,1733.0066
2257,2099.3093
2257,1873.0144
2257,1744.1708
2257,3569.7283
2258,2353.6094
2258,1716.1587
2258,2060.7166
2258,2091.6606
2258,2276.9614
2258,1692.4379
2258,1779.3033
2259,1656.9034
2259,1804.0464
2259,1884.687
2259,1939.7992
2259,1967.2871
2259,2347.8264
2260,1517.4541
2260,3143.0212
2260,1926.3475
2260,2076.0103
2260,1768.0923
2261,2102.007
2262,1928.4606
2262,2159.3
2262,2388.9504
2262,2136.5134
2262,1998.7131
2262,1947.1036
2262,1869.241
2262,1686.271
2263,2099.3093
2263,2099.3093
2263,2099.3093
2263,2099.3093
2263,2017.2476
2263,2012.452
2263,1966.4023
2263,2017.0292
2263,2017.0292
2264,2068.2522
2264,2068.2522
2264,2068.2522
2264,2068.2522
2264,2112.603
2264,2090.31
2264,1844.755
2264,1844.755
2264,2264.0784
2264,1841.585
2264,2046.4259
2264,2114.7942
2264,1769.2349
2264,3204.243
2265,1930.938
2265,1982.3057
2265,2380.247
2265,2405.6309
2265,1790.5717
2265,1965.3453
2266,2167.417
2266,1779.3033
2266,1939.4347
2266,1858.6373
2266,1844.755
2266,1844.755
2266,2105.3198
2266,1902.5494
2266,1968.5583
2266,1922.841
2267,2068.2522
2267,1867.369
2268,1748.3165
2268,1759.3888
2268,1884.687
2268,1751.8461
2268,1804.8582
2268,1696.9642
2268,1785.8102
2268,1696.9642
2268,1785.8102
2268,2090.31
2268,1733.3572
2268,1830.1686
2268,1785.8102
2268,1785.8102
2268,1992.1104
2268,2090.31
2269,1898.701
2269,1804.0464
2270,1784.8401
2270,2089.1736
2270,1751.8461
2270,1804.8582
2270,2040.6554
2270,2243.2773
2270,1790.5717
2270,1734.4781
2271,1771.5087
2271,1966.4023
2271,1950.8386
2271,1950.8386
2271,1822.3225
2271,1822.3225
2271,2168.596
2272,2007.2896
2272,1790.5717
2273,1715.0642
2273,1740.8213
2273,1800.5922
2273,2121.6982
2273,2121.6982
2273,1966.4023
2273,1937.3096
2273,1994.875
2273,2099.3093
2274,2103.7617
2274,1939.4347
2274,1939.4347
2274,2472.7922
2274,2148.4697
2274,2171.3828
2274,1841.7589
2274,1822.3225
2274,2038.97
2274,2271.3481
2274,1841.3864
2274,1575.3004
2275,1802.896
2275,1853.2368
2275,2254.372
2275,2103.3481
2275,2020.0298
2275,1804.0464
2275,1791.5355
2275,2013.5631
2275,1983.7739
2275,2142.008
2275,1989.5544
2276,1869.4175
2276,1869.4175
2276,1897.4904
2276,1897.4904
2276,2020.2196
2276,2020.2196
2276,2100.6487
2276,2100.6487
2276,1938.1823
2276,1938.1823
2276,1580.2246
2277,2283.708
2277,1799.444
2277,1838.0334
2277,1818.6373
2277,1928.4606
2277,2051.8818
2277,1849.4998
2277,1892.8014
2278,2068.2522
2278,2068.2522
2278,2244.4966
2278,2317.0945
2278,2392.0203
2278,2069.5718
2278,2031.1138
2278,2012.4808
2278,1954.2406
2278,1768.0923
2278,2265.523
2279,2007.5078
2279,2077.5469
2279,2038.0363
2279,2232.8792
2279,2338.8008
2280,1925.1191
2280,3383.1587
2281,1897.4904
2281,2099.3093
2281,1926.3475
2281,1747.5302
2282,2291.163
2282,2016.1508
2282,2037.6533
2282,1947.7847
2282,1760.5258
2282,2216.7383
2282,2268.433
2283,2001.2808
2283,2000.1926
2283,1960.1194
2283,1689.506
2283,2001.0641
2283,2144.327
2283,1925.1301
2283,1887.1083
2283,2567.3328
2285,2567.0547
2285,1917.7279
2285,1917.7279
2285,2181.1418
2285,1655.8326
2286,1709.5594
2287,1869.4175
397,745.5405
397,804.1066
399,766.87006
399,986.3742
399,854.42737
399,862.9951
399,1048.0875
400,684.81354
400,684.81354
400,866.15295
400,940.09985
401,790.0931
401,790.0931
401,894.0971
401,894.0971
401,894.0971
401,894.0971
401,856.1603
402,944.14996
402,944.14996
402,944.14996
402,866.15295
402,866.15295
402,866.15295
402,794.5929
402,794.5929
402,794.5929
402,794.5929
402,794.5929
402,853.33044
544,877.64954
544,859.21234
544,950.65717
544,873.88434
544,887.0158
544,960.8017
544,981.41626
544,950.65717
544,846.492
544,1042.8197
544,950.65717
544,868.3821
544,864.6566
544,887.0158
544,960.8017
544,950.65717
544,859.21234
544,960.8017
544,873.88434
544,887.0158
544,1009.48505
544,950.65717
544,887.0158
544,855.5262
544,960.8017
544,950.65717
544,887.0158
544,851.8562
544,887.0158
544,842.8608
2287,2188.1643
2287,1631.4763
2287,1631.4763
2287,1631.3324
2287,1631.3324
2287,1631.3324
2287,1787.4698
2287,2219.3784
2287,3172.4856
2288,1841.7589
2288,1966.6152
2288,1966.4023
2288,1887.9574
2288,2112.603
2288,2191.9473
2289,1807.1769
2289,1950.8386
2289,1950.8386
2289,2008.5875
2289,2046.4259
2290,1547.8644
2290,1564.3751
2290,1927.5933
2290,2099.3093
2290,2142.2268
2290,1890.5497
2290,1890.5497
2290,1804.0464
2290,1804.0464
2290,2197.5845
2290,1906.019
2290,1785.007
2291,1804.0464
2291,1804.0464
2291,2010.7734
2291,4196.215
2291,2523.966
2292,2125.0552
2292,1873.0144
2292,2131.2341
2292,2256.4983
2293,1897.4904
2293,1889.1774
2293,1908.6478
2293,1908.6478
2293,2210.0903
2293,2028.9172
2293,3176.5618
2294,1841.7589
2294,2390.4941
2294,2017.2476
2294,1771.6752
2294,1884.687
2294,1884.687
2294,2087.8235
2294,1778.1543
2294,1778.1543
2294,1778.1543
2294,1778.1543
2295,2207.475
2295,1885.5342
2295,1885.5342
2295,1800.5922
2295,2147.0815
2295,1827.6329
2296,1740.8213
2296,1944.4227
2296,1952.7662
2297,1584.117
2297,1925.1191
2297,2314.3394
2297,2136.5134
2297,1841.5594
2297,1998.4967
2297,1885.5342
2297,1896.265
2297,2293.324
2297,2021.1162
2298,2102.007
2298,2099.3093
2298,2099.3093
2298,1926.3475
2298,2431.305
2298,2102.403
2298,2055.2207
2298,1655.8326
2298,2038.0363
2298,2038.0363
2298,2033.5319
2298,1907.2516
2299,2312.6267
2300,1915.6549
2300,1781.5901
2300,2124.8545
2300,1771.6752
2300,1920.1925
2300,1925.312
2300,2055.2207
2300,1771.6752
2300,1898.7174
2300,1771.6752
2300,2091.6606
2300,1768.1067
2301,2398.1902
2301,1882.2681
2301,1923.8751
2302,2097.01
2302,2013.7523
2302,2190.739
2302,2008.7887
2302,2037.6533
2302,2044.1846
2302,1929.691
2303,1584.2666
2303,2419.0916
2303,1703.4904
2304,2640.1562
2304,2055.6235
2304,1841.7589
2304,1897.4904
2304,1949.5947
2304,2196.197
2304,2010.7734
2305,2330.279
2306,1621.0663
2306,1862.6061
2306,1902.5494
2306,1862.6061
2306,1922.841
2306,2168.596
2306,2352.3298
2306,2168.596
2306,1863.4167
2306,2133.973
2306,2084.04
2306,2090.31
2306,2001.0641
2307,2401.2524
2307,2294.1074
2307,2099.3093
2307,2121.6982
2307,1899.7231
2307,1903.5845
2307,2077.1565
2307,2121.6982
2307,2579.7515
2307,1967.871
2307,1981.0245
2308,2064.8755
2308,2353.6094
2308,2353.6094
2308,2169.9983
2308,2240.1685
2308,2091.6606
2308,2073.9612
2309,2080.0212
2309,2049.2493
2309,2078.4817
2309,2115.3179
2309,2058.0718
2309,2058.0718
2309,1835.8478
2310,2509.922
2310,1965.1484
2310,1897.4904
2310,2278.414
2310,2099.3093
2310,2378.9531
2310,1708.6299
2310,1938.1823
2310,2494.3994
2310,2077.1565
2310,2264.0784
2310,2099.3093
2311,2215.325
2311,2106.266
2311,1926.3751
2311,1838.0334
2311,1967.6852
2312,2011.1687
2312,1874.2247
2312,1869.4175
2312,2068.2522
2312,2068.2522
2312,2068.2522
2312,2254.372
2312,2245.9478
2312,1830.1538
2312,1938.1823
2312,2264.0784
2313,1988.6597
2313,2068.2522
2313,2145.7124
2313,1904.8145
2313,1928.8231
2313,1667.3962
2313,1817.462
2313,1817.462
2313,1817.462
2313,2046.4259
2313,2153.761
2313,2052.998
2313,2106.0513
2313,2083.8271
2314,1855.6185
2314,1952.1002
2314,2395.3386
2314,2183.7395
2314,2059.385
2315,2030.2292
2315,1790.5717
2316,1715.0642
2316,1930.938
2316,1820.9738
2316,2131.2646
2316,2003.4474
2316,2806.761
2316,2080.2168
2316,1973.8068
2317,1954.6079
2317,2059.385
2317,2059.385
2317,1981.0245
2317,2136.5134
2317,2363.7417
2317,2021.3062
2317,1965.1597
2317,2356.6528
2317,1692.4379
2318,1670.4373
2318,1652.808
2318,2144.7473
2318,2075.3013
2318,1982.3057
2318,2024.8145
2318,2152.6208
2318,1842.949
2318,2431.305
2318,2207.0464
2318,2405.6504
2318,1897.848
2318,1926.3475
2318,1973.8068
2318,2183.7395
2318,2254.372
2318,2102.403
2318,1926.3475
2318,2457.2341
2318,2431.305
2318,2003.4474
2319,2102.007
2319,2270.1133
2319,2112.603
2319,2090.31
2319,2090.31
2319,2126.198
2319,2275.7039
2319,1667.3962
2319,1667.3962
2319,1667.3962
2319,1667.3962
2319,1667.3962
2319,1667.3962
2319,2312.6267
2319,1861.0259
2319,1861.0259
2320,1842.7495
2320,1842.7495
2320,2246.159
2320,1785.9789
2320,1898.701
2320,2216.53
2321,2025.2125
2321,2069.5718
2321,2102.6309
2321,1968.9293
2321,1747.3517
2321,2038.0363
2321,2038.0363
2321,1974.8683
2321,2147.5168
2322,2168.596
2322,2200.4084
2322,2148.7024
2322,1968.9293
2322,2026.5046
2323,2121.174
2323,2074.8933
2323,3145.346
2323,1999.9761
2323,2190.739
2323,2167.6206
2324,2099.3093
2324,2181.1418
2325,2221.0222
2325,2166.0164
2325,1844.755
2326,1882.4719
2326,1968.5583
2326,1791.7296
544,855.5262
544,950.65717
544,855.5262
544,950.65717
544,855.5262
544,877.64954
544,960.8017
544,877.64954
544,877.64954
544,868.3821
544,873.88434
544,950.65717
544,950.65717
544,877.64954
544,950.65717
544,873.88434
544,855.5262
544,887.0158
544,873.88434
544,887.0158
544,950.65717
544,859.21234
544,960.8017
544,960.8017
544,877.64954
544,868.3821
544,877.64954
544,842.8608
544,851.8562
544,1020.9162
2326,2208.4546
2326,2208.4546
2326,2251.6904
2326,1817.462
2326,1801.7566
2326,2116.8838
2326,1655.8326
2326,3333.1174
2327,1871.8191
2327,1870.6104
2327,1870.6104
2327,1807.1769
2327,1780.4396
2327,2018.7417
2327,1902.5494
2327,1862.6061
2327,1922.841
2327,1882.4719
2327,1862.6061
2327,1927.23
2327,4260.0757
2328,1882.4719
2328,2124.4248
2328,2124.4248
2328,2441.753
2328,1817.462
2328,1943.1819
2328,1949.0283
2328,2059.385
2329,2353.6094
2329,2353.6094
2329,2211.5005
2329,1881.0669
2329,1831.3373
2329,1850.6958
2329,2419.0916
2329,2328.7744
2329,1962.6383
2329,2078.4817
2329,1933.6013
2329,2758.1501
2330,1889.3558
2330,1849.6886
2330,1849.6886
2330,1889.3558
2330,2026.1238
2330,1869.4175
2330,1898.701
2330,1925.3276
2331,1962.6383
2331,1971.4597
2331,2091.6606
2331,2215.5332
2331,1759.3888
2331,1759.3888
2331,1759.3888
2331,1759.3888
2331,2010.7734
2331,1989.5544
2331,2037.6533
2331,1945.6512
2332,1841.7589
2332,1882.4719
2332,2314.3394
2332,2044.5981
2332,1972.3468
2332,2144.327
2332,2144.327
2333,2380.247
2333,1598.9597
2333,2113.9692
2333,2113.9692
2333,2090.31
2333,2419.3535
2333,1843.9261
2333,2028.9172
2333,2278.414
2333,1895.4121
2333,1843.9261
2333,1826.4675
2333,1810.8398
2333,2160.695
2334,1939.4347
2334,2244.4966
2334,1843.9261
2334,2731.6218
2334,2097.01
2334,1838.0334
2335,1869.4175
2335,2099.3093
2335,2265.523
2335,1870.6104
2335,1938.1823
2335,2159.3
2335,1956.9359
2335,2241.617
2335,2082.6943
2335,1722.4487
2335,2121.6982
2336,1636.4081
2336,1730.191
2336,3788.449
2336,3138.988
2337,1791.7296
2337,1791.7296
2337,1791.7296
2337,1996.1478
2337,2288.2239
2337,1830.1538
2337,2240.1685
2337,2046.4259
2337,2579.7515
2337,2131.2646
2338,1619.2906
2338,2007.3182
2338,2037.6533
2338,2027.4165
2338,3402.4065
2338,1994.875
2339,1968.9293
2339,1968.9293
2339,1656.9034
2339,2414.935
2339,2483.4373
2339,2405.6504
2339,2114.3665
2339,2133.973
2339,3008.5686
2340,2110.5178
2340,2191.7236
2340,2012.452
2340,2055.2207
2340,2318.573
2340,1995.9318
2340,2168.596
2340,2183.9438
2340,2554.1597
2341,2265.523
2341,1834.8495
2342,2670.3262
2342,1981.0245
2342,3061.2847
2342,2121.6982
2343,2068.2522
2343,2113.9692
2343,1631.3324
2343,2112.603
2343,2168.596
2343,2145.7124
2343,1989.5544
2344,3277.1753
2344,2083.8271
2344,2521.0
2344,2136.7324
2344,2099.5066
2344,2045.2966
2345,2113.9692
2345,2193.1409
2345,1668.4746
2345,2136.5134
2345,2240.1685
2345,1981.0245
2345,2056.9353
2345,2136.5134
2345,2091.6606
2346,1591.0883
2346,2113.9692
2346,2038.7617
2346,2159.3
2346,1952.7942
2346,1841.5594
2346,1841.5594
2346,2232.007
2346,1631.4763
2346,1631.4763
2346,2232.007
2346,2232.007
2347,2307.1611
2347,2195.958
2347,1928.8231
2347,2527.447
2347,1849.6886
2347,1830.1538
2348,1930.938
2348,1902.3696
2348,2312.6267
2348,1973.6213
2348,2090.31
2348,2090.31
2348,2090.31
2348,2501.049
2348,2112.603
2349,2254.372
2349,2278.414
2350,2172.0261
2350,2080.2168
2351,2069.5718
2351,1930.0695
2351,1927.5933
2351,2067.546
2351,1751.8461
2351,1704.257
2351,1830.1686
2351,1849.6886
2351,1849.6886
2351,2069.5718
2351,2047.7325
2351,2078.4817
2351,2134.4045
2352,1743.0586
2352,1820.9738
2352,1931.1195
2352,2136.5134
2352,1938.1823
2352,1917.7279
2352,1938.1823
2352,1917.7279
2352,1981.0245
2352,2119.1753
2352,1639.8792
2352,1998.901
2352,2091.6606
2352,2255.8289
2352,2458.8218
2352,1917.7279
2352,1857.6532
2352,1917.7279
2352,2405.6504
2352,1849.6886
2352,2003.4474
2352,2370.0623
2352,1955.2758
2352,1938.1823
2352,1960.1194
2353,2037.6533
2353,1982.3057
2353,2020.2196
2353,2020.2196
2353,2020.2196
2353,2016.1508
2353,2010.0868
2354,1779.3033
2354,2090.31
2354,1857.6382
2354,1760.5258
2354,2090.31
2354,2288.2239
2354,2312.6267
2355,2133.0437
2355,2216.53
2355,2240.1685
2355,1967.2871
2355,2100.6487
2355,1881.2554
2355,2483.4373
2356,1938.5623
2356,1980.1345
2356,1980.1345
2357,2446.735
2357,1785.9789
2357,1902.1646
2357,1767.297
2357,2483.4373
2357,2552.7856
2358,2532.0918
2358,1823.1166
2358,1860.0247
2358,2240.1868
2358,2063.17
2359,1791.7296
2359,2241.617
2359,1858.8386
2359,1765.0286
2359,2023.9037
2359,2055.2207
2359,1857.6382
2359,1857.6382
2359,2280.3486
2359,2042.6716
2359,2212.7214
2360,1715.0642
2360,2208.4546
2360,2472.5598
2360,1790.5717
2360,1968.9293
2360,1968.9293
2360,2183.7395
2360,1692.4379
2360,2155.3562
2360,2498.9275
2360,1968.9293
2360,2541.5889
2360,5407.51
2361,2330.279
2361,1857.6382
2361,1950.8386
2361,2458.8018
2362,1946.5269
2362,2221.0222
2362,2197.5845
544,887.0158
544,971.0543
544,855.5262
544,950.65717
544,851.8562
544,873.88434
544,877.64954
544,868.3821
544,971.0543
544,950.65717
544,846.492
544,887.0158
544,887.0158
544,864.6566
544,873.88434
544,887.0158
544,859.21234
544,873.88434
544,877.64954
544,846.492
544,981.41626
544,864.6566
544,950.65717
544,868.3821
544,868.3821
544,950.65717
544,873.88434
544,868.3821
544,851.8562
544,960.8017
2362,2221.0222
2362,2221.0222
2362,2221.0222
2362,2221.0222
2362,2221.0222
2362,1771.6752
2362,2054.2961
2362,2097.01
2362,2097.01
2362,2300.2234
2362,1825.2871
2362,1879.879
2362,2261.6301
2363,2341.8052
2363,1931.1195
2363,1931.1195
2363,2497.5845
2363,2175.5781
2363,2258.7275
2363,1881.2554
2363,2474.1575
2363,1989.5544
2364,1939.4347
2364,2183.7395
2364,2036.1451
2364,2213.8945
2364,1798.282
2364,2028.9172
2364,3275.0593
2364,2033.5319
2364,2513.1677
2364,1865.6362
2365,1842.7495
2365,2343.299
2365,2055.8296
2365,2010.7734
2365,2010.7734
2365,2010.7734
2365,1850.8698
2366,1269.0027
2366,2001.0641
2366,2077.5598
2366,2434.4292
2366,2215.5332
2367,1986.3224
2367,1977.8073
2367,2087.1113
2367,2020.2196
2367,2264.0784
2367,2028.9172
2367,2028.9172
2367,2016.1508
2368,1910.7406
2368,1939.4347
2368,2145.7124
2368,1922.841
2368,1817.462
2368,1817.462
2368,1981.0245
2368,2698.5085
2368,4170.6274
2368,2640.4258
2368,2236.5305
2368,2208.662
2368,2363.7417
2369,1978.871
2369,1831.3373
2369,1924.0844
2369,2018.7417
2369,2244.7075
2369,2710.3809
2369,2050.363
2369,2131.2341
2369,2174.3953
2370,2113.9692
2370,2135.5535
2370,2342.0398
2370,2230.5837
2370,2191.7236
2370,1994.6704
2371,1987.5907
2371,1987.5907
2371,2422.2002
2371,1923.8751
2371,2420.6558
2371,2027.4165
2371,2081.3484
2371,2045.2966
2372,1729.8518
2372,1908.6478
2372,2307.1611
2372,2366.779
2372,2146.1157
2372,2320.7605
2372,2458.8218
2373,2068.2522
2373,2197.5845
2373,2187.9585
2373,2031.1138
2373,2312.844
2373,2337.2896
2373,1946.5269
2374,2443.3306
2374,2965.3801
2374,2457.2341
2374,2054.2961
2374,1911.9607
2375,2009.8691
2375,2145.7124
2375,2106.0513
2375,1940.6721
2375,1778.1543
2375,2028.9172
2375,1917.7279
2375,2020.0298
2375,3617.0977
2375,2081.3484
2375,2144.327
2376,2007.2896
2376,1617.0593
2376,1617.0593
2376,1630.4453
2376,2457.499
2376,2683.5156
2376,1994.8589
2376,1692.4379
2376,1927.2144
2376,1667.3962
2376,1667.3962
2376,2216.53
2376,2121.6982
2376,2121.6982
2376,4045.2036
2376,4045.2036
2376,4805.819
2376,1838.0334
2376,2678.6313
2376,2193.1409
2376,2216.53
2376,2144.327
2376,2182.7698
2377,1869.4175
2377,1858.8386
2377,1898.701
2377,2069.5718
2377,1922.6603
2378,2018.7129
2378,2013.3575
2378,2040.0509
2378,3574.3113
2379,2474.1575
2379,2124.8545
2379,2305.6714
2380,2012.452
2380,2012.452
2380,2023.9037
2381,2059.385
2381,2436.2112
2381,2159.3
2381,2344.234
2381,2136.5134
2381,2136.5134
2381,2136.5134
2381,2136.5134
2381,2359.903
2381,2335.0015
2381,2335.0015
2381,2335.0015
2382,2082.6943
2382,2068.2522
2382,1901.1412
2382,2112.603
2382,2264.0784
2383,2174.3774
2383,2341.8052
2383,2174.3774
2383,4165.276
2383,1819.7969
2383,1993.9617
2383,2124.4248
2383,1778.1543
2383,1759.3888
2384,1752.9781
2384,2142.2268
2384,2337.2896
2384,2142.2268
2384,2142.2268
2385,2380.247
2385,2024.8145
2385,1982.3057
2385,2207.0276
2385,2166.0164
2385,2183.7395
2385,2054.5188
2386,2066.2107
2386,2278.414
2386,2230.5837
2386,2254.372
2386,2613.9653
2386,2343.299
2386,2043.0858
2386,1960.1194
2386,1981.0245
2386,1917.7279
2386,2169.4436
2386,1932.17
2386,2010.7734
2386,1960.1194
2386,1981.0245
2386,1960.1194
2386,1981.0245
2386,2236.3193
2386,2372.8657
2386,2298.5396
2386,2168.596
2387,2064.8755
2387,2064.8755
2387,1922.6603
2387,2030.0094
2387,1738.9137
2387,1844.755
2387,1867.369
2387,2567.296
2387,3347.4375
2387,2030.0094
2388,2217.9622
2388,2191.7236
2388,1895.4121
2388,2264.0784
2388,1960.1194
2389,2123.9
2389,2007.5078
2389,2334.7632
2389,2057.8608
2389,2109.3694
2390,2123.9
2390,1822.3225
2390,1905.6598
2390,1751.8461
2390,1751.8461
2390,2123.07
2390,2270.3604
2391,1767.131
2391,2291.163
2391,2103.9595
2391,2081.1528
2391,1946.9094
2391,1998.7131
2392,2416.214
2392,2126.198
2392,2642.128
2393,1791.7296
2393,1858.8386
2393,2267.414
2393,2035.4216
2393,1987.5907
2393,2078.4817
2393,2194.54
2393,2078.4817
2393,1729.8518
2393,1987.5907
2393,2007.3182
2394,2007.5078
2394,1977.8073
2394,2395.3386
2394,1917.7279
2394,1938.1823
2394,1956.9359
2394,1956.9359
2394,2395.3386
2394,1849.6886
2394,1889.3558
2394,2278.414
2394,1722.4487
2394,1841.7589
2394,1861.4025
2394,1885.5496
2394,2171.3828
2394,2090.31
2394,2310.126
2394,2090.31
2394,1967.2871
2395,2241.617
2395,2241.617
2395,2036.7368
2395,1910.7406
2395,2012.452
2395,1965.3612
2396,1984.8522
2396,1952.9777
2396,1982.3057
2396,2091.6606
2396,2997.0012
2396,2254.372
2396,2914.3386
2396,2278.414
2396,4134.6006
2396,2278.414
2396,2237.9756
2397,1968.5583
544,971.0543
544,950.65717
544,960.8017
544,855.5262
544,855.5262
544,887.0158
544,864.6566
544,846.492
544,887.0158
544,887.0158
544,887.0158
544,859.21234
544,877.64954
544,950.65717
544,877.64954
544,860.9475
545,964.0781
545,964.0781
545,964.0781
545,964.0781
545,869.49835
545,916.98956
545,916.98956
545,916.98956
545,903.41486
545,867.8205
545,867.8205
545,867.8205
545,867.8205
545,867.8205
2397,2145.7124
2397,1922.841
2397,2008.7887
2398,1977.8073
2398,1841.7589
2398,1993.9617
2398,1909.5067
2398,1881.2554
2398,1881.2554
2398,1967.2871
2398,2240.1685
2398,2240.1685
2398,2144.327
2398,2191.7236
2398,2373.332
2398,1838.0334
2398,2073.7651
2398,1838.0334
2398,1857.6382
2398,1949.0283
2398,1838.0334
2398,1799.444
2398,1949.0283
2398,3103.8894
2398,1928.4606
2399,2011.1687
2399,1860.0247
2399,1993.9617
2399,2038.0363
2399,2007.5078
2399,1993.7733
2399,2335.0015
2399,2419.0916
2399,1860.0247
2400,2021.526
2400,2007.5078
2400,2221.0222
2400,2221.0222
2400,2086.7012
2400,2221.0222
2400,2221.0222
2400,2221.0222
2400,2221.0222
2400,2221.0222
2400,2221.0222
2400,2221.0222
2400,2340.752
2400,1981.0245
2400,2152.6208
2401,1745.1089
2401,1924.0844
2401,2068.2522
2401,2104.7083
2401,2193.1409
2401,2068.2522
2401,2068.2522
2401,2046.4259
2401,2046.4259
2401,2090.31
2401,2046.4259
2401,2359.903
2401,2292.626
2401,2112.603
2401,2068.2522
2401,2337.2896
2401,2090.31
2401,2046.4259
2401,2240.1685
2401,2060.522
2401,2012.452
2401,2130.1057
2401,2008.805
2401,2073.7651
2401,2012.452
2401,2202.9966
2402,2026.1238
2402,1968.9293
2402,2416.214
2403,1930.0695
2403,2068.2522
2403,2243.0474
2403,2658.5898
2404,2113.9692
2404,2160.695
2404,2099.7048
2404,2110.7334
2404,1887.9574
2404,2353.6094
2405,1841.7589
2405,1930.938
2405,2098.3782
2405,2144.327
2405,2077.1565
2405,2151.4329
2406,2138.0957
2406,2339.7136
2406,2045.2966
2406,2147.3018
2406,2115.534
2407,2302.7124
2407,2278.414
2407,2143.3613
2407,2111.6528
2407,2230.5837
2409,2068.2522
2409,2068.2522
2409,2457.2341
2409,2112.603
2409,2112.603
2409,2046.4259
2409,2241.617
2409,2038.7617
2409,1989.5544
2409,2265.523
2410,1729.8518
2410,2147.0815
2410,2112.603
2410,2168.596
2411,2225.7314
2411,1905.6598
2411,1841.7589
2413,1928.8231
2414,2134.204
2414,2135.584
2414,1938.1823
2414,2698.7854
2415,2090.31
2415,2281.342
2415,1965.3612
2415,1938.1823
2415,1977.8073
2415,1977.8073
2415,2395.3386
2415,1977.8073
2415,2112.603
2415,2446.7002
2415,2197.5845
2415,2666.861
2415,1917.7279
2415,2579.7515
2415,1889.3558
2415,1869.4175
2415,1998.901
2415,2337.2896
2415,1917.7279
2415,2139.259
2416,2113.9692
2416,2448.281
2416,2405.6309
2416,2388.9504
2416,2388.9504
2416,2159.3
2416,2786.0642
2417,1631.3324
2418,1848.3203
2418,1973.8068
2419,1989.7415
2419,1989.7415
2419,1948.3348
2419,1862.4036
2420,2110.5178
2420,2279.8875
2420,2304.2012
2420,2142.008
2420,1885.5342
2420,2227.1526
2421,2123.9
2421,2007.5078
2421,2254.372
2421,1967.2871
2421,1986.3224
2421,2137.8948
2421,2390.9434
2422,2007.5078
2422,2014.6586
2422,2055.2207
2422,2055.2207
2422,2285.9644
2422,2086.7012
2422,2254.6162
2423,2051.8818
2423,1928.4606
2423,2145.7124
2423,1969.8153
2423,1981.0245
2423,2046.4259
2423,2090.31
2423,2090.31
2423,2112.603
2423,2090.31
2423,2090.31
2423,2068.2522
2423,2337.2896
2423,2312.6267
2423,2090.31
2424,1691.6765
2425,1944.4227
2425,2140.6423
2425,1770.3639
2425,2219.3784
2425,2006.022
2426,2052.9863
2426,1831.3373
2426,1899.929
2426,2097.01
2426,2097.01
2426,1870.6104
2426,2055.8296
2426,2012.4683
2427,2113.9692
2427,2159.3
2427,2035.4216
2427,2408.968
2427,2133.0437
2428,2051.8818
2428,2000.1926
2428,2043.0858
2428,1918.968
2428,1910.7406
2428,2000.1926
2428,1849.6886
2429,1869.4175
2429,2327.5083
2429,2222.2305
2429,2245.9285
2429,2099.7048
2429,1909.5067
2429,2415.988
2430,1996.1478
2430,2696.788
2430,1923.8751
2430,1965.3453
2430,1965.3453
2431,2277.1753
2431,2289.6838
2431,2289.6838
2431,2343.299
2432,1910.7406
2432,1882.4719
2432,1922.841
2433,2037.6533
2433,2407.4126
2433,1966.4023
2434,2026.1238
2434,2031.1138
2434,2289.6838
2434,2289.6838
2435,2077.1565
2435,2441.753
2435,2028.9172
2435,2261.6118
2435,2185.1506
2436,2314.1208
2436,2113.9692
2436,2113.9692
2436,2144.327
2436,1631.3324
2437,2037.6533
2437,2188.1643
2437,2221.0222
2437,2221.0222
2437,2235.0852
2437,2474.391
2437,1783.8687
2437,2370.0623
2438,2221.2617
2438,2085.7627
2438,2397.1265
2438,3054.0505
2439,2074.8933
2440,2160.695
2440,2203.236
2440,2053.192
2440,2483.6719
2440,2207.0276
2440,2207.0276
2440,2207.0276
2440,1993.9617
2441,1924.0844
2441,1924.0844
2441,2407.1853
2441,2359.903
2441,2359.903
2441,2090.31
2441,2099.7048
2441,2151.4329
2441,2328.7744
2441,2328.7744
2441,1713.1857
2441,2304.2012
2442,2121.6982
2442,2055.6235
2442,2055.6235
2442,2059.5786
2442,2146.1157
2442,2231.017
2442,2133.973
2442,1986.1195
2442,2038.0363
2442,2038.0363
545,867.8205
545,867.8205
545,854.9733
545,854.9733
545,854.9733
545,854.9733
545,854.9733
545,808.08716
545,970.1866
545,970.1866
545,834.78436
545,1014.48096
546,1094.2478
547,936.6727
547,1066.6708
547,1050.8832
547,1145.4954
547,1230.1395
547,774.4817
547,981.41626
547,1046.6349
547,902.1698
547,796.56274
548,957.38916
548,957.38916
548,957.38916
548,1043.592
548,1043.592
548,1043.592
548,1043.592
2442,2038.0363
2443,1709.5734
2443,2218.1716
2443,1994.8589
2443,2127.3547
2443,2104.906
2443,1822.3225
2443,2104.906
2443,2383.3047
2444,2090.733
2444,2181.3782
2444,1952.9777
2444,2318.573
2444,2278.414
2444,2278.414
2444,2278.414
2444,2228.1538
2444,2166.0164
2444,2018.5347
2444,2176.1926
2444,2269.9
2444,2431.305
2444,2478.9185
2444,2049.442
2445,2068.2522
2445,2208.4546
2445,2112.603
2445,2046.4259
2445,2010.7734
2446,2143.5945
2446,2137.8948
2446,2396.867
2447,2146.1157
2447,2146.1157
2447,2080.4124
2447,2092.9963
2447,2315.5984
2447,2140.6423
2447,2422.2002
2448,2021.526
2448,1939.4347
2449,1885.5342
2450,2000.1926
2450,2021.526
2450,2043.0858
2450,2474.391
2450,2474.391
2450,1960.1194
2450,2217.3962
2450,2485.043
2450,1910.7406
2450,2168.596
2450,1951.7166
2451,2040.2719
2451,2419.0916
2451,1817.8193
2451,2157.1687
2451,2222.2305
2451,2198.78
2451,1885.5342
2451,2066.0156
2451,1903.7788
2452,2110.5178
2452,2281.342
2452,2388.9504
2452,3648.6162
2453,2007.5078
2453,2007.5078
2453,2068.2522
2453,2099.3093
2453,2144.327
2453,2317.0945
2453,2077.1565
2453,2099.3093
2453,1870.6104
2453,2112.603
2453,2197.36
2454,2082.6943
2454,1843.9261
2454,1869.2151
2454,2653.751
2455,2304.2012
2455,2044.1973
2455,2100.6487
2455,2221.0222
2456,2170.8452
2456,2170.8452
2456,2162.0747
2456,2321.5522
2456,1966.4023
2456,1914.417
2456,2055.2207
2456,2343.9946
2457,2007.3182
2457,2050.363
2457,2050.363
2457,2441.753
2458,2136.5134
2458,2191.7236
2458,1857.6382
2458,2136.5134
2458,2338.8008
2458,2069.5886
2458,2194.54
2459,1871.8191
2459,2254.372
2459,2295.5723
2459,2244.7075
2459,2211.5005
2459,1911.9607
2459,1941.7168
2459,2066.9155
2459,2302.7124
2459,2230.5837
2460,2396.6416
2460,2018.7129
2460,2018.7129
2460,1938.1823
2461,2085.7627
2461,2264.0784
2461,3080.6672
2461,3016.0027
2462,2082.6943
2462,2116.6848
2462,1952.9777
2462,1926.3475
2463,2064.8755
2463,2040.2719
2463,2307.1611
2463,2099.7048
2463,2090.31
2463,2121.6982
2464,2037.6533
2464,2099.3093
2464,3126.9194
2464,2340.293
2466,2057.8608
2466,2055.2207
2467,1928.8231
2467,2273.0305
2467,2289.6838
2467,1903.5726
2467,2074.8806
2467,2065.9858
2468,2166.4556
2468,1883.6731
2468,2431.305
2468,2070.909
2469,2101.0615
2469,2243.0474
2469,2219.3784
2469,2195.958
2469,2489.8237
2469,1881.2554
2469,2131.8667
2470,2090.31
2470,2207.0276
2470,2191.7236
2470,2046.4259
2471,1779.3033
2471,1994.6704
2472,2098.365
2473,2221.0222
2473,2221.0222
2473,2188.1643
2473,2208.4546
2473,1987.403
2473,2395.3386
2473,2188.1643
2473,2420.8833
2473,2483.4373
2473,2166.0164
2473,1856.8026
2474,2355.131
2474,1860.0247
2474,1995.9603
2474,2223.6663
2475,1740.8213
2475,2188.1643
2475,2235.0852
2475,2007.2896
2475,1909.5067
2475,1901.1412
2475,2121.6982
2475,2121.6982
2475,2554.6763
2475,2133.0437
2475,2144.327
2475,2457.2341
2476,2254.372
2476,2254.372
2476,2405.6309
2476,2380.247
2477,2294.1074
2477,2133.0437
2477,2128.7302
2478,2162.0747
2478,1938.1823
2478,1938.1823
2478,1938.1823
2479,2225.2942
2479,1994.875
2479,2355.131
2479,2225.2942
2479,2059.385
2479,2059.385
2479,2059.385
2479,2059.385
2479,2059.385
2479,2328.7744
2479,2009.8691
2479,2210.0903
2479,2037.6533
2480,1804.8582
2480,2388.9504
2480,1938.1823
2480,1938.1823
2481,2016.3402
2481,2327.5083
2481,2017.2476
2481,2254.372
2482,2007.5078
2482,2112.8318
2482,1982.3057
2482,2151.2307
2482,1863.6195
2482,1979.0692
2482,2261.6118
2482,2271.3481
2482,2007.2896
2482,1939.4347
2482,1989.5544
2484,2123.9
2484,2007.5078
2484,2107.611
2484,2222.2305
2484,2175.5781
2484,2050.557
2484,2222.2305
2484,2770.2834
2484,2015.0546
2484,1973.8068
2484,2415.988
2485,2056.5486
2485,2027.8151
2485,2101.0615
2485,2166.252
2485,2181.1418
2485,2149.8406
2485,2062.0315
2485,2157.1687
2486,3126.9194
2486,2127.1548
2487,2102.6309
2487,2017.2476
2487,2020.2196
2487,2020.2196
2487,2020.2196
2487,2095.8818
2487,1969.8153
2487,2388.9504
2487,1778.1543
2487,2159.3
2488,1982.3057
2488,2529.0967
2488,2016.1508
2489,2304.2012
2489,1765.0286
2489,2169.4436
2489,2057.8608
2489,2095.6848
2489,2513.1475
2490,2316.5022
2490,1881.2554
2491,1861.0259
2491,2010.0868
2491,2159.3
2491,2219.3784
2491,3301.519
2491,2219.3784
2491,2219.3784
2492,2082.6943
2492,2415.988
2492,2183.7395
2492,2169.4436
2492,2050.557
2492,2229.353
2492,2183.7395
2492,2090.31
2493,2247.3809
2493,2266.4082
2493,2032.6298
2493,2170.4373
2494,2194.9714
2494,2279.8875
2494,2246.159
2494,2236.5305
2494,2353.6094
2494,1949.4105
2495,2021.526
548,1043.592
548,1137.549
548,1137.549
548,1137.549
548,1137.549
548,1028.1458
548,1120.7128
548,1120.7128
548,887.5898
548,1104.1261
548,879.99097
548,884.7394
548,884.7394
548,871.6416
548,871.6416
548,1125.5403
548,943.1284
548,929.4848
548,1069.7803
548,1069.7803
549,1088.8594
549,851.77606
550,880.86096
550,880.86096
550,849.6695
550,1081.894
550,1059.171
550,920.8532
550,930.68
550,920.8532
2495,1936.0751
2495,1910.7406
2495,2448.031
2496,2211.5005
2496,2254.372
2496,2230.5837
2496,2157.1687
2496,2134.4045
2496,2017.4371
2496,2107.611
2496,2134.4045
2496,2308.6343
2496,2077.5469
2496,2446.7002
2496,2016.1508
2497,2084.0232
2497,1932.3683
2497,2317.0945
2497,2188.1643
2498,1869.4175
2498,2226.9424
2498,2651.772
2498,1965.3453
2498,2230.5837
2498,2305.69
2498,2142.008
2499,2011.1687
2499,2054.2961
2499,1778.1543
2499,2129.8884
2500,2307.1611
2500,2110.535
2501,1978.871
2501,2037.6533
2501,2146.349
2501,1885.5342
2501,2340.293
2501,2340.293
2501,2131.8667
2501,2171.3828
2502,2017.2476
2502,1632.3873
2502,2009.8691
2502,1946.9094
2503,2371.5754
2503,2278.6282
2503,2278.661
2504,2061.8376
2504,2232.007
2504,2495.722
2504,2090.31
2504,2035.4216
2505,1928.4606
2505,1818.6373
2505,2167.6206
2505,2113.9692
2505,2388.9504
2506,1567.6935
2507,2037.6533
2507,2037.6533
2507,2037.6533
2507,2221.0222
2507,2015.0382
2507,2146.1157
2507,2081.3484
2507,1986.1195
2507,2123.4692
2507,2008.599
2507,2114.3665
2508,1869.4175
2508,2511.544
2508,2429.9634
2508,2129.1306
2508,2451.1965
2509,2457.2341
2509,2012.452
2509,2012.452
2509,2071.2993
2510,1767.297
2510,2432.8572
2510,2068.6409
2510,2286.1802
2511,2304.2012
2511,1830.1538
2511,2219.8147
2511,2279.8875
2511,2191.7236
2511,2127.3547
2511,2127.3547
2511,2191.7236
2512,1791.5355
2512,2188.1643
2512,2211.5005
2512,2235.0852
2512,2211.5005
2512,2211.5005
2512,2431.305
2512,2321.5522
2512,2315.5984
2512,2272.816
2512,2500.5435
2512,2483.4373
2512,5486.2983
2513,1998.7131
2513,2178.5786
2513,2037.6533
2513,2157.1687
2513,2239.4045
2513,2123.9
2513,2146.551
2513,2420.8833
2513,1869.4175
2513,2169.4436
2513,2420.8833
2513,2123.9
2513,2146.551
2513,2178.7832
2513,2121.8987
2513,2121.8987
2513,1981.0245
2513,1981.0245
2514,2099.3093
2514,2441.753
2514,2207.0276
2514,2089.3699
2514,2120.744
2515,1939.4347
2515,2294.1074
2515,2418.0037
2515,2104.906
2515,2127.3547
2515,2242.0383
2515,2242.0383
2515,2112.603
2515,2112.603
2515,2082.6943
2515,2104.906
2515,2271.3481
2515,2081.3484
2516,2174.3953
2516,2328.7744
2516,2388.9504
2516,2258.941
2516,2304.2012
2516,2112.603
2517,1897.4904
2517,2514.7712
2517,2131.4658
2517,2245.9285
2517,2180.1921
2517,2532.604
2518,1981.0245
2518,2278.414
2518,2254.372
2518,2554.1804
2519,2469.3867
2519,2338.8008
2519,2498.9275
2519,2472.5598
2519,2157.1687
2519,2134.4045
2519,2134.4045
2519,2017.4371
2520,3004.7078
2522,2445.615
2522,1926.3475
2522,1951.7166
2522,1981.0245
2523,2407.1853
2523,1823.3026
2523,1983.5704
2523,2458.8018
2523,2638.473
2524,2071.2993
2524,2021.3062
2524,1991.4025
2524,2169.2385
2525,2511.544
2525,2132.8127
2525,1922.841
2525,1922.841
2525,1922.841
2525,2010.7734
2525,2431.305
2526,2240.1685
2526,2139.461
2526,2278.6282
2527,2037.6533
2527,2232.007
2527,2021.3062
2527,2326.0054
2527,2090.31
2527,2232.007
2527,2255.8115
2527,2232.007
2527,2315.5984
2528,2027.8151
2528,2234.8752
2528,2112.603
2528,2112.603
2528,2112.603
2528,2129.1306
2528,2129.1306
2528,2136.5134
2529,2448.031
2529,2193.553
2529,1948.3348
2530,2066.2107
2530,2099.9324
2530,2393.566
2530,2020.2196
2530,2110.5178
2530,2020.2196
2530,2062.0315
2530,2345.0347
2530,2217.3962
2530,2050.557
2530,2240.1685
2530,3057.9746
2531,2304.2012
2531,2565.396
2531,1931.1195
2532,2066.2107
2532,2270.787
2532,2062.0315
2533,2358.1575
2533,2380.471
2533,2224.2944
2534,2083.8271
2534,2146.1157
2534,2190.7693
2535,2211.5005
2535,1882.0902
2535,2268.6475
2535,2268.6475
2535,2188.1643
2535,2211.5005
2535,2211.5005
2535,2235.0852
2535,2211.5005
2536,2202.0193
2536,2081.3484
2536,2169.4436
2536,2146.551
2536,2146.551
2536,2919.6523
2536,2146.551
2536,2146.551
2536,2068.476
2536,1778.1543
2536,1909.5067
2536,2178.7832
2536,2178.7832
2536,2254.6162
2536,2312.6267
2537,2254.372
2537,2254.372
2537,2127.3547
2537,2302.7124
2537,2302.7124
2537,2302.7124
2538,2037.6533
2538,2418.0037
2538,2410.5396
2539,2037.6533
2539,2756.3916
2539,1965.3453
2539,1986.1195
2539,2568.7146
2539,3054.0505
2540,2007.5078
2540,2160.695
2540,2819.4148
2540,2570.6316
2541,2364.6665
2541,2525.5981
2542,2098.365
2542,2220.0222
2542,2584.7354
2542,2302.7124
2543,2082.6943
2543,2347.8264
2543,2372.8657
2543,2127.3547
2544,2294.7883
2544,2117.0837
2544,2819.1082
2544,2530.4556
2545,1897.4904
2545,2116.6848
2545,2247.3809
2545,1882.2681
2546,2370.0442
2546,2028.5068
2546,2431.305
2546,2201.8125
2547,2485.043
2547,2538.3271
2548,1740.8213
2548,2623.792
550,1070.4723
550,1059.171
550,940.6116
551,842.8608
551,941.22015
551,850.132
551,1004.4111
551,753.9153
551,761.9625
551,931.8767
551,922.0373
551,973.64465
552,880.55994
552,979.82153
552,1000.2053
552,936.6727
552,936.6727
552,936.6727
552,936.6727
552,936.6727
552,1090.2593
552,1021.0127
552,1021.0127
552,1021.0127
552,1021.0127
552,1021.0127
552,1021.0127
552,1021.0127
552,1021.0127
552,1021.0127
2548,2015.0382
2548,1994.8589
2548,1778.1543
2548,2024.8145
2548,2069.5718
2548,2024.8145
2549,2082.6943
2549,2208.4546
2549,2170.8452
2549,1931.1195
2549,2147.938
2549,2147.938
2549,2170.8452
2549,2193.9978
2550,2037.4618
2550,2158.5625
2550,1952.9777
2550,2294.1074
2550,2151.4329
2550,2589.9512
2550,2483.4373
2550,1952.7662
2550,2191.7236
2550,2059.385
2550,2151.4329
2550,2488.7395
2550,2405.6504
2551,1955.4875
2551,2552.5312
2551,2056.9353
2551,2056.9353
2551,1997.4215
2551,2388.9504
2551,2337.2896
2551,2112.603
2551,2176.1926
2551,2193.553
2552,2221.0222
2552,2221.0222
2552,2328.7744
2553,2092.9963
2553,2298.9727
2553,2068.2522
2553,2068.2522
2553,2113.9692
2553,2472.7922
2553,2420.8833
2553,2420.8833
2553,2107.611
2553,2166.252
2553,2242.0383
2553,2057.8608
2553,2337.2896
2553,2142.2268
2553,2062.0315
2553,2189.3545
2553,1997.4377
2553,2189.3545
2553,2212.7034
2553,2281.342
2553,2092.9963
2553,2315.5984
2553,2228.1409
2554,2457.465
2554,2322.2268
2554,2328.7744
2554,1926.3475
2554,2328.7744
2555,2114.3665
2555,2369.8203
2555,2147.0815
2556,2031.1138
2557,2143.5945
2557,1984.8522
2557,2445.615
2557,2053.192
2557,1922.841
2557,2495.722
2558,2155.7922
2558,2155.7922
2558,2497.3342
2558,2342.28
2558,1884.687
2558,2041.5736
2559,2170.8452
2559,2221.0222
2559,2051.8818
2559,2064.8755
2559,2289.6838
2559,2412.0635
2559,2727.285
2559,2698.5085
2559,1882.2681
2559,2217.3962
2559,2217.3962
2559,1951.7166
2559,2095.8818
2559,2095.8818
2559,2395.3386
2560,2080.2168
2560,2144.327
2560,2583.33
2560,2449.844
2561,2149.8406
2561,2316.5022
2562,2218.83
2562,2037.6533
2562,2051.8818
2562,2355.131
2562,2214.133
2562,2429.9634
2562,2312.6267
2562,2098.5752
2563,2457.2341
2563,2234.8752
2563,2037.6533
2563,2143.3613
2563,2498.9275
2563,2137.8948
2564,2407.1853
2564,2026.1238
2564,2396.6416
2564,2448.031
2564,2098.5752
2564,2388.9504
2564,3080.6672
2565,2111.8826
2565,2123.9
2565,2685.2275
2565,2457.2341
2565,2278.6282
2565,2200.1838
2567,1869.4175
2567,2355.131
2567,2012.452
2567,1938.1823
2567,2594.43
2567,2683.7844
2568,2306.1245
2568,2370.0442
2568,1900.286
2569,2072.6377
2569,2051.8818
2569,2230.5837
2569,2230.5837
2569,2254.372
2569,2254.372
2569,2230.5837
2569,2023.9037
2570,2304.2012
2570,2135.5657
2570,2224.2944
2570,2431.305
2571,3095.9019
2571,2294.323
2571,7104.1494
2572,2193.9978
2572,2170.8452
2572,2193.9978
2572,2147.938
2572,2193.9978
2572,2073.7651
2572,2073.7651
2572,2073.7651
2572,1951.7166
2572,2073.7651
2573,2304.2012
2573,2304.2012
2573,2304.2012
2573,2193.1409
2573,2068.2522
2573,2307.1611
2573,2112.603
2573,2312.6267
2573,2331.7668
2573,2046.4259
2573,2068.2522
2573,2112.603
2573,2235.0852
2573,2425.3115
2573,2279.8875
2573,2279.8875
2573,2268.6475
2573,2244.7075
2574,2881.414
2574,2082.6943
2574,2304.2012
2574,2291.163
2574,2413.6025
2575,2254.372
2575,2035.4216
2575,2316.5022
2575,2337.2896
2575,2337.2896
2575,2337.2896
2575,2302.7124
2575,2302.7124
2575,2273.4578
2575,1994.875
2576,2278.414
2576,2302.7124
2577,2413.8293
2577,2165.0742
2577,2231.0352
2578,1923.6942
2578,1923.6942
2578,2128.7302
2578,2355.131
2578,2174.3774
2578,2027.4165
2579,1530.5504
2579,1530.5504
2579,1978.871
2579,2163.472
2579,2651.772
2579,2620.7087
2580,2419.0916
2581,2289.6838
2581,2458.8018
2581,2342.28
2581,2289.6838
2581,2198.9878
2581,1884.687
2582,1843.9261
2582,1790.5717
2582,1904.8036
2583,2394.2761
2583,2257.269
2583,2257.269
2583,2308.6343
2583,2190.739
2583,2038.9534
2583,2069.5718
2583,2069.5718
2583,2305.6714
2583,2264.0784
2583,1973.8068
2584,1998.7131
2584,2399.7212
2584,2345.0347
2585,2192.1545
2585,2159.7244
2585,2026.1238
2585,2155.7922
2585,2142.2104
2585,2529.081
2585,1927.2144
2585,2237.747
2586,2021.526
2586,2294.1074
2586,2222.4392
2586,1965.3453
2586,1965.3453
2586,2194.54
2586,2207.0276
2586,2059.385
2586,2211.2925
2587,2105.104
2587,2105.104
2587,2105.104
2587,2027.4165
2587,2127.3547
2588,2270.1133
2588,2100.6487
2588,2263.286
2589,2483.4373
2589,2295.8066
2590,2051.8818
2590,2304.2012
2590,2113.9692
2590,2500.7783
2590,2474.391
2590,2073.3457
2590,2073.3457
2590,2095.8818
2590,2353.6094
2590,2405.6309
2591,2069.9785
2591,2134.204
2591,2188.1643
2591,2028.7266
2591,2110.5178
2591,2197.5845
2591,2197.5845
2591,2197.5845
2591,2165.0742
2592,2278.414
2592,2254.372
2592,2254.372
2592,2278.414
2592,2278.414
2593,2221.0222
2593,2221.0222
2593,2221.0222
2593,1984.8522
2593,1984.8522
2593,2420.8833
2593,2420.8833
2593,2081.3484
2593,2248.8147
552,1112.9382
552,1112.9382
552,1112.9382
552,1005.8998
552,1005.8998
552,1005.8998
552,1005.8998
552,1005.8998
552,1096.466
552,1096.466
552,1096.466
552,1096.466
552,1096.466
552,1080.2378
552,1080.2378
552,956.77057
552,956.77057
552,956.77057
552,956.77057
552,956.77057
552,776.47473
552,864.0166
552,864.0166
552,864.0166
552,982.67816
552,995.2796
552,1024.6512
552,869.49835
552,1035.5851
552,1046.6349
2593,2758.1501
2594,2203.4434
2594,2097.237
2594,2110.5178
2594,2110.5178
2594,2110.5178
2594,2250.692
2594,2340.293
2594,2315.5984
2594,1994.8589
2594,2290.3809
2594,3095.9019
2595,2300.4583
2596,5367.688
2596,2059.385
2596,2008.7887
2596,2008.7887
2596,2008.7887
2596,2554.1597
2596,2640.4258
2596,2112.603
2596,2090.31
2596,2312.6267
2596,2090.31
2596,2090.31
2596,2312.6267
2596,2373.108
2596,2178.7832
2596,2112.603
2596,2090.31
2596,2112.603
2596,2312.6267
2596,2112.603
2598,2082.6943
2598,2354.3066
2598,2035.4216
2599,2060.7166
2599,2060.7166
2599,2082.6943
2599,2131.4658
2599,2190.7693
2599,2232.007
2600,2158.5625
2600,2073.5703
2600,2055.2373
2601,2099.9324
2601,2273.4578
2602,2076.235
2602,2076.235
2602,2110.5178
2602,2110.5178
2602,2529.0967
2603,2339.7136
2604,2254.372
2604,1939.4347
2604,1939.4347
2604,2457.2341
2604,2385.0698
2604,2111.6528
2604,2271.5627
2604,1981.0245
2604,2879.5771
2605,1898.701
2606,2279.8875
2606,2304.2012
2606,2304.2012
2606,2217.3962
2606,2217.3962
2606,2179.9695
2606,2395.3386
2607,2345.0347
2607,1909.5067
2607,2408.7222
2607,2383.3047
2607,2408.7222
2607,2370.0442
2607,2370.0442
2607,2310.344
2607,2932.198
2608,1851.8651
2608,2355.131
2608,2712.132
2608,2405.6309
2608,2142.2104
2608,2204.8682
2608,2193.1409
2608,2133.0437
2608,2460.1592
2609,2206.036
2609,2392.0203
2609,2053.192
2610,2355.131
2610,2388.9504
2610,2159.3
2610,2388.9504
2610,2482.1025
2611,2130.5063
2611,2836.6912
2611,2056.9353
2611,2176.1926
2611,2133.0437
2611,2805.516
2612,2240.609
2612,2390.4941
2612,2288.654
2612,1939.7992
2612,2388.9504
2612,2353.6094
2612,2509.922
2612,2072.2314
2613,2500.7783
2613,2527.447
2613,2188.1643
2613,2337.7622
2613,2570.3533
2613,2098.5752
2613,1960.1194
2614,2010.7734
2614,2472.5598
2614,1790.5717
2614,2302.7124
2614,2302.7124
2614,2302.7124
2614,2323.0535
2615,2146.1157
2615,2146.1157
2615,2146.1157
2616,2198.78
2616,2156.9648
2616,2472.7922
2616,2271.3481
2616,2181.3782
2616,2009.8691
2616,1881.2554
2616,2118.0352
2617,2254.372
2617,2254.372
2617,2116.6848
2617,2158.3596
2617,2390.9434
2617,2302.7124
2617,2315.5984
2617,2243.0654
2617,2291.163
2617,2311.6008
2617,2340.293
2618,2382.01
2618,2355.131
2618,2552.5312
2618,2368.7546
2618,2364.6665
2618,1937.3096
2618,2441.753
2618,2607.262
2618,3523.0059
2619,2191.7236
2620,2169.4436
2620,2365.27
2621,2247.592
2622,2099.7048
2622,1951.7166
2622,2268.6475
2622,2343.299
2622,2448.031
2622,2154.1965
2622,2139.259
2622,5238.1685
2623,2267.8728
2623,2612.2988
2623,2147.0815
2623,1631.3324
2623,1631.3324
2623,2060.7166
2623,2104.906
2623,2038.97
2624,2056.5486
2624,3266.6597
2624,2243.0474
2625,2165.0742
2625,2208.8696
2626,2556.0513
2626,2195.1914
2626,2405.6309
2628,2225.085
2628,2248.8147
2628,2212.9292
2628,2457.2341
2629,1884.687
2629,2328.7744
2629,2328.7744
2629,2328.7744
2629,2328.7744
2629,2129.8884
2630,2270.1133
2630,2236.5305
2630,2474.391
2630,2474.391
2630,2500.7783
2630,2527.447
2630,2069.5718
2631,2188.1643
2631,2053.192
2631,2279.8875
2631,2383.3047
2631,2383.3047
2631,2139.259
2632,2322.2268
2632,1856.8026
2632,2304.6343
2632,2680.05
2633,2136.5134
2633,1690.5978
2633,2016.1508
2633,2037.6533
2633,2472.7922
2633,2081.3484
2633,2211.2925
2633,2472.7922
2633,2059.385
2633,2518.0027
2633,2388.9504
2633,2159.3
2633,2388.9504
2633,2388.9504
2633,2136.5134
2633,2136.5134
2634,2116.6848
2634,2148.8738
2634,2148.8738
2634,2836.6912
2635,2211.2925
2635,2298.521
2635,2192.374
2635,2112.603
2635,2112.603
2636,2115.7327
2636,2028.9172
2637,2075.1062
2637,2010.7734
2637,1922.841
2637,1922.841
2638,2291.163
2638,2642.1116
2639,2007.2896
2639,2007.2896
2639,3182.352
2640,2584.7354
2641,2143.5945
2641,2485.043
2641,2158.3596
2642,2405.6309
2642,2355.131
2642,2384.8457
2642,2638.473
2642,2461.9602
2642,2266.4082
2642,2266.4082
2642,2142.2104
2642,2207.0276
2643,2254.372
2643,2503.7554
2643,2242.0383
2644,1939.4347
2644,2090.5066
2644,2458.8018
2644,2178.7832
2644,2239.161
2644,2232.007
2644,2202.0193
2644,2597.7637
2645,1948.3348
2646,2355.131
2646,2310.344
2646,2345.0347
2646,2064.6804
2647,2082.6943
2647,2137.8948
2647,2480.52
2647,2441.753
2647,2137.8948
2647,3266.6597
2648,2281.342
2648,2211.5005
2648,2211.5005
2648,2211.5005
2648,2244.7075
2648,2244.7075
2648,2244.7075
2648,2244.7075
2648,2253.3723
2648,2078.678
2648,2050.557
2648,2425.5603
2649,2082.6943
2649,2247.3809
2649,2119.4048
2649,1981.0245
2649,2060.7166
2650,2336.2717
2650,1830.1538
552,1013.8333
552,1046.6349
552,1024.6512
552,1035.5851
552,1035.5851
552,895.0251
552,1024.6512
552,1046.6349
552,1024.6512
552,860.31683
552,1035.5851
552,1013.8333
552,904.57654
552,1013.8333
552,885.57434
552,1046.6349
552,876.22284
552,1046.6349
552,885.57434
552,1046.6349
552,885.57434
552,904.57654
552,1046.6349
552,1035.5851
552,1035.5851
552,904.57654
552,1013.8333
552,1024.6512
552,1035.5851
552,885.57434
2650,1830.1538
2650,1830.1538
2650,1830.1538
2650,1830.1538
2650,1981.0245
2651,2055.2207
2651,2193.1409
2651,2353.6094
2651,2279.8875
2652,2163.472
2652,2396.6416
2652,2511.544
2652,2102.403
2652,2086.7012
2652,2086.7012
2652,2568.6924
2654,2266.4082
2654,2069.5718
2654,2115.3179
2654,2353.6094
2654,2527.447
2655,2344.8145
2655,2193.1409
2655,2342.5
2655,2147.0815
2655,2323.7085
2655,2739.284
2655,2710.3809
2655,4805.819
2656,2011.1687
2656,2457.2341
2656,2615.6555
2656,1898.701
2656,2302.7124
2656,2302.7124
2656,2302.7124
2656,2270.54
2656,2544.8547
2657,1994.875
2657,2090.31
2657,2133.0437
2657,2446.7002
2657,4062.1753
2657,2685.4966
2657,2245.9285
2657,2245.9285
2657,2572.2559
2657,2059.385
2657,2037.6533
2657,2059.385
2657,2059.385
2657,2268.6475
2657,2244.7075
2657,2059.385
2657,2234.8752
2657,2037.6533
2657,2234.8752
2657,2278.414
2658,2080.4124
2658,2377.4158
2658,2224.0842
2659,2273.4578
2659,2725.8022
2659,2098.5752
2659,2069.5718
2659,2298.521
2660,2148.8738
2660,1667.3962
2660,1667.3962
2661,2458.8018
2661,2822.7305
2662,2068.2522
2662,2270.1133
2662,2112.603
2662,2112.603
2662,2112.603
2662,2336.2717
2663,2119.4048
2663,1984.8522
2663,2353.6094
2664,2054.2961
2664,2742.8022
2665,2638.473
2665,2112.603
2666,2318.0
2666,2599.969
2666,2380.247
2666,2200.1838
2666,2380.247
2666,2405.6309
2667,2244.4966
2667,2529.081
2667,2010.7734
2668,1854.2451
2668,2570.3533
2668,2177.1716
2668,2787.5623
2668,2010.7734
2669,2410.506
2669,2159.3
2669,2410.506
2669,2653.751
2670,2211.2925
2670,2166.252
2670,2235.0852
2670,2160.695
2670,2441.753
2670,2415.988
2670,2183.7395
2670,2160.695
2671,2285.9644
2671,2599.6875
2671,2104.906
2671,2082.6943
2671,2190.739
2671,2268.6475
2671,2268.6475
2671,2495.722
2671,2112.603
2671,2112.603
2671,2112.603
2671,2295.8066
2671,2281.342
2672,2068.2522
2672,2801.9385
2673,2160.695
2673,2420.8833
2673,2446.7002
2673,2446.7002
2673,2120.9746
2673,2727.285
2674,1897.4904
2674,3446.8328
2674,2488.2363
2674,2328.7744
2674,2055.2207
2674,2055.2207
2674,2240.1685
2675,2208.4546
2675,1923.8751
2676,2188.1643
2676,2188.1643
2676,2501.049
2676,1926.3475
2676,2268.6475
2677,2457.2341
2677,2169.226
2677,2498.9275
2677,2030.021
2677,2302.7124
2677,2828.1833
2678,2266.4082
2679,2407.1853
2679,2480.9863
2679,2278.414
2679,2056.9353
2679,2144.9622
2679,2328.9932
2680,2278.661
2680,2353.6094
2680,1954.2247
2680,2444.8894
2680,2444.8894
2680,2444.8894
2680,2368.3093
2681,2349.787
2681,2511.544
2681,2457.2341
2681,2431.305
2681,1790.5717
2681,2353.6094
2681,3014.0527
2682,2146.349
2682,2474.391
2682,2408.7222
2682,2664.8875
2682,2114.3665
2682,1977.593
2682,2080.4124
2682,2315.0251
2683,2725.8022
2683,2511.544
2683,2331.7668
2683,2495.722
2683,2715.8892
2683,2630.8242
2683,2361.4087
2683,2396.867
2683,2715.8892
2684,2257.269
2685,2304.2012
2685,2310.344
2685,2095.8818
2685,2079.8257
2686,2189.5781
2686,2457.2341
2686,2457.2341
2686,2284.4883
2686,2294.323
2686,2244.7075
2686,2260.381
2686,2294.323
2686,2318.7908
2686,1870.6104
2686,2024.8145
2686,2277.4219
2686,2436.4763
2686,2294.323
2688,2355.131
2688,2193.1409
2688,2405.6309
2688,2530.4556
2688,2419.0916
2689,2498.9275
2690,2082.6943
2690,2070.909
2690,2511.544
2690,2510.6658
2690,2053.192
2690,1969.8153
2690,2550.8818
2690,2388.9504
2690,2550.8818
2690,2565.396
2691,2475.9897
2691,2410.766
2691,2583.309
2691,2021.3062
2691,2050.557
2691,2115.3352
2691,2876.4648
2691,2594.43
2691,2179.986
2692,2177.1716
2692,2390.4941
2692,2346.3103
2692,2253.3723
2693,2307.1611
2693,2511.544
2693,2112.8318
2693,2090.5364
2693,2202.0193
2693,2472.7922
2694,2193.7905
2694,2193.553
2694,2179.9695
2694,2243.0474
2694,2294.323
2694,2565.396
2694,2104.906
2694,2104.906
2694,2606.6165
2694,2260.381
2695,2203.4434
2695,2939.738
2695,2599.6875
2695,2627.4104
2696,2099.7048
2696,2230.5837
2697,2446.7002
2697,2446.7002
2697,2270.1133
2697,2756.6506
2697,2472.7922
2697,2446.9312
2697,2472.7922
2697,2090.721
2697,2370.0623
2697,2207.0464
2697,2112.603
2698,2257.269
2698,2541.5889
2698,2102.403
2698,2514.7712
2698,3483.5845
2699,2367.259
2699,2411.8174
2699,2189.3545
2699,1938.1823
2699,2159.3
2699,2513.1475
2699,2509.922
2699,2133.0437
2699,2016.1508
2699,2406.3633
2699,5182.867
2700,2295.8066
2700,2516.3755
2700,1529.7152
2700,2501.049
2700,2554.6763
2700,2258.7275
2700,2112.603
2700,2112.603
2701,2031.3337
2701,2616.1484
2701,2381.1772
2702,2305.6714
2702,2317.0945
2703,2480.9863
552,875.0081
552,869.49835
552,1024.6512
552,1024.6512
552,1035.5851
552,904.57654
552,1024.6512
552,1024.6512
552,1046.6349
552,904.57654
552,1013.8333
552,865.7685
552,1013.8333
552,895.0251
552,1046.6349
552,876.22284
552,856.62634
552,1024.6512
552,1035.5851
552,865.7685
552,1024.6512
552,1046.6349
552,895.0251
552,1046.6349
552,1046.6349
552,904.57654
552,1046.6349
552,1024.6512
552,1046.6349
552,1046.6349
2703,2208.4546
2703,2443.3306
2703,2302.7124
2703,2278.414
2703,2432.8572
2704,2302.963
2704,2353.6094
2704,2353.6094
2704,2353.6094
2705,2731.085
2705,2295.8066
2705,2483.4373
2706,2149.8406
2706,2207.0276
2706,2664.8875
2706,2333.2734
2706,2636.768
2706,2485.5256
2706,2383.3047
2707,2495.722
2707,2386.6108
2707,2458.8018
2708,2336.4924
2708,2847.3547
2708,2106.266
2708,3525.9678
2708,2044.1973
2709,2203.4434
2709,2270.1133
2709,2190.976
2709,2182.7698
2709,2527.447
2710,2050.557
2710,2300.4583
2711,1939.4347
2711,2500.7783
2711,2500.7783
2711,2500.7783
2712,2099.7048
2712,2132.826
2712,2100.6487
2713,2497.3342
2713,2497.3342
2714,2340.752
2714,2181.3782
2715,2257.269
2715,2612.2988
2715,2367.7039
2716,2466.7178
2716,2023.9037
2716,2253.3723
2717,2135.365
2717,3419.2349
2717,2461.9602
2717,2353.6094
2717,2672.0132
2717,2178.7832
2717,2110.535
2717,3411.1553
2717,2135.365
2717,2268.6475
2717,2244.7075
2717,2090.5364
2718,2051.6597
2718,2051.6597
2718,2102.403
2718,2602.7822
2718,2594.43
2718,3113.5159
2719,2341.8052
2719,2485.043
2719,2565.396
2719,2565.396
2719,2408.7222
2719,2408.7222
2719,2146.1157
2719,2472.7922
2720,2021.3062
2720,2480.9863
2720,2239.161
2720,2362.693
2721,2260.17
2721,2260.17
2721,2534.2053
2721,1667.3962
2721,2786.0469
2721,2786.0469
2721,2448.0508
2721,2287.2078
2722,1968.9293
2722,2783.985
2723,2355.131
2723,2361.1868
2723,2530.4556
2723,2472.5598
2723,2081.3484
2723,2081.3484
2723,2081.3484
2723,2081.3484
2723,2557.703
2723,2472.5598
2723,2656.8948
2723,2271.5627
2723,2281.342
2723,2739.284
2723,3103.8894
2724,2511.544
2724,2457.2341
2724,2370.509
2724,2235.0852
2724,2334.9827
2724,2370.0442
2724,2345.0347
2724,2345.0347
2724,2370.0442
2724,2359.903
2724,2909.2913
2724,2271.5813
2724,2320.29
2724,2345.0347
2725,2347.8264
2725,2586.6274
2725,2465.1238
2726,2323.2717
2726,2457.2341
2726,2457.2341
2726,2436.2112
2726,2436.2112
2726,2385.0698
2726,1854.4194
2726,2607.262
2726,2509.922
2726,2509.922
2726,2509.922
2726,2285.7495
2726,2502.1387
2726,2300.2234
2727,2368.7546
2728,2128.7302
2728,2291.163
2728,2589.9512
2728,2161.1013
2728,2458.8018
2728,2458.8018
2728,2302.7124
2728,3146.7446
2728,2232.007
2729,2244.9517
2729,2292.626
2729,2495.722
2729,2126.398
2730,2254.372
2730,1991.4025
2730,3145.346
2730,2611.1401
2731,2229.353
2731,2405.6309
2731,2405.6309
2731,2622.098
2732,2397.092
2732,2791.9949
2732,2301.6777
2732,2594.43
2732,2667.1487
2732,2380.247
2732,2370.0442
2732,2536.963
2732,2128.7302
2733,2413.3757
2733,1909.5067
2733,1741.9321
2733,2035.4216
2734,2307.1611
2734,2457.2341
2734,2485.7793
2735,2500.7783
2735,2500.7783
2735,2304.2012
2735,2670.0356
2735,2500.7783
2735,2104.906
2735,2500.7783
2735,2815.4917
2736,2192.374
2737,2221.0222
2737,2221.0222
2737,2446.7002
2737,2446.7002
2737,2420.8833
2737,2255.8115
2737,2207.0276
2737,2207.0276
2737,2207.0276
2737,2207.0276
2737,2446.7002
2737,2374.8462
2737,3210.0867
2738,2225.2942
2738,3025.3828
2738,1981.0245
2738,2180.1921
2739,2166.252
2739,2416.9312
2739,2304.6343
2740,2497.3342
2741,2188.1643
2741,2930.604
2741,2416.9312
2741,2089.3828
2741,2131.2341
2742,2113.9692
2742,2416.9312
2742,2135.5657
2742,2183.7395
2742,2051.6597
2742,2051.6597
2743,1974.8683
2743,2363.7417
2743,2511.544
2743,2328.7744
2743,2538.3271
2743,2538.3271
2743,2328.7744
2743,2805.5388
2744,2221.0222
2744,2221.0222
2744,2221.0222
2744,2348.048
2744,2331.7668
2744,2356.6338
2744,1938.1823
2744,2281.342
2744,2214.3423
2745,2573.655
2745,2697.0415
2745,2912.457
2745,2302.7124
2745,2435.9824
2745,2021.3062
2745,3637.676
2746,2198.9878
2746,2334.9827
2747,2835.44
2748,2188.1643
2748,3192.2249
2749,2206.275
2749,2610.8787
2749,2035.4216
2749,2372.8657
2749,2245.9285
2749,2381.7852
2750,2254.796
2751,2436.2112
2751,2436.2112
2751,1981.0245
2751,2359.903
2751,2398.1707
2751,3006.649
2752,2540.207
2752,2300.4395
2752,2038.9534
2753,1977.4062
2753,2446.4702
2753,2514.7712
2753,2278.414
2753,2278.414
2753,2514.7712
2753,2254.372
2753,2254.372
2753,2254.372
2753,2278.414
2753,2448.7422
2753,2283.246
2753,2508.8293
2753,2474.8916
2753,2498.9275
2753,2653.4866
2753,2268.893
2753,2122.328
2753,2473.5261
2755,2420.8833
2755,2420.8833
2755,2833.608
2756,1870.6104
2756,1870.6104
2756,1986.1195
2756,2353.6094
2756,2491.4324
2756,2583.0664
2756,2284.4883
2756,2328.7744
2756,2136.5134
2757,2420.8833
2757,2420.8833
2757,2594.43
2757,2622.098
2757,2539.9685
2757,2457.2341
2757,2324.5356
2757,2607.262
